# Blender 5.2.1 LTS
# www.blender.org
mtllib bot.mtl
o bot
v -0.375000 0.000000 0.240000
v -0.375000 0.100000 0.340000
v -0.475000 0.100000 0.240000
v -0.375000 0.029289 0.310711
v -0.432735 0.042265 0.297735
v -0.445711 0.100000 0.310711
v -0.445711 0.029289 0.240000
v -0.375000 0.240000 0.340000
v -0.375000 0.340000 0.240000
v -0.475000 0.240000 0.240000
v -0.375000 0.310711 0.310711
v -0.432735 0.297735 0.297735
v -0.445711 0.310711 0.240000
v -0.445711 0.240000 0.310711
v -0.375000 0.000000 -0.320000
v -0.475000 0.100000 -0.320000
v -0.375000 0.100000 -0.420000
v -0.445711 0.029289 -0.320000
v -0.432735 0.042265 -0.377735
v -0.445711 0.100000 -0.390711
v -0.375000 0.029289 -0.390711
v -0.375000 0.340000 -0.320000
v -0.375000 0.240000 -0.420000
v -0.475000 0.240000 -0.320000
v -0.375000 0.310711 -0.390711
v -0.432735 0.297735 -0.377735
v -0.445711 0.240000 -0.390711
v -0.445711 0.310711 -0.320000
v 0.375000 0.000000 0.240000
v 0.475000 0.100000 0.240000
v 0.375000 0.100000 0.340000
v 0.445711 0.029289 0.240000
v 0.432735 0.042265 0.297735
v 0.445711 0.100000 0.310711
v 0.375000 0.029289 0.310711
v 0.375000 0.340000 0.240000
v 0.375000 0.240000 0.340000
v 0.475000 0.240000 0.240000
v 0.375000 0.310711 0.310711
v 0.432735 0.297735 0.297735
v 0.445711 0.240000 0.310711
v 0.445711 0.310711 0.240000
v 0.375000 0.000000 -0.320000
v 0.375000 0.100000 -0.420000
v 0.475000 0.100000 -0.320000
v 0.375000 0.029289 -0.390711
v 0.432735 0.042265 -0.377735
v 0.445711 0.100000 -0.390711
v 0.445711 0.029289 -0.320000
v 0.375000 0.340000 -0.320000
v 0.475000 0.240000 -0.320000
v 0.375000 0.240000 -0.420000
v 0.445711 0.310711 -0.320000
v 0.432735 0.297735 -0.377735
v 0.445711 0.240000 -0.390711
v 0.375000 0.310711 -0.390711
v -0.410000 0.280000 0.250000
v -0.410000 0.430000 0.400000
v -0.560000 0.430000 0.250000
v -0.410000 0.323934 0.356066
v -0.496603 0.343397 0.336603
v -0.516066 0.430000 0.356066
v -0.516066 0.323934 0.250000
v -0.410000 1.250000 0.400000
v -0.410000 1.400000 0.250000
v -0.560000 1.250000 0.250000
v -0.410000 1.356066 0.356066
v -0.496603 1.336602 0.336603
v -0.516066 1.356066 0.250000
v -0.516066 1.250000 0.356066
v -0.410000 0.280000 -0.250000
v -0.560000 0.430000 -0.250000
v -0.410000 0.430000 -0.400000
v -0.516066 0.323934 -0.250000
v -0.496603 0.343397 -0.336603
v -0.516066 0.430000 -0.356066
v -0.410000 0.323934 -0.356066
v -0.410000 1.400000 -0.250000
v -0.410000 1.250000 -0.400000
v -0.560000 1.250000 -0.250000
v -0.410000 1.356066 -0.356066
v -0.496603 1.336602 -0.336603
v -0.516066 1.250000 -0.356066
v -0.516066 1.356066 -0.250000
v 0.410000 0.280000 0.250000
v 0.560000 0.430000 0.250000
v 0.410000 0.430000 0.400000
v 0.516066 0.323934 0.250000
v 0.496603 0.343397 0.336603
v 0.516066 0.430000 0.356066
v 0.410000 0.323934 0.356066
v 0.410000 1.400000 0.250000
v 0.410000 1.250000 0.400000
v 0.560000 1.250000 0.250000
v 0.410000 1.356066 0.356066
v 0.496603 1.336602 0.336603
v 0.516066 1.250000 0.356066
v 0.516066 1.356066 0.250000
v 0.410000 0.280000 -0.250000
v 0.410000 0.430000 -0.400000
v 0.560000 0.430000 -0.250000
v 0.410000 0.323934 -0.356066
v 0.496603 0.343397 -0.336603
v 0.516066 0.430000 -0.356066
v 0.516066 0.323934 -0.250000
v 0.410000 1.400000 -0.250000
v 0.560000 1.250000 -0.250000
v 0.410000 1.250000 -0.400000
v 0.516066 1.356066 -0.250000
v 0.496603 1.336602 -0.336603
v 0.516066 1.250000 -0.356066
v 0.410000 1.356066 -0.356066
v -0.297500 0.615000 -0.414000
v -0.297500 0.647500 -0.381500
v -0.330000 0.647500 -0.414000
v -0.297500 0.624519 -0.391019
v -0.316264 0.628736 -0.395236
v -0.320481 0.647500 -0.391019
v -0.320481 0.624519 -0.414000
v -0.297500 1.172500 -0.381500
v -0.297500 1.205000 -0.414000
v -0.330000 1.172500 -0.414000
v -0.297500 1.195481 -0.391019
v -0.316264 1.191264 -0.395236
v -0.320481 1.195481 -0.414000
v -0.320481 1.172500 -0.391019
v -0.297500 0.647500 -0.446500
v -0.316264 0.628736 -0.432764
v -0.320481 0.647500 -0.436981
v -0.297500 0.624519 -0.436981
v -0.297500 1.172500 -0.446500
v -0.297500 1.195481 -0.436981
v -0.316264 1.191264 -0.432764
v -0.320481 1.172500 -0.436981
v 0.297500 0.615000 -0.414000
v 0.330000 0.647500 -0.414000
v 0.297500 0.647500 -0.381500
v 0.320481 0.624519 -0.414000
v 0.316264 0.628736 -0.395236
v 0.320481 0.647500 -0.391019
v 0.297500 0.624519 -0.391019
v 0.297500 1.205000 -0.414000
v 0.297500 1.172500 -0.381500
v 0.330000 1.172500 -0.414000
v 0.297500 1.195481 -0.391019
v 0.316264 1.191264 -0.395236
v 0.320481 1.172500 -0.391019
v 0.320481 1.195481 -0.414000
v 0.297500 0.647500 -0.446500
v 0.297500 0.624519 -0.436981
v 0.316264 0.628736 -0.432764
v 0.320481 0.647500 -0.436981
v 0.297500 1.172500 -0.446500
v 0.316264 1.191264 -0.432764
v 0.320481 1.172500 -0.436981
v 0.297500 1.195481 -0.436981
v -0.129047 0.917626 -0.457000
v -0.116673 0.930000 -0.439500
v -0.129047 0.942374 -0.457000
v -0.125423 0.921250 -0.444626
v -0.130961 0.930000 -0.446896
v -0.125423 0.938750 -0.444626
v -0.134173 0.930000 -0.457000
v 0.000000 1.046673 -0.439500
v 0.012374 1.059047 -0.457000
v -0.012374 1.059047 -0.457000
v 0.008750 1.055423 -0.444626
v 0.000000 1.060961 -0.446896
v 0.000000 1.064173 -0.457000
v -0.008750 1.055423 -0.444626
v -0.116673 0.930000 -0.474500
v -0.130961 0.930000 -0.467104
v -0.125423 0.938750 -0.469374
v -0.125423 0.921250 -0.469374
v 0.000000 1.046673 -0.474500
v 0.008750 1.055423 -0.469374
v 0.000000 1.060961 -0.467104
v -0.008750 1.055423 -0.469374
v -0.012374 0.800953 -0.457000
v 0.012374 0.800953 -0.457000
v 0.000000 0.813327 -0.439500
v 0.000000 0.795827 -0.457000
v 0.000000 0.799039 -0.446896
v 0.008750 0.804577 -0.444626
v -0.008750 0.804577 -0.444626
v 0.129047 0.942374 -0.457000
v 0.116673 0.930000 -0.439500
v 0.129047 0.917626 -0.457000
v 0.125423 0.938750 -0.444626
v 0.130961 0.930000 -0.446896
v 0.125423 0.921250 -0.444626
v 0.134173 0.930000 -0.457000
v 0.000000 0.813327 -0.474500
v -0.008750 0.804577 -0.469374
v 0.000000 0.799039 -0.467104
v 0.008750 0.804577 -0.469374
v 0.116673 0.930000 -0.474500
v 0.130961 0.930000 -0.467104
v 0.125423 0.921250 -0.469374
v 0.125423 0.938750 -0.469374
v -0.240000 0.452500 -0.406500
v -0.240000 0.462500 -0.396500
v -0.250000 0.462500 -0.406500
v -0.240000 0.455429 -0.399429
v -0.245774 0.456726 -0.400726
v -0.247071 0.462500 -0.399429
v -0.247071 0.455429 -0.406500
v -0.240000 0.497500 -0.396500
v -0.240000 0.507500 -0.406500
v -0.250000 0.497500 -0.406500
v -0.240000 0.504571 -0.399429
v -0.245774 0.503273 -0.400726
v -0.247071 0.504571 -0.406500
v -0.247071 0.497500 -0.399429
v -0.240000 0.452500 -0.421500
v -0.250000 0.462500 -0.421500
v -0.240000 0.462500 -0.431500
v -0.247071 0.455429 -0.421500
v -0.245774 0.456726 -0.427274
v -0.247071 0.462500 -0.428571
v -0.240000 0.455429 -0.428571
v -0.240000 0.507500 -0.421500
v -0.240000 0.497500 -0.431500
v -0.250000 0.497500 -0.421500
v -0.240000 0.504571 -0.428571
v -0.245774 0.503273 -0.427274
v -0.247071 0.497500 -0.428571
v -0.247071 0.504571 -0.421500
v 0.240000 0.452500 -0.406500
v 0.250000 0.462500 -0.406500
v 0.240000 0.462500 -0.396500
v 0.247071 0.455429 -0.406500
v 0.245774 0.456726 -0.400726
v 0.247071 0.462500 -0.399429
v 0.240000 0.455429 -0.399429
v 0.240000 0.507500 -0.406500
v 0.240000 0.497500 -0.396500
v 0.250000 0.497500 -0.406500
v 0.240000 0.504571 -0.399429
v 0.245774 0.503273 -0.400726
v 0.247071 0.497500 -0.399429
v 0.247071 0.504571 -0.406500
v 0.240000 0.452500 -0.421500
v 0.240000 0.462500 -0.431500
v 0.250000 0.462500 -0.421500
v 0.240000 0.455429 -0.428571
v 0.245774 0.456726 -0.427274
v 0.247071 0.462500 -0.428571
v 0.247071 0.455429 -0.421500
v 0.240000 0.507500 -0.421500
v 0.250000 0.497500 -0.421500
v 0.240000 0.497500 -0.431500
v 0.247071 0.504571 -0.421500
v 0.245774 0.503273 -0.427274
v 0.247071 0.497500 -0.428571
v 0.240000 0.504571 -0.428571
v -0.190000 1.290000 0.170000
v -0.190000 1.340000 0.220000
v -0.240000 1.340000 0.170000
v -0.190000 1.304645 0.205355
v -0.218868 1.311132 0.198868
v -0.225355 1.340000 0.205355
v -0.225355 1.304645 0.170000
v -0.190000 1.420000 0.220000
v -0.190000 1.470000 0.170000
v -0.240000 1.420000 0.170000
v -0.190000 1.455355 0.205355
v -0.218868 1.448868 0.198868
v -0.225355 1.455355 0.170000
v -0.225355 1.420000 0.205355
v -0.190000 1.290000 -0.170000
v -0.240000 1.340000 -0.170000
v -0.190000 1.340000 -0.220000
v -0.225355 1.304645 -0.170000
v -0.218868 1.311132 -0.198868
v -0.225355 1.340000 -0.205355
v -0.190000 1.304645 -0.205355
v -0.190000 1.470000 -0.170000
v -0.190000 1.420000 -0.220000
v -0.240000 1.420000 -0.170000
v -0.190000 1.455355 -0.205355
v -0.218868 1.448868 -0.198867
v -0.225355 1.420000 -0.205355
v -0.225355 1.455355 -0.170000
v 0.190000 1.290000 0.170000
v 0.240000 1.340000 0.170000
v 0.190000 1.340000 0.220000
v 0.225355 1.304645 0.170000
v 0.218868 1.311132 0.198868
v 0.225355 1.340000 0.205355
v 0.190000 1.304645 0.205355
v 0.190000 1.470000 0.170000
v 0.190000 1.420000 0.220000
v 0.240000 1.420000 0.170000
v 0.190000 1.455355 0.205355
v 0.218868 1.448868 0.198868
v 0.225355 1.420000 0.205355
v 0.225355 1.455355 0.170000
v 0.190000 1.290000 -0.170000
v 0.190000 1.340000 -0.220000
v 0.240000 1.340000 -0.170000
v 0.190000 1.304645 -0.205355
v 0.218868 1.311132 -0.198867
v 0.225355 1.340000 -0.205355
v 0.225355 1.304645 -0.170000
v 0.190000 1.470000 -0.170000
v 0.240000 1.420000 -0.170000
v 0.190000 1.420000 -0.220000
v 0.225355 1.455355 -0.170000
v 0.218868 1.448868 -0.198868
v 0.225355 1.420000 -0.205355
v 0.190000 1.455355 -0.205355
v -0.480000 1.240000 0.290000
v -0.480000 1.400000 0.450000
v -0.640000 1.400000 0.290000
v -0.480000 1.286863 0.403137
v -0.572376 1.307624 0.382376
v -0.593137 1.400000 0.403137
v -0.593137 1.286863 0.290000
v -0.480000 2.040000 0.450000
v -0.480000 2.200000 0.290000
v -0.640000 2.040000 0.290000
v -0.480000 2.153137 0.403137
v -0.572376 2.132376 0.382376
v -0.593137 2.153137 0.290000
v -0.593137 2.040000 0.403137
v -0.480000 1.240000 -0.290000
v -0.640000 1.400000 -0.290000
v -0.480000 1.400000 -0.450000
v -0.593137 1.286863 -0.290000
v -0.572376 1.307624 -0.382376
v -0.593137 1.400000 -0.403137
v -0.480000 1.286863 -0.403137
v -0.480000 2.200000 -0.290000
v -0.480000 2.040000 -0.450000
v -0.640000 2.040000 -0.290000
v -0.480000 2.153137 -0.403137
v -0.572376 2.132376 -0.382376
v -0.593137 2.040000 -0.403137
v -0.593137 2.153137 -0.290000
v 0.480000 1.240000 0.290000
v 0.640000 1.400000 0.290000
v 0.480000 1.400000 0.450000
v 0.593137 1.286863 0.290000
v 0.572376 1.307624 0.382376
v 0.593137 1.400000 0.403137
v 0.480000 1.286863 0.403137
v 0.480000 2.200000 0.290000
v 0.480000 2.040000 0.450000
v 0.640000 2.040000 0.290000
v 0.480000 2.153137 0.403137
v 0.572376 2.132376 0.382376
v 0.593137 2.040000 0.403137
v 0.593137 2.153137 0.290000
v 0.480000 1.240000 -0.290000
v 0.480000 1.400000 -0.450000
v 0.640000 1.400000 -0.290000
v 0.480000 1.286863 -0.403137
v 0.572376 1.307624 -0.382376
v 0.593137 1.400000 -0.403137
v 0.593137 1.286863 -0.290000
v 0.480000 2.200000 -0.290000
v 0.640000 2.040000 -0.290000
v 0.480000 2.040000 -0.450000
v 0.593137 2.153137 -0.290000
v 0.572376 2.132376 -0.382376
v 0.593137 2.040000 -0.403137
v 0.480000 2.153137 -0.403137
v -0.447500 1.515000 -0.452000
v -0.447500 1.547500 -0.419500
v -0.480000 1.547500 -0.452000
v -0.447500 1.524519 -0.429019
v -0.466264 1.528736 -0.433236
v -0.470481 1.547500 -0.429019
v -0.470481 1.524519 -0.452000
v -0.447500 1.912500 -0.419500
v -0.447500 1.945000 -0.452000
v -0.480000 1.912500 -0.452000
v -0.447500 1.935481 -0.429019
v -0.466264 1.931264 -0.433236
v -0.470481 1.935481 -0.452000
v -0.470481 1.912500 -0.429019
v -0.447500 1.547500 -0.484500
v -0.466264 1.528736 -0.470764
v -0.470481 1.547500 -0.474981
v -0.447500 1.524519 -0.474981
v -0.447500 1.912500 -0.484500
v -0.447500 1.935481 -0.474981
v -0.466264 1.931264 -0.470764
v -0.470481 1.912500 -0.474981
v 0.447500 1.515000 -0.452000
v 0.480000 1.547500 -0.452000
v 0.447500 1.547500 -0.419500
v 0.470481 1.524519 -0.452000
v 0.466264 1.528736 -0.433236
v 0.470481 1.547500 -0.429019
v 0.447500 1.524519 -0.429019
v 0.447500 1.945000 -0.452000
v 0.447500 1.912500 -0.419500
v 0.480000 1.912500 -0.452000
v 0.447500 1.935481 -0.429019
v 0.466264 1.931264 -0.433236
v 0.470481 1.912500 -0.429019
v 0.470481 1.935481 -0.452000
v 0.447500 1.547500 -0.484500
v 0.447500 1.524519 -0.474981
v 0.466264 1.528736 -0.470764
v 0.470481 1.547500 -0.474981
v 0.447500 1.912500 -0.484500
v 0.466264 1.931264 -0.470764
v 0.470481 1.912500 -0.474981
v 0.447500 1.935481 -0.474981
v -0.292500 1.670000 -0.492000
v -0.292500 1.687500 -0.474500
v -0.310000 1.687500 -0.492000
v -0.292500 1.675126 -0.479626
v -0.302604 1.677396 -0.481896
v -0.304874 1.687500 -0.479626
v -0.304874 1.675126 -0.492000
v -0.292500 1.852500 -0.474500
v -0.292500 1.870000 -0.492000
v -0.310000 1.852500 -0.492000
v -0.292500 1.864874 -0.479626
v -0.302604 1.862604 -0.481896
v -0.304874 1.864874 -0.492000
v -0.304874 1.852500 -0.479626
v -0.292500 1.687500 -0.509500
v -0.302604 1.677396 -0.502104
v -0.304874 1.687500 -0.504374
v -0.292500 1.675126 -0.504374
v -0.292500 1.852500 -0.509500
v -0.292500 1.864874 -0.504374
v -0.302604 1.862604 -0.502104
v -0.304874 1.852500 -0.504374
v -0.187500 1.670000 -0.492000
v -0.170000 1.687500 -0.492000
v -0.187500 1.687500 -0.474500
v -0.175126 1.675126 -0.492000
v -0.177396 1.677396 -0.481896
v -0.175126 1.687500 -0.479626
v -0.187500 1.675126 -0.479626
v -0.187500 1.870000 -0.492000
v -0.187500 1.852500 -0.474500
v -0.170000 1.852500 -0.492000
v -0.187500 1.864874 -0.479626
v -0.177396 1.862604 -0.481896
v -0.175126 1.852500 -0.479626
v -0.175126 1.864874 -0.492000
v -0.187500 1.687500 -0.509500
v -0.187500 1.675126 -0.504374
v -0.177396 1.677396 -0.502104
v -0.175126 1.687500 -0.504374
v -0.187500 1.852500 -0.509500
v -0.177396 1.862604 -0.502104
v -0.175126 1.852500 -0.504374
v -0.187500 1.864874 -0.504374
v 0.187500 1.670000 -0.492000
v 0.187500 1.687500 -0.474500
v 0.170000 1.687500 -0.492000
v 0.187500 1.675126 -0.479626
v 0.177396 1.677396 -0.481896
v 0.175126 1.687500 -0.479626
v 0.175126 1.675126 -0.492000
v 0.187500 1.852500 -0.474500
v 0.187500 1.870000 -0.492000
v 0.170000 1.852500 -0.492000
v 0.187500 1.864874 -0.479626
v 0.177396 1.862604 -0.481896
v 0.175126 1.864874 -0.492000
v 0.175126 1.852500 -0.479626
v 0.187500 1.687500 -0.509500
v 0.177396 1.677396 -0.502104
v 0.175126 1.687500 -0.504374
v 0.187500 1.675126 -0.504374
v 0.187500 1.852500 -0.509500
v 0.187500 1.864874 -0.504374
v 0.177396 1.862604 -0.502104
v 0.175126 1.852500 -0.504374
v 0.292500 1.670000 -0.492000
v 0.310000 1.687500 -0.492000
v 0.292500 1.687500 -0.474500
v 0.304874 1.675126 -0.492000
v 0.302604 1.677396 -0.481896
v 0.304874 1.687500 -0.479626
v 0.292500 1.675126 -0.479626
v 0.292500 1.870000 -0.492000
v 0.292500 1.852500 -0.474500
v 0.310000 1.852500 -0.492000
v 0.292500 1.864874 -0.479626
v 0.302604 1.862604 -0.481896
v 0.304874 1.852500 -0.479626
v 0.304874 1.864874 -0.492000
v 0.292500 1.687500 -0.509500
v 0.292500 1.675126 -0.504374
v 0.302604 1.677396 -0.502104
v 0.304874 1.687500 -0.504374
v 0.292500 1.852500 -0.509500
v 0.302604 1.862604 -0.502104
v 0.304874 1.852500 -0.504374
v 0.292500 1.864874 -0.504374
v -0.195000 1.370000 -0.405000
v -0.195000 1.395000 -0.380000
v -0.220000 1.395000 -0.405000
v -0.195000 1.377322 -0.387322
v -0.209434 1.380566 -0.390566
v -0.212678 1.395000 -0.387322
v -0.212678 1.377322 -0.405000
v -0.195000 1.425000 -0.380000
v -0.195000 1.450000 -0.405000
v -0.220000 1.425000 -0.405000
v -0.195000 1.442678 -0.387322
v -0.209434 1.439434 -0.390566
v -0.212678 1.442678 -0.405000
v -0.212678 1.425000 -0.387322
v -0.195000 1.370000 -0.435000
v -0.220000 1.395000 -0.435000
v -0.195000 1.395000 -0.460000
v -0.212678 1.377322 -0.435000
v -0.209434 1.380566 -0.449434
v -0.212678 1.395000 -0.452678
v -0.195000 1.377322 -0.452678
v -0.195000 1.450000 -0.435000
v -0.195000 1.425000 -0.460000
v -0.220000 1.425000 -0.435000
v -0.195000 1.442678 -0.452678
v -0.209434 1.439434 -0.449434
v -0.212678 1.425000 -0.452678
v -0.212678 1.442678 -0.435000
v 0.195000 1.370000 -0.405000
v 0.220000 1.395000 -0.405000
v 0.195000 1.395000 -0.380000
v 0.212678 1.377322 -0.405000
v 0.209434 1.380566 -0.390566
v 0.212678 1.395000 -0.387322
v 0.195000 1.377322 -0.387322
v 0.195000 1.450000 -0.405000
v 0.195000 1.425000 -0.380000
v 0.220000 1.425000 -0.405000
v 0.195000 1.442678 -0.387322
v 0.209434 1.439434 -0.390566
v 0.212678 1.425000 -0.387322
v 0.212678 1.442678 -0.405000
v 0.195000 1.370000 -0.435000
v 0.195000 1.395000 -0.460000
v 0.220000 1.395000 -0.435000
v 0.195000 1.377322 -0.452678
v 0.209434 1.380566 -0.449434
v 0.212678 1.395000 -0.452678
v 0.212678 1.377322 -0.435000
v 0.195000 1.450000 -0.435000
v 0.220000 1.425000 -0.435000
v 0.195000 1.425000 -0.460000
v 0.212678 1.442678 -0.435000
v 0.209434 1.439434 -0.449434
v 0.212678 1.425000 -0.452678
v 0.195000 1.442678 -0.452678
v -0.800000 0.920000 0.150000
v -0.800000 1.020000 0.250000
v -0.900000 1.020000 0.150000
v -0.800000 0.949289 0.220711
v -0.857735 0.962265 0.207735
v -0.870711 1.020000 0.220711
v -0.870711 0.949289 0.150000
v -0.800000 1.220000 0.250000
v -0.800000 1.320000 0.150000
v -0.900000 1.220000 0.150000
v -0.800000 1.290711 0.220711
v -0.857735 1.277735 0.207735
v -0.870711 1.290711 0.150000
v -0.870711 1.220000 0.220711
v -0.800000 0.920000 -0.150000
v -0.900000 1.020000 -0.150000
v -0.800000 1.020000 -0.250000
v -0.870711 0.949289 -0.150000
v -0.857735 0.962265 -0.207735
v -0.870711 1.020000 -0.220711
v -0.800000 0.949289 -0.220711
v -0.800000 1.320000 -0.150000
v -0.800000 1.220000 -0.250000
v -0.900000 1.220000 -0.150000
v -0.800000 1.290711 -0.220711
v -0.857735 1.277735 -0.207735
v -0.870711 1.220000 -0.220711
v -0.870711 1.290711 -0.150000
v -0.600000 0.920000 0.150000
v -0.500000 1.020000 0.150000
v -0.600000 1.020000 0.250000
v -0.529289 0.949289 0.150000
v -0.542265 0.962265 0.207735
v -0.529289 1.020000 0.220711
v -0.600000 0.949289 0.220711
v -0.600000 1.320000 0.150000
v -0.600000 1.220000 0.250000
v -0.500000 1.220000 0.150000
v -0.600000 1.290711 0.220711
v -0.542265 1.277735 0.207735
v -0.529289 1.220000 0.220711
v -0.529289 1.290711 0.150000
v -0.600000 0.920000 -0.150000
v -0.600000 1.020000 -0.250000
v -0.500000 1.020000 -0.150000
v -0.600000 0.949289 -0.220711
v -0.542265 0.962265 -0.207735
v -0.529289 1.020000 -0.220711
v -0.529289 0.949289 -0.150000
v -0.600000 1.320000 -0.150000
v -0.500000 1.220000 -0.150000
v -0.600000 1.220000 -0.250000
v -0.529289 1.290711 -0.150000
v -0.542265 1.277735 -0.207735
v -0.529289 1.220000 -0.220711
v -0.600000 1.290711 -0.220711
v -0.780000 0.470000 0.060000
v -0.780000 0.540000 0.130000
v -0.850000 0.540000 0.060000
v -0.780000 0.490502 0.109497
v -0.820414 0.499585 0.100415
v -0.829497 0.540000 0.109497
v -0.829497 0.490502 0.060000
v -0.780000 0.980000 0.130000
v -0.780000 1.050000 0.060000
v -0.850000 0.980000 0.060000
v -0.780000 1.029497 0.109497
v -0.820414 1.020414 0.100415
v -0.829497 1.029497 0.060000
v -0.829497 0.980000 0.109497
v -0.780000 0.470000 -0.100000
v -0.850000 0.540000 -0.100000
v -0.780000 0.540000 -0.170000
v -0.829497 0.490502 -0.100000
v -0.820414 0.499585 -0.140415
v -0.829497 0.540000 -0.149497
v -0.780000 0.490502 -0.149497
v -0.780000 1.050000 -0.100000
v -0.780000 0.980000 -0.170000
v -0.850000 0.980000 -0.100000
v -0.780000 1.029497 -0.149498
v -0.820414 1.020414 -0.140415
v -0.829497 0.980000 -0.149498
v -0.829497 1.029497 -0.100000
v -0.640000 0.470000 0.060000
v -0.570000 0.540000 0.060000
v -0.640000 0.540000 0.130000
v -0.590503 0.490502 0.060000
v -0.599585 0.499585 0.100415
v -0.590503 0.540000 0.109497
v -0.640000 0.490502 0.109497
v -0.640000 1.050000 0.060000
v -0.640000 0.980000 0.130000
v -0.570000 0.980000 0.060000
v -0.640000 1.029497 0.109497
v -0.599585 1.020414 0.100415
v -0.590503 0.980000 0.109497
v -0.590503 1.029497 0.060000
v -0.640000 0.470000 -0.100000
v -0.640000 0.540000 -0.170000
v -0.570000 0.540000 -0.100000
v -0.640000 0.490502 -0.149498
v -0.599585 0.499585 -0.140415
v -0.590503 0.540000 -0.149498
v -0.590503 0.490502 -0.100000
v -0.640000 1.050000 -0.100000
v -0.570000 0.980000 -0.100000
v -0.640000 0.980000 -0.170000
v -0.590503 1.029497 -0.100000
v -0.599585 1.020414 -0.140415
v -0.590503 0.980000 -0.149497
v -0.640000 1.029497 -0.149497
v -0.710000 0.270000 -0.100000
v -0.579752 0.369501 -0.005370
v -0.759749 0.369501 0.053115
v -0.870996 0.369501 -0.100000
v -0.759749 0.369501 -0.253115
v -0.579752 0.369501 -0.194630
v -0.660251 0.530499 0.053115
v -0.840248 0.530499 -0.005370
v -0.840248 0.530499 -0.194630
v -0.660251 0.530499 -0.253115
v -0.549003 0.530499 -0.100000
v -0.710000 0.630000 -0.100000
v -0.735000 0.260000 -0.240000
v -0.735000 0.350000 -0.150000
v -0.825000 0.350000 -0.240000
v -0.735000 0.286360 -0.176360
v -0.786962 0.298038 -0.188038
v -0.798640 0.350000 -0.176360
v -0.798640 0.286360 -0.240000
v -0.735000 0.490000 -0.150000
v -0.735000 0.580000 -0.240000
v -0.825000 0.490000 -0.240000
v -0.735000 0.553640 -0.176360
v -0.786962 0.541961 -0.188038
v -0.798640 0.553640 -0.240000
v -0.798640 0.490000 -0.176360
v -0.735000 0.260000 -0.760000
v -0.825000 0.350000 -0.760000
v -0.735000 0.350000 -0.850000
v -0.798640 0.286360 -0.760000
v -0.786962 0.298038 -0.811962
v -0.798640 0.350000 -0.823640
v -0.735000 0.286360 -0.823640
v -0.735000 0.580000 -0.760000
v -0.735000 0.490000 -0.850000
v -0.825000 0.490000 -0.760000
v -0.735000 0.553640 -0.823640
v -0.786962 0.541961 -0.811962
v -0.798640 0.490000 -0.823640
v -0.798640 0.553640 -0.760000
v -0.585000 0.260000 -0.240000
v -0.495000 0.350000 -0.240000
v -0.585000 0.350000 -0.150000
v -0.521360 0.286360 -0.240000
v -0.533038 0.298038 -0.188038
v -0.521360 0.350000 -0.176360
v -0.585000 0.286360 -0.176360
v -0.585000 0.580000 -0.240000
v -0.585000 0.490000 -0.150000
v -0.495000 0.490000 -0.240000
v -0.585000 0.553640 -0.176360
v -0.533038 0.541961 -0.188038
v -0.521360 0.490000 -0.176360
v -0.521360 0.553640 -0.240000
v -0.585000 0.260000 -0.760000
v -0.585000 0.350000 -0.850000
v -0.495000 0.350000 -0.760000
v -0.585000 0.286360 -0.823640
v -0.533038 0.298038 -0.811962
v -0.521360 0.350000 -0.823640
v -0.521360 0.286360 -0.760000
v -0.585000 0.580000 -0.760000
v -0.495000 0.490000 -0.760000
v -0.585000 0.490000 -0.850000
v -0.521360 0.553640 -0.760000
v -0.533038 0.541961 -0.811962
v -0.521360 0.490000 -0.823640
v -0.585000 0.553640 -0.823640
v -0.710000 0.280000 -0.840000
v -0.710000 0.350000 -0.770000
v -0.780000 0.350000 -0.840000
v -0.710000 0.300503 -0.790503
v -0.750415 0.309585 -0.799586
v -0.759498 0.350000 -0.790503
v -0.759498 0.300503 -0.840000
v -0.710000 0.450000 -0.770000
v -0.710000 0.520000 -0.840000
v -0.780000 0.450000 -0.840000
v -0.710000 0.499497 -0.790503
v -0.750415 0.490415 -0.799586
v -0.759498 0.499497 -0.840000
v -0.759498 0.450000 -0.790503
v -0.710000 0.280000 -0.980000
v -0.780000 0.350000 -0.980000
v -0.710000 0.350000 -1.050000
v -0.759498 0.300503 -0.980000
v -0.750415 0.309586 -1.020414
v -0.759498 0.350000 -1.029498
v -0.710000 0.300503 -1.029498
v -0.710000 0.520000 -0.980000
v -0.710000 0.450000 -1.050000
v -0.780000 0.450000 -0.980000
v -0.710000 0.499497 -1.029498
v -0.750415 0.490415 -1.020414
v -0.759498 0.450000 -1.029498
v -0.759498 0.499497 -0.980000
v -0.510000 0.280000 -0.840000
v -0.440000 0.350000 -0.840000
v -0.510000 0.350000 -0.770000
v -0.460503 0.300503 -0.840000
v -0.469585 0.309586 -0.799586
v -0.460503 0.350000 -0.790503
v -0.510000 0.300503 -0.790503
v -0.510000 0.520000 -0.840000
v -0.510000 0.450000 -0.770000
v -0.440000 0.450000 -0.840000
v -0.510000 0.499497 -0.790503
v -0.469585 0.490415 -0.799586
v -0.460503 0.450000 -0.790503
v -0.460503 0.499497 -0.840000
v -0.510000 0.280000 -0.980000
v -0.510000 0.350000 -1.050000
v -0.440000 0.350000 -0.980000
v -0.510000 0.300503 -1.029498
v -0.469585 0.309585 -1.020414
v -0.460503 0.350000 -1.029498
v -0.460503 0.300503 -0.980000
v -0.510000 0.520000 -0.980000
v -0.440000 0.450000 -0.980000
v -0.510000 0.450000 -1.050000
v -0.460503 0.499497 -0.980000
v -0.469585 0.490415 -1.020414
v -0.460503 0.450000 -1.029498
v -0.510000 0.499497 -1.029498
v -0.410000 0.000000 -0.150000
v -0.410000 0.090000 -0.060000
v -0.500000 0.090000 -0.150000
v -0.410000 0.026360 -0.086360
v -0.461962 0.038038 -0.098038
v -0.473640 0.090000 -0.086360
v -0.473640 0.026360 -0.150000
v -0.410000 0.230000 -0.060000
v -0.410000 0.320000 -0.150000
v -0.500000 0.230000 -0.150000
v -0.410000 0.293640 -0.086360
v -0.461962 0.281962 -0.098038
v -0.473640 0.293640 -0.150000
v -0.473640 0.230000 -0.086360
v -0.410000 0.000000 -0.950000
v -0.500000 0.090000 -0.950000
v -0.410000 0.090000 -1.040000
v -0.473640 0.026360 -0.950000
v -0.461962 0.038038 -1.001961
v -0.473640 0.090000 -1.013640
v -0.410000 0.026360 -1.013640
v -0.410000 0.320000 -0.950000
v -0.410000 0.230000 -1.040000
v -0.500000 0.230000 -0.950000
v -0.410000 0.293640 -1.013640
v -0.461962 0.281962 -1.001961
v -0.473640 0.230000 -1.013640
v -0.473640 0.293640 -0.950000
v -0.190000 0.000000 -0.150000
v -0.100000 0.090000 -0.150000
v -0.190000 0.090000 -0.060000
v -0.126360 0.026360 -0.150000
v -0.138038 0.038038 -0.098038
v -0.126360 0.090000 -0.086360
v -0.190000 0.026360 -0.086360
v -0.190000 0.320000 -0.150000
v -0.190000 0.230000 -0.060000
v -0.100000 0.230000 -0.150000
v -0.190000 0.293640 -0.086360
v -0.138038 0.281962 -0.098038
v -0.126360 0.230000 -0.086360
v -0.126360 0.293640 -0.150000
v -0.190000 0.000000 -0.950000
v -0.190000 0.090000 -1.040000
v -0.100000 0.090000 -0.950000
v -0.190000 0.026360 -1.013640
v -0.138038 0.038038 -1.001961
v -0.126360 0.090000 -1.013640
v -0.126360 0.026360 -0.950000
v -0.190000 0.320000 -0.950000
v -0.100000 0.230000 -0.950000
v -0.190000 0.230000 -1.040000
v -0.126360 0.293640 -0.950000
v -0.138038 0.281962 -1.001961
v -0.126360 0.230000 -1.013640
v -0.190000 0.293640 -1.013640
v -0.300000 -0.155000 -1.120000
v -0.151662 -0.041679 -1.012227
v -0.356659 -0.041679 -0.945619
v -0.483357 -0.041679 -1.120000
v -0.356659 -0.041679 -1.294381
v -0.151662 -0.041679 -1.227773
v -0.243341 0.141679 -0.945619
v -0.448338 0.141679 -1.012227
v -0.448338 0.141679 -1.227773
v -0.243341 0.141679 -1.294381
v -0.116643 0.141679 -1.120000
v -0.300000 0.255000 -1.120000
v -0.385000 -0.840000 -1.120000
v -0.385000 -0.760000 -1.040000
v -0.465000 -0.760000 -1.120000
v -0.385000 -0.816568 -1.063431
v -0.431188 -0.806188 -1.073812
v -0.441569 -0.760000 -1.063431
v -0.441569 -0.816568 -1.120000
v -0.385000 -0.080000 -1.040000
v -0.385000 0.000000 -1.120000
v -0.465000 -0.080000 -1.120000
v -0.385000 -0.023431 -1.063431
v -0.431188 -0.033812 -1.073812
v -0.441569 -0.023431 -1.120000
v -0.441569 -0.080000 -1.063431
v -0.385000 -0.840000 -1.240000
v -0.465000 -0.760000 -1.240000
v -0.385000 -0.760000 -1.320000
v -0.441569 -0.816568 -1.240000
v -0.431188 -0.806188 -1.286188
v -0.441569 -0.760000 -1.296569
v -0.385000 -0.816568 -1.296569
v -0.385000 0.000000 -1.240000
v -0.385000 -0.080000 -1.320000
v -0.465000 -0.080000 -1.240000
v -0.385000 -0.023431 -1.296569
v -0.431188 -0.033812 -1.286188
v -0.441569 -0.080000 -1.296569
v -0.441569 -0.023431 -1.240000
v -0.215000 -0.840000 -1.120000
v -0.135000 -0.760000 -1.120000
v -0.215000 -0.760000 -1.040000
v -0.158431 -0.816568 -1.120000
v -0.168812 -0.806188 -1.073812
v -0.158431 -0.760000 -1.063431
v -0.215000 -0.816568 -1.063431
v -0.215000 0.000000 -1.120000
v -0.215000 -0.080000 -1.040000
v -0.135000 -0.080000 -1.120000
v -0.215000 -0.023431 -1.063431
v -0.168812 -0.033812 -1.073812
v -0.158431 -0.080000 -1.063431
v -0.158431 -0.023431 -1.120000
v -0.215000 -0.840000 -1.240000
v -0.215000 -0.760000 -1.320000
v -0.135000 -0.760000 -1.240000
v -0.215000 -0.816568 -1.296569
v -0.168812 -0.806188 -1.286188
v -0.158431 -0.760000 -1.296569
v -0.158431 -0.816568 -1.240000
v -0.215000 0.000000 -1.240000
v -0.135000 -0.080000 -1.240000
v -0.215000 -0.080000 -1.320000
v -0.158431 -0.023431 -1.240000
v -0.168812 -0.033812 -1.286188
v -0.158431 -0.080000 -1.296569
v -0.215000 -0.023431 -1.296569
v -0.475000 -1.000000 -0.930000
v -0.475000 -0.940000 -0.870000
v -0.535000 -0.940000 -0.930000
v -0.475000 -0.982426 -0.887574
v -0.509641 -0.974641 -0.895359
v -0.517426 -0.940000 -0.887574
v -0.517426 -0.982426 -0.930000
v -0.475000 -0.820000 -0.870000
v -0.475000 -0.760000 -0.930000
v -0.535000 -0.820000 -0.930000
v -0.475000 -0.777574 -0.887574
v -0.509641 -0.785359 -0.895359
v -0.517426 -0.777574 -0.930000
v -0.517426 -0.820000 -0.887574
v -0.475000 -1.000000 -1.290000
v -0.535000 -0.940000 -1.290000
v -0.475000 -0.940000 -1.350000
v -0.517426 -0.982426 -1.290000
v -0.509641 -0.974641 -1.324641
v -0.517426 -0.940000 -1.332426
v -0.475000 -0.982426 -1.332426
v -0.475000 -0.760000 -1.290000
v -0.475000 -0.820000 -1.350000
v -0.535000 -0.820000 -1.290000
v -0.475000 -0.777574 -1.332426
v -0.509641 -0.785359 -1.324641
v -0.517426 -0.820000 -1.332426
v -0.517426 -0.777574 -1.290000
v -0.125000 -1.000000 -0.930000
v -0.065000 -0.940000 -0.930000
v -0.125000 -0.940000 -0.870000
v -0.082574 -0.982426 -0.930000
v -0.090359 -0.974641 -0.895359
v -0.082574 -0.940000 -0.887574
v -0.125000 -0.982426 -0.887574
v -0.125000 -0.760000 -0.930000
v -0.125000 -0.820000 -0.870000
v -0.065000 -0.820000 -0.930000
v -0.125000 -0.777574 -0.887574
v -0.090359 -0.785359 -0.895359
v -0.082574 -0.820000 -0.887574
v -0.082574 -0.777574 -0.930000
v -0.125000 -1.000000 -1.290000
v -0.125000 -0.940000 -1.350000
v -0.065000 -0.940000 -1.290000
v -0.125000 -0.982426 -1.332426
v -0.090359 -0.974641 -1.324641
v -0.082574 -0.940000 -1.332426
v -0.082574 -0.982426 -1.290000
v -0.125000 -0.760000 -1.290000
v -0.065000 -0.820000 -1.290000
v -0.125000 -0.820000 -1.350000
v -0.082574 -0.777574 -1.290000
v -0.090359 -0.785359 -1.324641
v -0.082574 -0.820000 -1.332426
v -0.125000 -0.777574 -1.332426
v 0.600000 0.920000 0.150000
v 0.600000 1.020000 0.250000
v 0.500000 1.020000 0.150000
v 0.600000 0.949289 0.220711
v 0.542265 0.962265 0.207735
v 0.529289 1.020000 0.220711
v 0.529289 0.949289 0.150000
v 0.600000 1.220000 0.250000
v 0.600000 1.320000 0.150000
v 0.500000 1.220000 0.150000
v 0.600000 1.290711 0.220711
v 0.542265 1.277735 0.207735
v 0.529289 1.290711 0.150000
v 0.529289 1.220000 0.220711
v 0.600000 0.920000 -0.150000
v 0.500000 1.020000 -0.150000
v 0.600000 1.020000 -0.250000
v 0.529289 0.949289 -0.150000
v 0.542265 0.962265 -0.207735
v 0.529289 1.020000 -0.220711
v 0.600000 0.949289 -0.220711
v 0.600000 1.320000 -0.150000
v 0.600000 1.220000 -0.250000
v 0.500000 1.220000 -0.150000
v 0.600000 1.290711 -0.220711
v 0.542265 1.277735 -0.207735
v 0.529289 1.220000 -0.220711
v 0.529289 1.290711 -0.150000
v 0.800000 0.920000 0.150000
v 0.900000 1.020000 0.150000
v 0.800000 1.020000 0.250000
v 0.870711 0.949289 0.150000
v 0.857735 0.962265 0.207735
v 0.870711 1.020000 0.220711
v 0.800000 0.949289 0.220711
v 0.800000 1.320000 0.150000
v 0.800000 1.220000 0.250000
v 0.900000 1.220000 0.150000
v 0.800000 1.290711 0.220711
v 0.857735 1.277735 0.207735
v 0.870711 1.220000 0.220711
v 0.870711 1.290711 0.150000
v 0.800000 0.920000 -0.150000
v 0.800000 1.020000 -0.250000
v 0.900000 1.020000 -0.150000
v 0.800000 0.949289 -0.220711
v 0.857735 0.962265 -0.207735
v 0.870711 1.020000 -0.220711
v 0.870711 0.949289 -0.150000
v 0.800000 1.320000 -0.150000
v 0.900000 1.220000 -0.150000
v 0.800000 1.220000 -0.250000
v 0.870711 1.290711 -0.150000
v 0.857735 1.277735 -0.207735
v 0.870711 1.220000 -0.220711
v 0.800000 1.290711 -0.220711
v 0.640000 0.470000 0.060000
v 0.640000 0.540000 0.130000
v 0.570000 0.540000 0.060000
v 0.640000 0.490502 0.109497
v 0.599585 0.499585 0.100415
v 0.590503 0.540000 0.109497
v 0.590503 0.490502 0.060000
v 0.640000 0.980000 0.130000
v 0.640000 1.050000 0.060000
v 0.570000 0.980000 0.060000
v 0.640000 1.029497 0.109497
v 0.599585 1.020414 0.100415
v 0.590503 1.029497 0.060000
v 0.590503 0.980000 0.109497
v 0.640000 0.470000 -0.100000
v 0.570000 0.540000 -0.100000
v 0.640000 0.540000 -0.170000
v 0.590503 0.490502 -0.100000
v 0.599585 0.499585 -0.140415
v 0.590503 0.540000 -0.149497
v 0.640000 0.490502 -0.149497
v 0.640000 1.050000 -0.100000
v 0.640000 0.980000 -0.170000
v 0.570000 0.980000 -0.100000
v 0.640000 1.029497 -0.149498
v 0.599585 1.020414 -0.140415
v 0.590503 0.980000 -0.149498
v 0.590503 1.029497 -0.100000
v 0.780000 0.470000 0.060000
v 0.850000 0.540000 0.060000
v 0.780000 0.540000 0.130000
v 0.829497 0.490502 0.060000
v 0.820414 0.499585 0.100415
v 0.829497 0.540000 0.109497
v 0.780000 0.490502 0.109497
v 0.780000 1.050000 0.060000
v 0.780000 0.980000 0.130000
v 0.850000 0.980000 0.060000
v 0.780000 1.029497 0.109497
v 0.820414 1.020414 0.100415
v 0.829497 0.980000 0.109497
v 0.829497 1.029497 0.060000
v 0.780000 0.470000 -0.100000
v 0.780000 0.540000 -0.170000
v 0.850000 0.540000 -0.100000
v 0.780000 0.490502 -0.149498
v 0.820414 0.499585 -0.140415
v 0.829497 0.540000 -0.149498
v 0.829497 0.490502 -0.100000
v 0.780000 1.050000 -0.100000
v 0.850000 0.980000 -0.100000
v 0.780000 0.980000 -0.170000
v 0.829497 1.029497 -0.100000
v 0.820414 1.020414 -0.140415
v 0.829497 0.980000 -0.149497
v 0.780000 1.029497 -0.149497
v 0.710000 0.270000 -0.100000
v 0.840248 0.369501 -0.005370
v 0.660251 0.369501 0.053115
v 0.549003 0.369501 -0.100000
v 0.660251 0.369501 -0.253115
v 0.840248 0.369501 -0.194630
v 0.759749 0.530499 0.053115
v 0.579752 0.530499 -0.005370
v 0.579752 0.530499 -0.194630
v 0.759749 0.530499 -0.253115
v 0.870996 0.530499 -0.100000
v 0.710000 0.630000 -0.100000
v 0.585000 0.260000 -0.240000
v 0.585000 0.350000 -0.150000
v 0.495000 0.350000 -0.240000
v 0.585000 0.286360 -0.176360
v 0.533038 0.298038 -0.188038
v 0.521360 0.350000 -0.176360
v 0.521360 0.286360 -0.240000
v 0.585000 0.490000 -0.150000
v 0.585000 0.580000 -0.240000
v 0.495000 0.490000 -0.240000
v 0.585000 0.553640 -0.176360
v 0.533038 0.541961 -0.188038
v 0.521360 0.553640 -0.240000
v 0.521360 0.490000 -0.176360
v 0.585000 0.260000 -0.760000
v 0.495000 0.350000 -0.760000
v 0.585000 0.350000 -0.850000
v 0.521360 0.286360 -0.760000
v 0.533038 0.298038 -0.811962
v 0.521360 0.350000 -0.823640
v 0.585000 0.286360 -0.823640
v 0.585000 0.580000 -0.760000
v 0.585000 0.490000 -0.850000
v 0.495000 0.490000 -0.760000
v 0.585000 0.553640 -0.823640
v 0.533038 0.541961 -0.811962
v 0.521360 0.490000 -0.823640
v 0.521360 0.553640 -0.760000
v 0.735000 0.260000 -0.240000
v 0.825000 0.350000 -0.240000
v 0.735000 0.350000 -0.150000
v 0.798640 0.286360 -0.240000
v 0.786962 0.298038 -0.188038
v 0.798640 0.350000 -0.176360
v 0.735000 0.286360 -0.176360
v 0.735000 0.580000 -0.240000
v 0.735000 0.490000 -0.150000
v 0.825000 0.490000 -0.240000
v 0.735000 0.553640 -0.176360
v 0.786962 0.541961 -0.188038
v 0.798640 0.490000 -0.176360
v 0.798640 0.553640 -0.240000
v 0.735000 0.260000 -0.760000
v 0.735000 0.350000 -0.850000
v 0.825000 0.350000 -0.760000
v 0.735000 0.286360 -0.823640
v 0.786962 0.298038 -0.811962
v 0.798640 0.350000 -0.823640
v 0.798640 0.286360 -0.760000
v 0.735000 0.580000 -0.760000
v 0.825000 0.490000 -0.760000
v 0.735000 0.490000 -0.850000
v 0.798640 0.553640 -0.760000
v 0.786962 0.541961 -0.811962
v 0.798640 0.490000 -0.823640
v 0.735000 0.553640 -0.823640
v 0.510000 0.280000 -0.840000
v 0.510000 0.350000 -0.770000
v 0.440000 0.350000 -0.840000
v 0.510000 0.300503 -0.790503
v 0.469585 0.309585 -0.799586
v 0.460503 0.350000 -0.790503
v 0.460503 0.300503 -0.840000
v 0.510000 0.450000 -0.770000
v 0.510000 0.520000 -0.840000
v 0.440000 0.450000 -0.840000
v 0.510000 0.499497 -0.790503
v 0.469585 0.490415 -0.799586
v 0.460503 0.499497 -0.840000
v 0.460503 0.450000 -0.790503
v 0.510000 0.280000 -0.980000
v 0.440000 0.350000 -0.980000
v 0.510000 0.350000 -1.050000
v 0.460503 0.300503 -0.980000
v 0.469585 0.309586 -1.020414
v 0.460503 0.350000 -1.029498
v 0.510000 0.300503 -1.029498
v 0.510000 0.520000 -0.980000
v 0.510000 0.450000 -1.050000
v 0.440000 0.450000 -0.980000
v 0.510000 0.499497 -1.029498
v 0.469585 0.490415 -1.020414
v 0.460503 0.450000 -1.029498
v 0.460503 0.499497 -0.980000
v 0.710000 0.280000 -0.840000
v 0.780000 0.350000 -0.840000
v 0.710000 0.350000 -0.770000
v 0.759498 0.300503 -0.840000
v 0.750415 0.309586 -0.799586
v 0.759498 0.350000 -0.790503
v 0.710000 0.300503 -0.790503
v 0.710000 0.520000 -0.840000
v 0.710000 0.450000 -0.770000
v 0.780000 0.450000 -0.840000
v 0.710000 0.499497 -0.790503
v 0.750415 0.490415 -0.799586
v 0.759498 0.450000 -0.790503
v 0.759498 0.499497 -0.840000
v 0.710000 0.280000 -0.980000
v 0.710000 0.350000 -1.050000
v 0.780000 0.350000 -0.980000
v 0.710000 0.300503 -1.029498
v 0.750415 0.309585 -1.020414
v 0.759498 0.350000 -1.029498
v 0.759498 0.300503 -0.980000
v 0.710000 0.520000 -0.980000
v 0.780000 0.450000 -0.980000
v 0.710000 0.450000 -1.050000
v 0.759498 0.499497 -0.980000
v 0.750415 0.490415 -1.020414
v 0.759498 0.450000 -1.029498
v 0.710000 0.499497 -1.029498
v 0.190000 0.000000 -0.150000
v 0.190000 0.090000 -0.060000
v 0.100000 0.090000 -0.150000
v 0.190000 0.026360 -0.086360
v 0.138038 0.038038 -0.098038
v 0.126360 0.090000 -0.086360
v 0.126360 0.026360 -0.150000
v 0.190000 0.230000 -0.060000
v 0.190000 0.320000 -0.150000
v 0.100000 0.230000 -0.150000
v 0.190000 0.293640 -0.086360
v 0.138038 0.281962 -0.098038
v 0.126360 0.293640 -0.150000
v 0.126360 0.230000 -0.086360
v 0.190000 0.000000 -0.950000
v 0.100000 0.090000 -0.950000
v 0.190000 0.090000 -1.040000
v 0.126360 0.026360 -0.950000
v 0.138038 0.038038 -1.001961
v 0.126360 0.090000 -1.013640
v 0.190000 0.026360 -1.013640
v 0.190000 0.320000 -0.950000
v 0.190000 0.230000 -1.040000
v 0.100000 0.230000 -0.950000
v 0.190000 0.293640 -1.013640
v 0.138038 0.281962 -1.001961
v 0.126360 0.230000 -1.013640
v 0.126360 0.293640 -0.950000
v 0.410000 0.000000 -0.150000
v 0.500000 0.090000 -0.150000
v 0.410000 0.090000 -0.060000
v 0.473640 0.026360 -0.150000
v 0.461962 0.038038 -0.098038
v 0.473640 0.090000 -0.086360
v 0.410000 0.026360 -0.086360
v 0.410000 0.320000 -0.150000
v 0.410000 0.230000 -0.060000
v 0.500000 0.230000 -0.150000
v 0.410000 0.293640 -0.086360
v 0.461962 0.281962 -0.098038
v 0.473640 0.230000 -0.086360
v 0.473640 0.293640 -0.150000
v 0.410000 0.000000 -0.950000
v 0.410000 0.090000 -1.040000
v 0.500000 0.090000 -0.950000
v 0.410000 0.026360 -1.013640
v 0.461962 0.038038 -1.001961
v 0.473640 0.090000 -1.013640
v 0.473640 0.026360 -0.950000
v 0.410000 0.320000 -0.950000
v 0.500000 0.230000 -0.950000
v 0.410000 0.230000 -1.040000
v 0.473640 0.293640 -0.950000
v 0.461962 0.281962 -1.001961
v 0.473640 0.230000 -1.013640
v 0.410000 0.293640 -1.013640
v 0.300000 -0.155000 -1.120000
v 0.448338 -0.041679 -1.012227
v 0.243341 -0.041679 -0.945619
v 0.116643 -0.041679 -1.120000
v 0.243341 -0.041679 -1.294381
v 0.448338 -0.041679 -1.227773
v 0.356659 0.141679 -0.945619
v 0.151662 0.141679 -1.012227
v 0.151662 0.141679 -1.227773
v 0.356659 0.141679 -1.294381
v 0.483357 0.141679 -1.120000
v 0.300000 0.255000 -1.120000
v 0.215000 -0.840000 -1.120000
v 0.215000 -0.760000 -1.040000
v 0.135000 -0.760000 -1.120000
v 0.215000 -0.816568 -1.063431
v 0.168812 -0.806188 -1.073812
v 0.158431 -0.760000 -1.063431
v 0.158431 -0.816568 -1.120000
v 0.215000 -0.080000 -1.040000
v 0.215000 0.000000 -1.120000
v 0.135000 -0.080000 -1.120000
v 0.215000 -0.023431 -1.063431
v 0.168812 -0.033812 -1.073812
v 0.158431 -0.023431 -1.120000
v 0.158431 -0.080000 -1.063431
v 0.215000 -0.840000 -1.240000
v 0.135000 -0.760000 -1.240000
v 0.215000 -0.760000 -1.320000
v 0.158431 -0.816568 -1.240000
v 0.168812 -0.806188 -1.286188
v 0.158431 -0.760000 -1.296569
v 0.215000 -0.816568 -1.296569
v 0.215000 0.000000 -1.240000
v 0.215000 -0.080000 -1.320000
v 0.135000 -0.080000 -1.240000
v 0.215000 -0.023431 -1.296569
v 0.168812 -0.033812 -1.286188
v 0.158431 -0.080000 -1.296569
v 0.158431 -0.023431 -1.240000
v 0.385000 -0.840000 -1.120000
v 0.465000 -0.760000 -1.120000
v 0.385000 -0.760000 -1.040000
v 0.441569 -0.816568 -1.120000
v 0.431188 -0.806188 -1.073812
v 0.441569 -0.760000 -1.063431
v 0.385000 -0.816568 -1.063431
v 0.385000 0.000000 -1.120000
v 0.385000 -0.080000 -1.040000
v 0.465000 -0.080000 -1.120000
v 0.385000 -0.023431 -1.063431
v 0.431188 -0.033812 -1.073812
v 0.441569 -0.080000 -1.063431
v 0.441569 -0.023431 -1.120000
v 0.385000 -0.840000 -1.240000
v 0.385000 -0.760000 -1.320000
v 0.465000 -0.760000 -1.240000
v 0.385000 -0.816568 -1.296569
v 0.431188 -0.806188 -1.286188
v 0.441569 -0.760000 -1.296569
v 0.441569 -0.816568 -1.240000
v 0.385000 0.000000 -1.240000
v 0.465000 -0.080000 -1.240000
v 0.385000 -0.080000 -1.320000
v 0.441569 -0.023431 -1.240000
v 0.431188 -0.033812 -1.286188
v 0.441569 -0.080000 -1.296569
v 0.385000 -0.023431 -1.296569
v 0.125000 -1.000000 -0.930000
v 0.125000 -0.940000 -0.870000
v 0.065000 -0.940000 -0.930000
v 0.125000 -0.982426 -0.887574
v 0.090359 -0.974641 -0.895359
v 0.082574 -0.940000 -0.887574
v 0.082574 -0.982426 -0.930000
v 0.125000 -0.820000 -0.870000
v 0.125000 -0.760000 -0.930000
v 0.065000 -0.820000 -0.930000
v 0.125000 -0.777574 -0.887574
v 0.090359 -0.785359 -0.895359
v 0.082574 -0.777574 -0.930000
v 0.082574 -0.820000 -0.887574
v 0.125000 -1.000000 -1.290000
v 0.065000 -0.940000 -1.290000
v 0.125000 -0.940000 -1.350000
v 0.082574 -0.982426 -1.290000
v 0.090359 -0.974641 -1.324641
v 0.082574 -0.940000 -1.332426
v 0.125000 -0.982426 -1.332426
v 0.125000 -0.760000 -1.290000
v 0.125000 -0.820000 -1.350000
v 0.065000 -0.820000 -1.290000
v 0.125000 -0.777574 -1.332426
v 0.090359 -0.785359 -1.324641
v 0.082574 -0.820000 -1.332426
v 0.082574 -0.777574 -1.290000
v 0.475000 -1.000000 -0.930000
v 0.535000 -0.940000 -0.930000
v 0.475000 -0.940000 -0.870000
v 0.517426 -0.982426 -0.930000
v 0.509641 -0.974641 -0.895359
v 0.517426 -0.940000 -0.887574
v 0.475000 -0.982426 -0.887574
v 0.475000 -0.760000 -0.930000
v 0.475000 -0.820000 -0.870000
v 0.535000 -0.820000 -0.930000
v 0.475000 -0.777574 -0.887574
v 0.509641 -0.785359 -0.895359
v 0.517426 -0.820000 -0.887574
v 0.517426 -0.777574 -0.930000
v 0.475000 -1.000000 -1.290000
v 0.475000 -0.940000 -1.350000
v 0.535000 -0.940000 -1.290000
v 0.475000 -0.982426 -1.332426
v 0.509641 -0.974641 -1.324641
v 0.517426 -0.940000 -1.332426
v 0.517426 -0.982426 -1.290000
v 0.475000 -0.760000 -1.290000
v 0.535000 -0.820000 -1.290000
v 0.475000 -0.820000 -1.350000
v 0.517426 -0.777574 -1.290000
v 0.509641 -0.785359 -1.324641
v 0.517426 -0.820000 -1.332426
v 0.475000 -0.777574 -1.332426
vn -0.3672 -0.8865 0.2817
vn -0.2817 -0.3672 0.8865
vn -0.8865 -0.2817 0.3672
vn -0.3672 0.2817 0.8865
vn -0.2817 0.8865 0.3672
vn -0.8865 0.3672 0.2817
vn -0.2817 -0.8865 -0.3672
vn -0.8865 -0.3672 -0.2817
vn -0.3672 -0.2817 -0.8865
vn -0.3672 0.8865 -0.2817
vn -0.2817 0.3672 -0.8865
vn -0.8865 0.2817 -0.3672
vn 0.2817 -0.8865 0.3672
vn 0.8865 -0.3672 0.2817
vn 0.3672 -0.2817 0.8865
vn 0.3672 0.8865 0.2817
vn 0.2817 0.3672 0.8865
vn 0.8865 0.2817 0.3672
vn 0.3672 -0.8865 -0.2817
vn 0.2817 -0.3672 -0.8865
vn 0.8865 -0.2817 -0.3672
vn 0.2817 0.8865 -0.3672
vn 0.8865 0.3672 -0.2817
vn 0.3672 0.2817 -0.8865
vn -0.3827 -0.9239 -0.0000
vn -0.9239 -0.3827 -0.0000
vn -0.3827 -0.0000 0.9239
vn -0.9239 -0.0000 0.3827
vn -0.3827 0.9239 -0.0000
vn -0.9239 0.3827 -0.0000
vn -0.3827 -0.0000 -0.9239
vn -0.9239 -0.0000 -0.3827
vn -0.0000 -0.9239 -0.3827
vn -0.0000 -0.3827 -0.9239
vn -0.0000 0.9239 -0.3827
vn -0.0000 0.3827 -0.9239
vn 0.9239 -0.0000 -0.3827
vn 0.3827 -0.0000 -0.9239
vn 0.3827 -0.9239 -0.0000
vn 0.9239 -0.3827 -0.0000
vn 0.3827 0.9239 -0.0000
vn 0.9239 0.3827 -0.0000
vn 0.3827 -0.0000 0.9239
vn 0.9239 -0.0000 0.3827
vn -0.0000 -0.9239 0.3827
vn -0.0000 -0.3827 0.9239
vn -0.0000 0.9239 0.3827
vn -0.0000 0.3827 0.9239
vn -0.0000 -1.0000 -0.0000
vn -1.0000 -0.0000 -0.0000
vn -0.0000 -0.0000 1.0000
vn -0.0000 1.0000 -0.0000
vn -0.0000 -0.0000 -1.0000
vn 1.0000 -0.0000 -0.0000
vn -0.8864 0.2817 -0.3672
vn 0.8864 0.2817 0.3672
vn 0.3672 0.2818 -0.8865
vn -0.8865 -0.3672 0.2817
vn -0.4589 -0.0604 0.8865
vn -0.8260 0.4276 0.3672
vn -0.0604 0.4589 0.8865
vn 0.4276 0.8260 0.3672
vn -0.3672 0.8864 0.2818
vn -0.8260 -0.4276 -0.3672
vn -0.8865 0.3672 -0.2817
vn -0.4589 0.0604 -0.8865
vn 0.3672 0.8864 -0.2818
vn 0.0604 0.4589 -0.8865
vn -0.4276 0.8260 -0.3672
vn -0.4276 -0.8260 0.3672
vn 0.3672 -0.8864 0.2817
vn 0.0604 -0.4589 0.8865
vn 0.8865 0.3672 0.2817
vn 0.4589 0.0604 0.8865
vn 0.8260 -0.4276 0.3672
vn -0.3672 -0.8864 -0.2817
vn -0.0604 -0.4589 -0.8865
vn 0.4276 -0.8260 -0.3672
vn 0.8260 0.4276 -0.3672
vn 0.8865 -0.3672 -0.2817
vn 0.4589 -0.0604 -0.8865
vn -0.2706 0.2706 0.9239
vn -0.6533 0.6533 0.3827
vn -0.2706 0.2706 -0.9239
vn -0.6533 0.6533 -0.3827
vn -0.6533 -0.6533 -0.3827
vn -0.2706 -0.2706 -0.9239
vn 0.6533 0.6533 -0.3827
vn 0.2706 0.2706 -0.9239
vn 0.6533 -0.6533 -0.3827
vn 0.2706 -0.2706 -0.9239
vn 0.2706 -0.2706 0.9239
vn 0.6533 -0.6533 0.3827
vn -0.6533 -0.6533 0.3827
vn -0.2706 -0.2706 0.9239
vn 0.6533 0.6533 0.3827
vn 0.2706 0.2706 0.9239
vn -0.8865 -0.2818 0.3672
vn -0.2818 0.8864 0.3672
vn -0.8865 -0.3672 -0.2818
vn -0.3672 0.8865 -0.2818
vn -0.2818 0.3672 -0.8865
vn -0.8864 0.2818 -0.3672
vn 0.8865 -0.3672 0.2818
vn 0.3672 0.8865 0.2818
vn 0.2818 0.3672 0.8865
vn 0.8864 0.2818 0.3672
vn 0.8865 -0.2818 -0.3672
vn 0.2818 0.8864 -0.3672
vn 0.2818 -0.3672 -0.8865
vn -0.2818 -0.3672 0.8865
vn -0.8864 -0.2817 0.3672
vn -0.3672 0.8864 -0.2817
vn 0.3672 0.8864 0.2817
vn 0.8864 -0.2817 -0.3672
vn -0.8864 0.3672 0.2817
vn 0.3672 0.2817 -0.8864
vn -0.8864 0.3672 0.2818
vn 0.8864 0.3672 -0.2818
vn 0.1876 -0.7947 0.5774
vn 0.6071 -0.7947 -0.0000
vn -0.4911 -0.7947 0.3568
vn -0.4911 -0.7947 -0.3568
vn 0.1876 -0.7947 -0.5774
vn 0.9822 -0.1876 -0.0000
vn 0.3035 -0.1876 0.9342
vn -0.7946 -0.1876 0.5774
vn -0.7946 -0.1876 -0.5774
vn 0.3035 -0.1876 -0.9342
vn 0.7946 0.1876 0.5774
vn -0.3035 0.1876 0.9342
vn -0.9822 0.1876 -0.0000
vn -0.3035 0.1876 -0.9342
vn 0.7946 0.1876 -0.5774
vn 0.4911 0.7947 0.3568
vn -0.1876 0.7947 0.5774
vn -0.6071 0.7947 -0.0000
vn -0.1876 0.7947 -0.5774
vn 0.4911 0.7947 -0.3568
vn -0.8865 0.2818 -0.3672
vn -0.3672 0.2818 0.8865
vn 0.3672 -0.2818 0.8865
vn 0.8865 0.2818 0.3672
vn 0.3672 -0.8865 -0.2818
vn -0.2818 -0.8865 -0.3672
vn 0.2818 -0.8865 0.3672
vn 0.8865 0.3672 -0.2818
vn -0.2818 0.8865 0.3672
vn -0.2817 -0.8865 0.3672
vn -0.3672 -0.2817 0.8865
vn -0.2817 0.3672 0.8865
vn -0.3672 0.8865 0.2817
vn -0.8865 0.2817 0.3672
vn -0.3672 -0.8865 -0.2817
vn -0.8865 -0.2817 -0.3672
vn -0.2817 -0.3672 -0.8865
vn -0.2817 0.8865 -0.3672
vn -0.3672 0.2817 -0.8865
vn 0.3672 -0.8865 0.2817
vn 0.8865 -0.2817 0.3672
vn 0.2817 -0.3672 0.8865
vn 0.2817 0.8865 0.3672
vn 0.3672 0.2817 0.8865
vn 0.2817 -0.8865 -0.3672
vn 0.3672 -0.2817 -0.8865
vn 0.3672 0.8865 -0.2817
vn 0.8865 0.2817 -0.3672
vn 0.2817 0.3672 -0.8865
vn -0.8864 0.2817 0.3672
vn -0.3672 0.2818 -0.8865
vn 0.8864 0.2817 -0.3672
vn -0.8260 -0.4276 0.3672
vn -0.4589 0.0604 0.8865
vn 0.0604 0.4589 0.8865
vn 0.3672 0.8864 0.2818
vn -0.4276 0.8260 0.3672
vn -0.8260 0.4276 -0.3672
vn -0.4589 -0.0604 -0.8865
vn 0.4276 0.8260 -0.3672
vn -0.0604 0.4589 -0.8865
vn -0.3672 0.8864 -0.2818
vn -0.3672 -0.8864 0.2817
vn 0.4276 -0.8260 0.3672
vn -0.0604 -0.4589 0.8865
vn 0.8260 0.4276 0.3672
vn 0.4589 -0.0604 0.8865
vn -0.4276 -0.8260 -0.3672
vn 0.0604 -0.4589 -0.8865
vn 0.3672 -0.8864 -0.2817
vn 0.8260 -0.4276 -0.3672
vn 0.4589 0.0604 -0.8865
vn -0.8865 -0.3672 0.2818
vn -0.2818 0.3672 0.8865
vn -0.3672 0.8865 0.2818
vn -0.8864 0.2818 0.3672
vn -0.8865 -0.2818 -0.3672
vn -0.2818 0.8864 -0.3672
vn 0.8865 -0.2818 0.3672
vn 0.2818 0.8864 0.3672
vn 0.8865 -0.3672 -0.2818
vn 0.3672 0.8865 -0.2818
vn 0.8864 0.2818 -0.3672
vn 0.2818 0.3672 -0.8865
vn 0.2818 -0.8865 -0.3672
vn -0.3672 0.8864 0.2817
vn -0.8864 -0.2817 -0.3672
vn -0.2818 -0.3672 -0.8865
vn 0.8864 -0.2817 0.3672
vn 0.2818 -0.3672 0.8865
vn 0.3672 -0.2818 -0.8865
vn 0.3672 0.8864 -0.2817
vn 0.8864 0.3672 0.2817
vn -0.3672 0.2817 -0.8864
vn -0.8864 0.3672 -0.2818
vn 0.8864 0.3672 0.2818
vn -0.3672 -0.2818 0.8865
vn 0.3672 0.2818 0.8865
vn -0.2818 -0.8865 0.3672
vn 0.8865 0.2818 -0.3672
vn -0.8865 0.2818 0.3672
vn 0.2818 0.8865 0.3672
vt 0.718750 0.218750
vt 0.565657 0.065657
vt 0.531250 0.218750
vt 0.718750 0.218750
vt 0.718750 0.031250
vt 0.718750 0.218750
vt 0.531250 0.218750
vt 0.718750 0.031250
vt 0.565657 0.184343
vt 0.531250 0.031250
vt 0.718750 0.031250
vt 0.565657 0.184343
vt 0.684343 0.065657
vt 0.718750 0.218750
vt 0.565657 0.065657
vt 0.718750 0.031250
vt 0.531250 0.031250
vt 0.684343 0.184343
vt 0.684343 0.065657
vt 0.531250 0.218750
vt 0.684343 0.184343
vt 0.565657 0.184343
vt 0.531250 0.031250
vt 0.531250 0.031250
vt 0.531250 0.218750
vt 0.718750 0.031250
vt 0.531250 0.031250
vt 0.531250 0.031250
vt 0.531250 0.218750
vt 0.218750 0.218750
vt 0.065657 0.065657
vt 0.031250 0.218750
vt 0.218750 0.218750
vt 0.218750 0.031250
vt 0.218750 0.218750
vt 0.065657 0.184343
vt 0.031250 0.031250
vt 0.218750 0.031250
vt 0.218750 0.031250
vt 0.065657 0.184343
vt 0.031250 0.218750
vt 0.184343 0.065657
vt 0.031250 0.031250
vt 0.184343 0.184343
vt 0.031250 0.218750
vt 0.184343 0.065657
vt 0.184343 0.184343
vt 0.031250 0.031250
vt 0.184343 0.184343
vt 0.031250 0.031250
vt 0.031250 0.031250
vt 0.968750 0.218750
vt 0.815657 0.065657
vt 0.781250 0.218750
vt 0.815657 0.065657
vt 0.968750 0.031250
vt 0.815657 0.184343
vt 0.781250 0.031250
vt 0.815657 0.184343
vt 0.934343 0.065657
vt 0.934343 0.184343
vt 0.934343 0.065657
vt 0.815657 0.065657
vt 0.934343 0.065657
vt 0.934343 0.184343
vt 0.815657 0.184343
vt 0.934343 0.184343
vt 0.468750 0.468750
vt 0.315657 0.315657
vt 0.281250 0.468750
vt 0.468750 0.281250
vt 0.281250 0.468750
vt 0.468750 0.281250
vt 0.315657 0.434343
vt 0.281250 0.281250
vt 0.315657 0.434343
vt 0.468750 0.468750
vt 0.434343 0.315657
vt 0.281250 0.281250
vt 0.315657 0.315657
vt 0.434343 0.434343
vt 0.468750 0.281250
vt 0.434343 0.315657
vt 0.281250 0.281250
vt 0.315657 0.315657
vt 0.468750 0.468750
vt 0.434343 0.434343
vt 0.281250 0.468750
vt 0.315657 0.434343
vt 0.434343 0.434343
vt 0.434343 0.315657
vt 0.718750 0.218750
vt 0.565657 0.065657
vt 0.718750 0.031250
vt 0.565657 0.184343
vt 0.565657 0.065657
vt 0.718750 0.031250
vt 0.565657 0.184343
vt 0.718750 0.218750
vt 0.684343 0.065657
vt 0.565657 0.065657
vt 0.565657 0.184343
vt 0.684343 0.184343
vt 0.531250 0.218750
vt 0.684343 0.065657
vt 0.531250 0.031250
vt 0.565657 0.065657
vt 0.684343 0.065657
vt 0.684343 0.184343
vt 0.531250 0.218750
vt 0.531250 0.031250
vt 0.684343 0.184343
vt 0.684343 0.065657
vt 0.684343 0.184343
vt 0.565657 0.065657
vt 0.565657 0.184343
vt 0.684343 0.065657
vt 0.684343 0.184343
vt 0.718750 0.031250
vt 0.718750 0.218750
vt 0.531250 0.031250
vt 0.531250 0.218750
vt 0.718750 0.031250
vt 0.531250 0.031250
vt 0.531250 0.031250
vt 0.531250 0.218750
vt 0.718750 0.031250
vt 0.218750 0.218750
vt 0.065657 0.065657
vt 0.218750 0.218750
vt 0.218750 0.218750
vt 0.218750 0.031250
vt 0.065657 0.184343
vt 0.218750 0.031250
vt 0.065657 0.184343
vt 0.031250 0.218750
vt 0.184343 0.065657
vt 0.065657 0.065657
vt 0.218750 0.031250
vt 0.031250 0.031250
vt 0.184343 0.184343
vt 0.184343 0.065657
vt 0.031250 0.031250
vt 0.065657 0.065657
vt 0.031250 0.218750
vt 0.184343 0.065657
vt 0.031250 0.031250
vt 0.184343 0.184343
vt 0.065657 0.184343
vt 0.031250 0.218750
vt 0.184343 0.184343
vt 0.031250 0.031250
vt 0.031250 0.218750
vt 0.031250 0.031250
vt 0.031250 0.218750
vt 0.218750 0.218750
vt 0.031250 0.218750
vt 0.218750 0.218750
vt 0.218750 0.031250
vt 0.218750 0.218750
vt 0.218750 0.468750
vt 0.065657 0.315657
vt 0.031250 0.468750
vt 0.218750 0.281250
vt 0.065657 0.315657
vt 0.031250 0.468750
vt 0.065657 0.434343
vt 0.031250 0.281250
vt 0.218750 0.281250
vt 0.065657 0.434343
vt 0.031250 0.468750
vt 0.184343 0.315657
vt 0.031250 0.281250
vt 0.184343 0.434343
vt 0.218750 0.281250
vt 0.184343 0.315657
vt 0.218750 0.468750
vt 0.065657 0.315657
vt 0.218750 0.468750
vt 0.184343 0.434343
vt 0.065657 0.434343
vt 0.184343 0.315657
vt 0.031250 0.281250
vt 0.184343 0.434343
vt 0.218750 0.468750
vt 0.031250 0.468750
vt 0.218750 0.281250
vt 0.315657 0.315657
vt 0.468750 0.281250
vt 0.315657 0.434343
vt 0.315657 0.434343
vt 0.468750 0.468750
vt 0.315657 0.315657
vt 0.434343 0.315657
vt 0.281250 0.281250
vt 0.434343 0.434343
vt 0.281250 0.468750
vt 0.434343 0.434343
vt 0.434343 0.315657
vt 0.565657 0.065657
vt 0.565657 0.184343
vt 0.684343 0.065657
vt 0.531250 0.031250
vt 0.684343 0.184343
vt 0.468750 0.218750
vt 0.315657 0.065657
vt 0.281250 0.218750
vt 0.468750 0.031250
vt 0.468750 0.218750
vt 0.281250 0.218750
vt 0.315657 0.184343
vt 0.281250 0.031250
vt 0.468750 0.031250
vt 0.315657 0.184343
vt 0.434343 0.065657
vt 0.281250 0.031250
vt 0.315657 0.065657
vt 0.315657 0.184343
vt 0.434343 0.184343
vt 0.468750 0.031250
vt 0.281250 0.218750
vt 0.434343 0.065657
vt 0.315657 0.065657
vt 0.468750 0.218750
vt 0.434343 0.065657
vt 0.281250 0.031250
vt 0.434343 0.184343
vt 0.315657 0.184343
vt 0.434343 0.184343
vt 0.434343 0.065657
vt 0.434343 0.184343
vt 0.468750 0.031250
vt 0.468750 0.031250
vt 0.468750 0.031250
vt 0.468750 0.031250
vt 0.281250 0.031250
vt 0.281250 0.031250
vt 0.281250 0.031250
vt 0.065657 0.065657
vt 0.031250 0.218750
vt 0.065657 0.184343
vt 0.031250 0.031250
vt 0.218750 0.031250
vt 0.031250 0.218750
vt 0.184343 0.065657
vt 0.065657 0.065657
vt 0.065657 0.184343
vt 0.031250 0.031250
vt 0.184343 0.184343
vt 0.218750 0.031250
vt 0.184343 0.065657
vt 0.065657 0.065657
vt 0.218750 0.218750
vt 0.184343 0.065657
vt 0.184343 0.184343
vt 0.065657 0.184343
vt 0.184343 0.065657
vt 0.031250 0.031250
vt 0.218750 0.031250
vt 0.218750 0.031250
vt 0.218750 0.031250
vt 0.031250 0.218750
vt 0.218750 0.218750
vt 0.218750 0.218750
vt 0.031250 0.031250
vt 0.218750 0.031250
vt 0.833073 0.218750
vt 0.968750 0.102870
vt 0.781250 0.125000
vt 0.910811 0.031250
vt 0.910811 0.218750
vt 0.833073 0.031250
vt 0.968750 0.147130
vt 0.875000 0.218750
vt 0.884896 0.218750
vt 0.852870 0.218750
vt 0.897130 0.218750
vt 0.852870 0.031250
vt 0.865104 0.031250
vt 0.875000 0.031250
vt 0.897130 0.031250
vt 0.839189 0.031250
vt 0.781250 0.102870
vt 0.916927 0.218750
vt 0.968750 0.125000
vt 0.781250 0.147130
vt 0.916927 0.031250
vt 0.839189 0.218750
vt 0.065657 0.065657
vt 0.031250 0.031250
vt 0.065657 0.184343
vt 0.218750 0.031250
vt 0.031250 0.218750
vt 0.184343 0.065657
vt 0.031250 0.218750
vt 0.031250 0.031250
vt 0.184343 0.184343
vt 0.031250 0.031250
vt 0.218750 0.218750
vt 0.218750 0.031250
vt 0.218750 0.031250
vt 0.031250 0.031250
vt 0.031250 0.031250
vt 0.031250 0.218750
vt 0.031250 0.031250
vt 0.031250 0.218750
vt 0.315657 0.065657
vt 0.315657 0.184343
vt 0.315657 0.184343
vt 0.434343 0.065657
vt 0.315657 0.065657
vt 0.281250 0.031250
vt 0.434343 0.184343
vt 0.434343 0.065657
vt 0.434343 0.184343
vt 0.434343 0.065657
vt 0.468750 0.031250
vt 0.281250 0.218750
vt 0.281250 0.031250
vt 0.218750 0.218750
vt 0.065657 0.065657
vt 0.218750 0.218750
vt 0.065657 0.184343
vt 0.065657 0.065657
vt 0.218750 0.031250
vt 0.218750 0.031250
vt 0.031250 0.218750
vt 0.065657 0.065657
vt 0.065657 0.184343
vt 0.031250 0.031250
vt 0.031250 0.218750
vt 0.184343 0.065657
vt 0.218750 0.218750
vt 0.218750 0.031250
vt 0.031250 0.031250
vt 0.031250 0.218750
vt 0.031250 0.031250
vt 0.583073 0.218750
vt 0.718750 0.102870
vt 0.531250 0.125000
vt 0.660811 0.031250
vt 0.660811 0.218750
vt 0.583073 0.031250
vt 0.718750 0.147130
vt 0.625000 0.218750
vt 0.634896 0.218750
vt 0.602870 0.218750
vt 0.647130 0.218750
vt 0.602870 0.031250
vt 0.615104 0.031250
vt 0.625000 0.031250
vt 0.647130 0.031250
vt 0.589189 0.031250
vt 0.531250 0.102870
vt 0.666927 0.218750
vt 0.718750 0.125000
vt 0.531250 0.147130
vt 0.666927 0.031250
vt 0.589189 0.218750
vt 0.065657 0.184343
vt 0.184343 0.065657
vt 0.065657 0.065657
vt 0.184343 0.184343
vt 0.065657 0.065657
vt 0.184343 0.184343
vt 0.065657 0.184343
vt 0.184343 0.065657
vt 0.468750 0.218750
vt 0.315657 0.065657
vt 0.468750 0.218750
vt 0.468750 0.218750
vt 0.468750 0.031250
vt 0.468750 0.218750
vt 0.315657 0.065657
vt 0.468750 0.031250
vt 0.315657 0.184343
vt 0.281250 0.218750
vt 0.434343 0.065657
vt 0.315657 0.065657
vt 0.468750 0.031250
vt 0.315657 0.184343
vt 0.468750 0.031250
vt 0.281250 0.031250
vt 0.434343 0.184343
vt 0.434343 0.065657
vt 0.468750 0.218750
vt 0.315657 0.065657
vt 0.281250 0.218750
vt 0.281250 0.218750
vt 0.434343 0.065657
vt 0.281250 0.031250
vt 0.434343 0.184343
vt 0.468750 0.031250
vt 0.281250 0.031250
vt 0.281250 0.218750
vt 0.281250 0.031250
vt 0.281250 0.031250
vt 0.468750 0.218750
vt 0.281250 0.031250
vt 0.281250 0.031250
vt 0.468750 0.031250
vt 0.281250 0.218750
vt 0.281250 0.031250
vt 0.281250 0.031250
vt 0.031250 0.218750
vt 0.031250 0.031250
vt 0.531250 0.031250
vt 0.718750 0.218750
vt 0.718750 0.031250
vt 0.718750 0.218750
vt 0.218750 0.031250
vt 0.031250 0.468750
vt 0.218750 0.468750
vt 0.031250 0.281250
vt 0.218750 0.281250
vt 0.031250 0.281250
vt 0.031250 0.218750
vt 0.031250 0.031250
vt 0.468750 0.031250
vt 0.281250 0.031250
vt 0.031250 0.031250
s 0
usemtl bot_Surface
f 1/1/1 5/2/1 7/3/1
f 2/4/2 5/2/2 4/5/2
f 3/6/3 5/2/3 6/7/3
f 8/8/4 12/9/4 14/10/4
f 9/1/5 12/2/5 11/5/5
f 10/11/6 12/9/6 13/4/6
f 15/5/7 19/12/7 21/4/7
f 16/3/8 19/13/8 18/10/8
f 17/14/9 19/15/9 20/3/9
f 22/16/10 26/12/10 28/10/10
f 23/5/11 26/12/11 25/4/11
f 24/17/12 26/18/12 27/8/12
f 29/3/13 33/19/13 35/10/13
f 30/4/14 33/15/14 32/5/14
f 31/7/15 33/19/15 34/4/15
f 36/20/16 40/19/16 42/4/16
f 37/10/17 40/21/17 39/3/17
f 38/11/18 40/22/18 41/23/18
f 43/24/19 47/21/19 49/5/19
f 44/3/20 47/19/20 46/10/20
f 45/25/21 47/19/21 48/14/21
f 50/10/22 54/21/22 56/3/22
f 51/10/23 54/21/23 53/3/23
f 52/23/24 54/21/24 55/5/24
f 15/4/25 7/10/25 18/3/25
f 7/10/26 16/14/26 18/5/26
f 8/4/27 6/10/27 2/5/27
f 14/7/28 3/26/28 6/10/28
f 22/4/29 13/27/29 9/5/29
f 28/4/30 10/23/30 13/3/30
f 23/4/31 20/27/31 27/3/31
f 20/5/32 24/7/32 27/6/32
f 15/10/33 46/1/33 43/5/33
f 21/28/34 44/4/34 46/5/34
f 50/5/35 25/20/35 22/10/35
f 56/4/36 23/10/36 25/20/36
f 45/27/37 55/4/37 51/3/37
f 55/4/38 44/10/38 52/3/38
f 29/10/39 49/14/39 32/5/39
f 49/5/40 30/7/40 32/10/40
f 50/3/41 42/26/41 53/4/41
f 42/3/42 51/8/42 53/4/42
f 37/3/43 34/26/43 41/4/43
f 34/10/44 38/14/44 41/25/44
f 29/4/45 4/24/45 1/3/45
f 35/5/46 2/3/46 4/10/46
f 9/3/47 39/5/47 36/4/47
f 11/29/48 37/5/48 39/4/48
f 43/4/49 1/10/49 15/3/49
f 10/3/50 16/5/50 3/27/50
f 37/14/51 2/27/51 31/5/51
f 22/3/52 36/5/52 50/4/52
f 23/7/53 44/26/53 17/10/53
f 51/4/54 30/10/54 45/26/54
f 57/30/1 61/31/1 63/32/1
f 58/33/2 61/31/2 60/34/2
f 59/35/3 61/31/3 62/32/3
f 64/34/4 68/36/4 70/37/4
f 65/30/5 68/31/5 67/34/5
f 66/38/6 68/36/6 69/33/6
f 71/39/7 75/40/7 77/33/7
f 72/41/8 75/42/8 74/37/8
f 73/33/9 75/31/9 76/32/9
f 78/39/10 82/40/10 84/37/10
f 79/34/11 82/40/11 81/33/11
f 80/43/12 82/44/12 83/34/12
f 85/45/13 89/46/13 91/37/13
f 86/35/14 89/31/14 88/34/14
f 87/32/15 89/46/15 90/33/15
f 92/45/16 96/46/16 98/33/16
f 93/37/17 96/47/17 95/32/17
f 94/38/18 96/36/18 97/37/18
f 99/48/19 103/49/19 105/34/19
f 100/32/20 103/46/20 102/37/20
f 101/41/21 103/46/21 104/33/21
f 106/48/22 110/49/22 112/32/22
f 107/43/23 110/49/23 109/32/23
f 108/37/24 110/49/24 111/34/24
f 57/34/25 74/32/25 71/33/25
f 74/34/26 59/32/26 72/33/26
f 64/33/27 62/37/27 58/34/27
f 70/32/28 59/34/28 62/37/28
f 65/34/29 84/32/29 69/50/29
f 84/33/30 66/37/30 69/32/30
f 73/34/31 83/32/31 79/33/31
f 76/34/32 80/32/32 83/33/32
f 71/37/33 102/33/33 99/34/33
f 77/37/34 100/33/34 102/34/34
f 106/34/35 81/32/35 78/37/35
f 112/33/36 79/37/36 81/32/36
f 101/37/37 111/33/37 107/32/37
f 104/34/38 108/32/38 111/33/38
f 85/37/39 105/33/39 88/34/39
f 105/34/40 86/32/40 88/51/40
f 92/37/41 109/33/41 106/32/41
f 109/33/42 94/37/42 107/34/42
f 87/37/43 97/33/43 93/32/43
f 90/37/44 94/33/44 97/32/44
f 85/33/45 60/37/45 57/32/45
f 91/34/46 58/32/46 60/37/46
f 65/32/47 95/34/47 92/33/47
f 67/32/48 93/34/48 95/33/48
f 99/33/49 57/37/49 71/32/49
f 66/32/50 72/34/50 59/37/50
f 93/33/51 58/37/51 87/34/51
f 78/32/52 92/34/52 106/33/52
f 79/32/53 100/34/53 73/37/53
f 107/33/54 86/37/54 101/34/54
f 113/52/1 117/53/1 119/54/1
f 114/52/2 117/55/2 116/56/2
f 115/52/3 117/55/3 118/54/3
f 120/56/4 124/57/4 126/58/4
f 121/52/5 124/53/5 123/56/5
f 122/56/6 124/57/6 125/52/6
f 113/56/7 128/59/7 130/52/7
f 115/54/8 128/60/8 119/58/8
f 127/52/9 128/55/9 129/54/9
f 121/56/10 133/59/10 125/58/10
f 131/56/11 133/57/11 132/52/11
f 122/58/55 133/61/55 134/56/55
f 135/54/13 139/62/13 141/58/13
f 136/52/14 139/63/14 138/56/14
f 137/54/15 139/64/15 140/52/15
f 142/54/16 146/62/16 148/52/16
f 143/58/17 146/65/17 145/54/17
f 144/56/56 146/66/56 147/58/56
f 135/58/19 151/67/19 138/56/19
f 149/54/20 151/64/20 150/58/20
f 136/54/21 151/64/21 152/52/21
f 142/58/22 154/67/22 156/54/22
f 144/58/23 154/61/23 148/54/23
f 153/58/57 154/61/57 155/56/57
f 120/52/27 118/58/27 114/56/27
f 126/54/28 115/56/28 118/58/28
f 127/56/31 134/54/31 131/52/31
f 129/56/32 122/54/32 134/52/32
f 113/58/33 150/52/33 135/56/33
f 130/58/34 149/52/34 150/56/34
f 142/56/35 132/54/35 121/58/35
f 156/52/36 131/58/36 132/54/36
f 136/58/37 155/52/37 144/54/37
f 152/56/38 153/54/38 155/52/38
f 137/58/43 147/52/43 143/54/43
f 140/58/44 144/52/44 147/54/44
f 135/52/45 116/58/45 113/54/45
f 141/56/46 114/54/46 116/58/46
f 121/54/47 145/56/47 142/52/47
f 123/54/48 143/56/48 145/52/48
f 143/52/51 114/58/51 137/56/51
f 131/54/53 149/56/53 127/58/53
f 157/68/58 161/69/58 163/70/58
f 158/68/59 161/69/59 160/71/59
f 159/68/60 161/69/60 162/72/60
f 164/73/61 168/74/61 170/75/61
f 165/68/62 168/69/62 167/71/62
f 166/73/63 168/74/63 169/68/63
f 157/73/64 172/76/64 174/77/64
f 159/70/65 172/78/65 163/79/65
f 171/68/66 172/80/66 173/72/66
f 165/73/67 177/76/67 169/79/67
f 175/73/68 177/76/68 176/77/68
f 166/79/69 177/81/69 178/82/69
f 179/70/70 183/83/70 185/84/70
f 180/68/71 183/85/71 182/73/71
f 181/70/72 183/83/72 184/86/72
f 186/70/73 190/83/73 192/68/73
f 187/79/74 190/87/74 189/88/74
f 188/73/75 190/89/75 191/75/75
f 179/79/76 195/90/76 182/73/76
f 193/70/77 195/91/77 194/84/77
f 180/70/78 195/91/78 196/86/78
f 186/79/79 198/90/79 200/88/79
f 188/79/80 198/90/80 192/70/80
f 197/79/81 198/90/81 199/82/81
f 158/73/82 170/70/82 162/79/82
f 170/70/83 159/73/83 162/79/83
f 171/73/84 178/70/84 175/68/84
f 178/68/85 159/79/85 166/70/85
f 157/79/86 194/68/86 179/73/86
f 194/73/87 171/70/87 193/68/87
f 186/73/88 176/70/88 165/79/88
f 176/70/89 197/73/89 175/79/89
f 188/70/90 196/73/90 199/68/90
f 196/73/91 197/70/91 199/68/91
f 187/70/92 184/73/92 191/68/92
f 184/79/93 188/68/93 191/70/93
f 157/70/94 185/73/94 160/79/94
f 185/73/95 158/70/95 160/79/95
f 186/68/96 167/79/96 189/73/96
f 167/70/97 187/73/97 189/68/97
f 181/73/51 164/70/51 158/79/51
f 175/70/53 193/73/53 171/79/53
f 201/92/1 205/93/1 207/3/1
f 202/4/2 205/93/2 204/94/2
f 203/4/98 205/93/98 206/3/98
f 208/5/4 212/95/4 214/10/4
f 209/92/99 212/96/99 211/94/99
f 210/5/6 212/95/6 213/4/6
f 215/97/7 219/98/7 221/99/7
f 216/3/100 219/100/100 218/10/100
f 217/4/9 219/101/9 220/3/9
f 222/97/101 226/102/101 228/10/101
f 223/5/102 226/102/102 225/99/102
f 224/10/103 226/103/103 227/5/103
f 229/104/13 233/105/13 235/106/13
f 230/4/104 233/107/104 232/5/104
f 231/3/15 233/105/15 234/4/15
f 236/104/105 240/108/105 242/4/105
f 237/10/106 240/109/106 239/110/106
f 238/5/107 240/9/107 241/10/107
f 243/111/19 247/112/19 249/5/19
f 244/3/20 247/113/20 246/106/20
f 245/3/108 247/113/108 248/4/108
f 250/111/109 254/114/109 256/110/109
f 251/10/23 254/114/23 253/3/23
f 252/10/24 254/114/24 255/5/24
f 201/5/25 218/7/25 215/4/25
f 207/10/26 216/4/26 218/5/26
f 208/4/27 206/10/27 202/5/27
f 214/3/28 203/5/28 206/10/28
f 222/4/29 213/27/29 209/5/29
f 228/4/30 210/10/30 213/3/30
f 217/5/31 227/3/31 223/4/31
f 220/5/32 224/3/32 227/4/32
f 215/10/33 246/92/33 243/5/33
f 221/10/34 244/4/34 246/5/34
f 250/5/35 225/104/35 222/10/35
f 256/4/36 223/10/36 225/104/36
f 245/10/37 255/4/37 251/3/37
f 248/5/38 252/3/38 255/4/38
f 243/3/39 232/5/39 229/10/39
f 249/5/40 230/3/40 232/10/40
f 236/10/41 253/14/41 250/3/41
f 242/3/42 251/5/42 253/14/42
f 231/10/43 241/4/43 237/3/43
f 234/10/44 238/4/44 241/3/44
f 229/4/45 204/111/45 201/3/45
f 235/5/46 202/3/46 204/111/46
f 209/3/47 239/97/47 236/4/47
f 211/3/48 237/5/48 239/4/48
f 243/4/49 201/10/49 215/3/49
f 210/3/50 216/5/50 203/10/50
f 237/4/51 202/10/51 231/5/51
f 222/3/52 236/5/52 250/4/52
f 223/3/53 244/5/53 217/10/53
f 251/4/54 230/10/54 245/5/54
f 257/4/1 261/2/1 263/3/1
f 258/4/2 261/2/2 260/5/2
f 259/4/3 261/2/3 262/7/3
f 264/5/4 268/12/4 270/23/4
f 265/4/5 268/115/5 267/5/5
f 266/11/6 268/12/6 269/4/6
f 271/5/7 275/116/7 277/4/7
f 272/3/8 275/19/8 274/17/8
f 273/4/9 275/2/9 276/7/9
f 278/5/10 282/12/10 284/10/10
f 279/5/102 282/12/102 281/4/102
f 280/10/12 282/21/12 283/8/12
f 285/3/13 289/117/13 291/10/13
f 286/4/14 289/2/14 288/11/14
f 287/3/15 289/117/15 290/14/15
f 292/3/16 296/19/16 298/4/16
f 293/10/17 296/21/17 295/3/17
f 294/5/18 296/12/18 297/23/18
f 299/10/19 303/21/19 305/5/19
f 300/3/110 303/19/110 302/10/110
f 301/3/21 303/19/21 304/14/21
f 306/10/22 310/118/22 312/3/22
f 307/10/23 310/118/23 309/25/23
f 308/10/24 310/118/24 311/8/24
f 271/14/25 263/10/25 274/3/25
f 263/10/26 272/4/26 274/5/26
f 264/14/27 262/10/27 258/119/27
f 270/3/28 259/119/28 262/10/28
f 278/4/29 269/10/29 265/5/29
f 284/4/30 266/10/30 269/3/30
f 279/14/31 276/10/31 283/3/31
f 283/120/32 272/121/32 280/7/32
f 271/10/33 302/1/33 299/5/33
f 277/10/34 300/4/34 302/5/34
f 306/5/35 281/20/35 278/10/35
f 312/4/36 279/10/36 281/20/36
f 307/122/37 304/123/37 311/4/37
f 311/4/38 300/124/38 308/7/38
f 285/125/39 305/4/39 288/11/39
f 305/5/40 286/3/40 288/10/40
f 306/7/41 298/5/41 309/4/41
f 298/3/42 307/5/42 309/4/42
f 293/7/43 290/5/43 297/4/43
f 297/126/44 286/127/44 294/14/44
f 285/4/45 260/24/45 257/3/45
f 291/5/46 258/3/46 260/10/46
f 265/3/47 295/5/47 292/4/47
f 267/3/48 293/5/48 295/4/48
f 299/4/49 257/10/49 271/3/49
f 259/10/50 280/4/50 272/5/50
f 293/4/51 258/10/51 287/5/51
f 278/3/52 292/5/52 306/4/52
f 279/3/53 300/5/53 273/10/53
f 301/5/54 294/3/54 286/10/54
f 313/128/1 317/129/1 319/32/1
f 314/130/2 317/129/2 316/34/2
f 315/131/3 317/129/3 318/32/3
f 320/132/4 324/133/4 326/37/4
f 321/128/5 324/129/5 323/34/5
f 322/134/6 324/133/6 325/33/6
f 327/34/7 331/135/7 333/128/7
f 328/136/8 331/137/8 330/37/8
f 329/131/9 331/138/9 332/32/9
f 334/139/10 338/133/10 340/37/10
f 335/132/11 338/133/11 337/33/11
f 336/140/12 338/141/12 339/34/12
f 341/32/13 345/142/13 347/143/13
f 342/131/14 345/144/14 344/34/14
f 343/136/15 345/142/15 346/33/15
f 348/145/16 352/146/16 354/33/16
f 349/147/17 352/148/17 351/32/17
f 350/134/18 352/149/18 353/37/18
f 355/143/19 359/148/19 361/34/19
f 356/150/20 359/146/20 358/37/20
f 357/136/21 359/146/21 360/33/21
f 362/37/22 366/151/22 368/145/22
f 363/140/23 366/151/23 365/32/23
f 364/140/24 366/151/24 367/34/24
f 327/33/25 319/152/25 330/32/25
f 319/37/26 328/33/26 330/34/26
f 314/34/27 326/153/27 318/154/27
f 326/153/28 315/34/28 318/154/28
f 334/33/29 325/37/29 321/34/29
f 340/33/30 322/37/30 325/32/30
f 329/34/31 339/155/31 335/33/31
f 339/156/32 328/37/32 336/32/32
f 327/51/33 358/33/33 355/34/33
f 358/34/34 329/157/34 356/33/34
f 362/34/35 337/157/35 334/37/35
f 337/157/36 364/34/36 335/37/36
f 357/37/37 367/156/37 363/32/37
f 367/156/38 356/37/38 364/32/38
f 341/37/39 361/158/39 344/34/39
f 361/34/40 342/32/40 344/37/40
f 362/32/41 354/159/41 365/33/41
f 354/32/42 363/34/42 365/33/42
f 343/37/43 353/160/43 349/32/43
f 353/153/44 342/34/44 350/33/44
f 341/33/45 316/51/45 313/32/45
f 316/51/46 343/33/46 314/32/46
f 321/32/47 351/34/47 348/33/47
f 323/157/48 349/34/48 351/33/48
f 355/33/49 313/37/49 327/32/49
f 322/32/50 328/34/50 315/37/50
f 349/33/51 314/37/51 343/34/51
f 334/32/52 348/34/52 362/33/52
f 335/32/53 356/34/53 329/37/53
f 363/33/54 342/37/54 357/34/54
f 369/161/1 373/162/1 375/163/1
f 370/161/111 373/162/111 372/164/111
f 371/161/112 373/165/112 374/166/112
f 376/164/4 380/167/4 382/168/4
f 377/161/5 380/162/5 379/164/5
f 378/169/6 380/170/6 381/161/6
f 369/164/7 384/167/7 386/161/7
f 371/171/8 384/172/8 375/173/8
f 383/161/9 384/162/9 385/166/9
f 377/164/113 389/167/113 381/173/113
f 387/164/102 389/167/102 388/161/102
f 378/173/55 389/174/55 390/175/55
f 391/163/13 395/176/13 397/173/13
f 392/177/14 395/178/14 394/164/14
f 393/163/15 395/176/15 396/179/15
f 398/163/114 402/176/114 404/161/114
f 399/173/106 402/180/106 401/163/106
f 400/164/56 402/181/56 403/168/56
f 391/173/19 407/180/19 394/164/19
f 405/163/110 407/176/110 406/173/110
f 392/163/115 407/182/115 408/179/115
f 398/173/22 410/180/22 412/163/22
f 400/183/23 410/184/23 404/163/23
f 409/173/24 410/180/24 411/175/24
f 376/161/27 374/173/27 370/164/27
f 382/163/28 371/164/28 374/173/28
f 383/164/31 390/163/31 387/161/31
f 385/164/32 378/163/32 390/177/32
f 369/173/33 406/161/33 391/164/33
f 386/173/34 405/161/34 406/164/34
f 398/164/35 388/163/35 377/173/35
f 412/185/36 387/173/36 388/163/36
f 392/173/37 411/161/37 400/186/37
f 408/169/38 409/163/38 411/161/38
f 393/173/43 403/161/43 399/163/43
f 396/173/44 400/161/44 403/171/44
f 391/161/45 372/173/45 369/163/45
f 397/187/46 370/163/46 372/173/46
f 377/163/47 401/164/47 398/161/47
f 379/163/48 399/164/48 401/161/48
f 399/161/51 370/173/51 393/164/51
f 387/163/53 405/164/53 383/173/53
f 413/68/1 417/188/1 419/70/1
f 414/68/2 417/188/2 416/189/2
f 415/68/3 417/188/3 418/72/3
f 420/73/4 424/190/4 426/75/4
f 421/68/5 424/188/5 423/189/5
f 422/73/116 424/190/116 425/68/116
f 413/73/7 428/191/7 430/192/7
f 415/70/8 428/78/8 419/79/8
f 427/68/9 428/193/9 429/72/9
f 421/73/113 433/191/113 425/79/113
f 431/73/11 433/191/11 432/192/11
f 422/79/12 433/81/12 434/82/12
f 435/70/13 439/194/13 441/195/13
f 436/68/14 439/85/14 438/73/14
f 437/70/15 439/194/15 440/86/15
f 442/70/114 446/194/114 448/68/114
f 443/79/17 446/196/17 445/197/17
f 444/73/18 446/89/18 447/75/18
f 435/79/19 451/198/19 438/73/19
f 449/70/20 451/199/20 450/195/20
f 436/70/21 451/199/21 452/86/21
f 442/79/22 454/198/22 456/197/22
f 444/79/23 454/198/23 448/70/23
f 453/79/117 454/198/117 455/82/117
f 420/68/27 418/79/27 414/73/27
f 426/70/28 415/73/28 418/79/28
f 427/73/31 434/70/31 431/68/31
f 429/73/32 422/70/32 434/68/32
f 435/73/33 430/70/33 450/68/33
f 430/79/34 449/68/34 450/73/34
f 442/73/35 432/70/35 421/79/35
f 432/70/36 453/73/36 431/79/36
f 436/79/37 455/68/37 444/70/37
f 452/73/38 453/70/38 455/68/38
f 437/79/43 447/68/43 443/70/43
f 440/79/44 444/68/44 447/70/44
f 435/68/45 416/79/45 413/70/45
f 416/79/46 437/68/46 414/70/46
f 442/68/47 423/79/47 445/73/47
f 423/70/48 443/73/48 445/68/48
f 443/68/51 414/79/51 437/73/51
f 431/70/53 449/73/53 427/79/53
f 457/68/1 461/188/1 463/70/1
f 458/68/2 461/188/2 460/189/2
f 459/68/3 461/188/3 462/72/3
f 464/73/4 468/190/4 470/75/4
f 465/68/5 468/188/5 467/189/5
f 466/73/116 468/190/116 469/68/116
f 457/73/7 472/191/7 474/192/7
f 459/70/8 472/78/8 463/79/8
f 471/68/9 472/193/9 473/72/9
f 465/73/113 477/191/113 469/79/113
f 475/73/11 477/191/11 476/192/11
f 466/79/12 477/81/12 478/82/12
f 479/70/13 483/194/13 485/195/13
f 480/68/14 483/85/14 482/73/14
f 481/70/15 483/194/15 484/86/15
f 486/70/114 490/194/114 492/68/114
f 487/79/17 490/196/17 489/197/17
f 488/73/18 490/89/18 491/75/18
f 479/79/19 495/198/19 482/73/19
f 493/70/20 495/199/20 494/195/20
f 480/70/21 495/199/21 496/86/21
f 486/79/22 498/198/22 500/197/22
f 488/79/23 498/198/23 492/70/23
f 497/79/24 498/198/24 499/82/24
f 464/68/27 462/79/27 458/73/27
f 470/70/28 459/73/28 462/79/28
f 471/73/31 478/70/31 475/68/31
f 473/73/32 466/70/32 478/68/32
f 457/79/33 494/68/33 479/73/33
f 494/73/34 471/70/34 493/68/34
f 465/79/35 500/68/35 476/70/35
f 500/68/36 475/79/36 476/70/36
f 480/79/37 499/68/37 488/70/37
f 496/73/38 497/70/38 499/68/38
f 481/79/43 491/68/43 487/70/43
f 484/79/44 488/68/44 491/70/44
f 457/70/45 485/73/45 460/79/45
f 485/73/46 458/70/46 460/79/46
f 465/70/47 489/73/47 486/68/47
f 489/68/48 464/79/48 487/73/48
f 487/68/51 458/79/51 481/73/51
f 475/70/53 493/73/53 471/79/53
f 501/4/1 505/200/1 507/3/1
f 502/14/2 505/200/2 504/123/2
f 503/4/3 505/200/3 506/3/3
f 508/5/4 512/201/4 514/10/4
f 509/14/5 512/200/5 511/123/5
f 510/8/118 512/201/118 513/4/118
f 515/8/7 519/201/7 521/120/7
f 516/7/8 519/13/8 518/10/8
f 517/4/9 519/200/9 520/3/9
f 522/5/10 526/201/10 528/10/10
f 523/8/11 526/201/11 525/120/11
f 524/10/12 526/18/12 527/5/12
f 529/7/13 533/202/13 535/203/13
f 530/14/14 533/15/14 532/5/14
f 531/3/15 533/202/15 534/4/15
f 536/3/16 540/202/16 542/4/16
f 537/23/17 540/204/17 539/126/17
f 538/5/18 540/22/18 541/10/18
f 543/10/19 547/204/19 549/5/19
f 544/7/20 547/202/20 546/203/20
f 545/3/21 547/202/21 548/4/21
f 550/23/22 554/204/22 556/126/22
f 551/23/119 554/204/119 553/3/119
f 552/10/24 554/204/24 555/5/24
f 501/5/25 518/7/25 515/4/25
f 507/10/26 516/14/26 518/5/26
f 508/4/27 506/27/27 502/5/27
f 514/3/28 503/5/28 506/27/28
f 522/4/29 513/27/29 509/5/29
f 528/4/30 510/23/30 513/3/30
f 517/5/31 527/7/31 523/4/31
f 520/26/32 524/3/32 527/4/32
f 515/23/33 546/4/33 543/5/33
f 521/10/34 544/14/34 546/5/34
f 550/8/35 525/3/35 522/10/35
f 556/4/36 523/23/36 525/3/36
f 545/10/37 555/14/37 551/3/37
f 548/5/38 552/3/38 555/14/38
f 543/3/39 532/5/39 529/10/39
f 549/5/40 530/7/40 532/10/40
f 536/10/41 553/14/41 550/3/41
f 542/3/42 551/8/42 553/14/42
f 531/10/43 541/14/43 537/3/43
f 534/27/44 538/4/44 541/3/44
f 529/14/45 504/10/45 501/3/45
f 535/5/46 502/7/46 504/10/46
f 509/7/47 539/5/47 536/4/47
f 511/3/48 537/8/48 539/4/48
f 543/14/49 501/27/49 515/3/49
f 510/3/50 516/5/50 503/27/50
f 537/4/51 502/10/51 531/26/51
f 522/7/52 536/26/52 550/4/52
f 523/3/53 544/5/53 517/27/53
f 551/4/54 530/10/54 545/26/54
f 557/205/1 561/206/1 563/207/1
f 558/205/2 561/206/2 560/208/2
f 559/209/3 561/206/3 562/210/3
f 564/208/4 568/211/4 570/212/4
f 565/209/5 568/206/5 567/213/5
f 566/208/6 568/211/6 569/209/6
f 571/213/7 575/214/7 577/209/7
f 572/207/8 575/215/8 574/216/8
f 573/209/9 575/217/9 576/210/9
f 578/213/10 582/218/10 584/216/10
f 579/213/11 582/218/11 581/209/11
f 580/216/12 582/219/12 583/220/12
f 585/221/13 589/222/13 591/216/13
f 586/209/14 589/223/14 588/208/14
f 587/207/15 589/222/15 590/224/15
f 592/221/16 596/225/16 598/209/16
f 593/226/17 596/227/17 595/207/17
f 594/208/18 596/228/18 597/212/18
f 599/226/19 603/229/19 605/208/19
f 600/221/20 603/230/20 602/216/20
f 601/207/21 603/230/21 604/224/21
f 606/226/22 610/231/22 612/207/22
f 607/216/23 610/231/23 609/207/23
f 608/216/24 610/231/24 611/220/24
f 557/208/25 574/207/25 571/205/25
f 574/232/26 559/210/26 572/209/26
f 564/205/27 562/226/27 558/233/27
f 570/207/28 559/234/28 562/226/28
f 565/213/29 584/207/29 569/216/29
f 584/209/30 566/216/30 569/207/30
f 573/235/31 583/221/31 579/224/31
f 576/208/32 580/207/32 583/209/32
f 571/216/33 602/209/33 599/208/33
f 577/216/34 600/224/34 602/208/34
f 606/208/35 581/207/35 578/216/35
f 612/209/36 579/212/36 581/207/36
f 601/236/37 611/209/37 607/207/37
f 604/208/38 608/221/38 611/209/38
f 599/207/39 588/208/39 585/226/39
f 588/237/40 601/224/40 586/207/40
f 592/216/41 609/209/41 606/221/41
f 598/207/42 607/208/42 609/209/42
f 587/238/43 597/205/43 593/210/43
f 590/216/44 594/209/44 597/207/44
f 585/209/45 560/216/45 557/207/45
f 591/208/46 558/210/46 560/216/46
f 565/207/47 595/208/47 592/209/47
f 567/207/48 593/220/48 595/209/48
f 599/209/49 557/216/49 571/207/49
f 566/207/50 572/234/50 559/216/50
f 593/209/51 558/216/51 587/234/51
f 578/207/52 592/208/52 606/209/52
f 579/207/53 600/208/53 573/236/53
f 607/209/54 586/236/54 601/208/54
f 613/33/1 617/239/1 619/45/1
f 614/33/2 617/239/2 616/34/2
f 615/33/3 617/239/3 618/240/3
f 620/34/4 624/241/4 626/242/4
f 621/33/5 624/239/5 623/34/5
f 622/34/6 624/241/6 625/35/6
f 627/243/7 631/241/7 633/33/7
f 628/244/8 631/245/8 630/37/8
f 629/33/9 631/246/9 632/240/9
f 634/34/10 638/247/10 640/248/10
f 635/34/11 638/247/11 637/33/11
f 636/37/55 638/249/55 639/250/55
f 641/45/13 645/251/13 647/37/13
f 642/35/14 645/252/14 644/34/14
f 643/32/15 645/251/15 646/253/15
f 648/32/16 652/254/16 654/30/16
f 649/37/17 652/255/17 651/32/17
f 650/34/18 652/256/18 653/242/18
f 655/37/19 659/49/19 661/243/19
f 656/32/20 659/257/20 658/37/20
f 657/32/21 659/257/21 660/253/21
f 662/248/22 666/255/22 668/32/22
f 663/258/23 666/255/23 665/32/23
f 664/37/24 666/255/24 667/250/24
f 613/259/25 630/153/25 627/33/25
f 630/260/26 615/157/26 628/33/26
f 620/33/27 618/37/27 614/259/27
f 618/37/28 622/33/28 615/259/28
f 634/156/29 625/37/29 621/259/29
f 640/33/30 622/51/30 625/32/30
f 635/33/31 632/37/31 639/32/31
f 632/261/32 636/32/32 639/33/32
f 655/34/33 633/262/33 658/33/33
f 658/34/34 629/32/34 656/33/34
f 634/37/35 668/263/35 637/32/35
f 637/32/36 664/34/36 635/37/36
f 663/32/37 660/34/37 667/33/37
f 660/34/38 664/32/38 667/33/38
f 655/153/39 644/34/39 641/37/39
f 644/51/40 657/264/40 642/32/40
f 648/50/41 665/264/41 662/32/41
f 665/264/42 650/51/42 663/34/42
f 649/32/43 646/34/43 653/33/43
f 646/265/44 650/33/44 653/32/44
f 613/32/45 647/266/45 616/37/45
f 616/37/46 643/33/46 614/32/46
f 621/32/47 651/34/47 648/33/47
f 623/32/48 649/34/48 651/33/48
f 655/33/49 613/37/49 627/32/49
f 622/32/50 628/34/50 615/37/50
f 649/33/51 614/37/51 643/34/51
f 634/32/52 648/34/52 662/33/52
f 635/32/53 656/34/53 629/37/53
f 663/33/54 642/37/54 657/34/54
f 669/267/120 670/268/120 671/58/120
f 670/56/121 669/269/121 674/52/121
f 669/52/122 671/270/122 672/54/122
f 669/56/123 672/58/123 673/271/123
f 669/272/124 673/54/124 674/273/124
f 670/58/125 674/56/125 679/274/125
f 671/58/126 670/56/126 675/275/126
f 672/56/127 671/58/127 676/276/127
f 673/56/128 672/58/128 677/277/128
f 674/56/129 673/58/129 678/275/129
f 670/278/130 679/52/130 675/54/130
f 671/279/131 675/52/131 676/54/131
f 672/280/132 676/54/132 677/52/132
f 673/279/133 677/54/133 678/52/133
f 674/281/134 678/52/134 679/54/134
f 675/282/135 679/52/135 680/54/135
f 676/283/136 675/56/136 680/284/136
f 677/54/137 676/58/137 680/285/137
f 678/52/138 677/286/138 680/287/138
f 679/56/139 678/288/139 680/58/139
f 681/264/1 685/289/1 687/32/1
f 682/33/2 685/289/2 684/34/2
f 683/33/3 685/289/3 686/153/3
f 688/260/4 692/133/4 694/290/4
f 689/128/5 692/289/5 691/34/5
f 690/34/6 692/133/6 693/33/6
f 695/139/7 699/291/7 701/33/7
f 696/32/8 699/142/8 698/37/8
f 697/264/9 699/129/9 700/153/9
f 702/260/10 706/291/10 708/37/10
f 703/34/11 706/291/11 705/33/11
f 704/37/12 706/151/12 707/292/12
f 709/293/13 713/294/13 715/37/13
f 710/33/14 713/138/14 712/34/14
f 711/295/15 713/294/15 714/156/15
f 716/295/16 720/294/16 722/33/16
f 717/37/17 720/151/17 719/32/17
f 718/34/18 720/135/18 721/290/18
f 723/296/19 727/297/19 729/34/19
f 724/32/20 727/142/20 726/37/20
f 725/32/21 727/142/21 728/156/21
f 730/298/22 734/297/22 736/32/22
f 731/37/23 734/297/23 733/32/23
f 732/296/24 734/297/24 735/292/24
f 681/34/25 698/32/25 695/264/25
f 687/37/26 696/156/26 698/34/26
f 688/299/27 686/37/27 682/34/27
f 694/32/28 683/300/28 686/37/28
f 702/33/29 693/37/29 689/260/29
f 708/33/30 690/290/30 693/32/30
f 697/301/31 707/32/31 703/33/31
f 700/34/32 704/153/32 707/33/32
f 695/37/33 726/264/33 723/34/33
f 701/302/34 724/156/34 726/34/34
f 730/34/35 705/157/35 702/37/35
f 736/264/36 703/290/36 705/157/36
f 725/303/37 735/33/37 731/32/37
f 728/34/38 732/304/38 735/33/38
f 723/32/39 712/34/39 709/296/39
f 729/34/40 710/153/40 712/37/40
f 716/37/41 733/33/41 730/295/41
f 722/32/42 731/292/42 733/33/42
f 711/305/43 721/33/43 717/32/43
f 714/37/44 718/156/44 721/32/44
f 709/33/45 684/51/45 681/32/45
f 715/260/46 682/153/46 684/51/46
f 689/32/47 719/260/47 716/33/47
f 691/306/48 717/292/48 719/33/48
f 723/264/49 681/51/49 695/32/49
f 683/303/50 704/156/50 696/34/50
f 711/300/51 688/153/51 682/51/51
f 702/157/52 716/260/52 730/33/52
f 697/303/53 732/156/53 724/260/53
f 725/300/54 718/153/54 710/37/54
f 737/209/1 741/307/1 743/207/1
f 738/205/2 741/307/2 740/208/2
f 739/224/3 741/307/3 742/207/3
f 744/233/4 748/308/4 750/216/4
f 745/209/5 748/307/5 747/208/5
f 746/233/6 748/308/6 749/209/6
f 751/208/7 755/309/7 757/209/7
f 752/210/100 755/310/100 754/216/100
f 753/224/9 755/311/9 756/207/9
f 758/208/10 762/309/10 764/216/10
f 759/213/11 762/309/11 761/209/11
f 760/312/140 762/313/140 763/208/140
f 765/207/13 769/314/13 771/216/13
f 766/224/14 769/311/14 768/208/14
f 767/210/15 769/314/15 770/209/15
f 772/207/16 776/314/16 778/209/16
f 773/226/17 776/315/17 775/207/17
f 774/233/18 776/309/18 777/216/18
f 779/216/19 783/313/19 785/208/19
f 780/221/20 783/316/20 782/216/20
f 781/210/21 783/316/21 784/209/21
f 786/216/22 790/313/22 792/207/22
f 787/312/23 790/313/23 789/207/23
f 788/312/24 790/313/24 791/208/24
f 737/208/25 754/207/25 751/209/25
f 743/216/26 752/209/26 754/317/26
f 744/209/27 742/216/27 738/235/27
f 750/207/28 739/208/28 742/216/28
f 758/209/29 749/216/29 745/208/29
f 764/209/30 746/216/30 749/318/30
f 753/208/31 763/207/31 759/205/31
f 756/234/32 760/207/32 763/209/32
f 751/216/33 782/209/33 779/208/33
f 757/216/34 780/209/34 782/208/34
f 786/208/35 761/207/35 758/216/35
f 792/209/36 759/216/36 761/207/36
f 781/216/37 791/209/37 787/207/37
f 784/234/38 788/207/38 791/209/38
f 779/207/39 768/208/39 765/216/39
f 785/208/40 766/207/40 768/319/40
f 772/216/41 789/209/41 786/207/41
f 778/207/42 787/208/42 789/209/42
f 767/216/43 777/209/43 773/221/43
f 770/236/44 774/209/44 777/207/44
f 765/209/45 740/216/45 737/207/45
f 771/208/46 738/207/46 740/216/46
f 745/207/47 775/208/47 772/209/47
f 747/207/48 773/208/48 775/209/48
f 779/209/49 737/216/49 751/207/49
f 746/210/50 752/233/50 739/216/50
f 773/209/51 738/216/51 767/208/51
f 758/207/52 772/208/52 786/209/52
f 759/207/53 780/208/53 753/216/53
f 787/224/54 766/312/54 781/208/54
f 793/320/1 797/321/1 799/32/1
f 794/33/2 797/321/2 796/260/2
f 795/322/3 797/321/3 798/32/3
f 800/292/4 804/323/4 806/37/4
f 801/320/5 804/324/5 803/34/5
f 802/325/6 804/323/6 805/33/6
f 807/326/7 811/256/7 813/33/7
f 808/327/8 811/142/8 810/37/8
f 809/156/9 811/328/9 812/32/9
f 814/326/10 818/329/10 820/37/10
f 815/34/11 818/329/11 817/264/11
f 816/330/12 818/151/12 819/34/12
f 821/331/13 825/332/13 827/37/13
f 822/333/14 825/138/14 824/34/14
f 823/153/15 825/332/15 826/33/15
f 828/331/16 832/332/16 834/33/16
f 829/37/17 832/141/17 831/295/17
f 830/334/18 832/135/18 833/37/18
f 835/335/19 839/249/19 841/34/19
f 836/32/20 839/137/20 838/296/20
f 837/336/21 839/137/21 840/33/21
f 842/335/22 846/249/22 848/32/22
f 843/337/23 846/249/23 845/32/23
f 844/290/24 846/249/24 847/34/24
f 807/264/25 799/51/25 810/32/25
f 799/51/26 808/33/26 810/34/26
f 800/33/27 798/37/27 794/34/27
f 806/153/28 795/34/28 798/37/28
f 814/33/29 805/50/29 801/260/29
f 805/157/30 816/292/30 802/37/30
f 809/34/31 819/32/31 815/33/31
f 812/34/32 816/32/32 819/156/32
f 835/34/33 813/32/33 838/33/33
f 813/37/34 836/33/34 838/34/34
f 842/34/35 817/32/35 814/51/35
f 817/32/36 844/292/36 815/51/36
f 837/37/37 847/33/37 843/32/37
f 840/300/38 844/32/38 847/33/38
f 835/32/39 824/34/39 821/296/39
f 824/51/40 837/156/40 822/32/40
f 842/295/41 834/259/41 845/33/41
f 834/157/42 843/34/42 845/33/42
f 823/37/43 833/33/43 829/32/43
f 826/37/44 830/33/44 833/153/44
f 821/33/45 796/37/45 793/157/45
f 796/37/46 823/156/46 794/157/46
f 828/33/47 803/37/47 831/34/47
f 803/32/48 829/34/48 831/33/48
f 835/33/49 793/51/49 807/32/49
f 802/153/50 808/300/50 795/37/50
f 829/156/51 794/303/51 823/34/51
f 814/157/52 828/34/52 842/33/52
f 815/153/53 836/300/53 809/37/53
f 843/156/54 822/303/54 837/34/54
f 849/338/120 850/339/120 851/10/120
f 850/5/121 849/340/121 854/4/121
f 849/4/122 851/341/122 852/3/122
f 849/5/123 852/10/123 853/342/123
f 849/343/124 853/3/124 854/344/124
f 850/10/125 854/5/125 859/345/125
f 851/10/126 850/5/126 855/346/126
f 852/5/127 851/10/127 856/347/127
f 853/5/128 852/10/128 857/348/128
f 854/5/129 853/10/129 858/346/129
f 850/349/130 859/4/130 855/3/130
f 851/350/131 855/4/131 856/3/131
f 852/351/132 856/3/132 857/4/132
f 853/350/133 857/3/133 858/4/133
f 854/352/134 858/4/134 859/3/134
f 855/353/135 859/4/135 860/3/135
f 856/354/136 855/5/136 860/355/136
f 857/3/137 856/10/137 860/356/137
f 858/4/138 857/357/138 860/358/138
f 859/5/139 858/359/139 860/10/139
f 861/33/1 865/144/1 867/45/1
f 862/35/2 865/144/2 864/34/2
f 863/33/3 865/144/3 866/32/3
f 868/34/141 872/360/141 874/37/141
f 869/33/5 872/144/5 871/38/5
f 870/34/6 872/360/6 873/33/6
f 875/38/7 879/40/7 881/33/7
f 876/32/8 879/361/8 878/37/8
f 877/128/9 879/362/9 880/32/9
f 882/34/10 886/149/10 888/48/10
f 883/38/11 886/149/11 885/33/11
f 884/37/12 886/363/12 887/34/12
f 889/41/13 893/254/13 895/37/13
f 890/33/14 893/364/14 892/34/14
f 891/145/142 893/254/142 894/33/142
f 896/32/16 900/137/16 902/30/16
f 897/43/17 900/365/17 899/32/17
f 898/34/143 900/366/143 901/37/143
f 903/37/144 907/141/144 909/39/144
f 904/41/20 907/367/20 906/37/20
f 905/32/108 907/367/108 908/33/108
f 910/43/22 914/49/22 916/32/22
f 911/37/23 914/49/23 913/32/23
f 912/143/24 914/49/24 915/34/24
f 861/300/25 878/145/25 875/156/25
f 867/37/26 876/33/26 878/34/26
f 868/33/27 866/143/27 862/38/27
f 874/32/28 863/34/28 866/37/28
f 882/156/29 873/37/29 869/300/29
f 888/33/30 870/37/30 873/32/30
f 883/35/31 880/143/31 887/32/31
f 880/34/32 884/32/32 887/33/32
f 875/37/33 906/33/33 903/260/33
f 906/260/34 877/32/34 904/33/34
f 910/34/35 885/32/35 882/51/35
f 885/32/36 912/34/36 883/37/36
f 905/37/37 915/33/37 911/32/37
f 908/34/38 912/32/38 915/33/38
f 903/153/39 892/34/39 889/303/39
f 909/39/40 890/32/40 892/37/40
f 896/303/41 913/128/41 910/153/41
f 902/32/42 911/34/42 913/128/42
f 891/37/43 901/33/43 897/41/43
f 894/37/44 898/33/44 901/32/44
f 889/33/45 864/37/45 861/157/45
f 864/37/46 891/33/46 862/32/46
f 869/157/47 899/34/47 896/264/47
f 899/264/48 868/37/48 897/34/48
f 903/33/49 861/37/49 875/32/49
f 870/32/50 876/34/50 863/37/50
f 891/260/51 868/157/51 862/37/51
f 882/32/52 896/34/52 910/33/52
f 877/51/53 912/264/53 904/34/53
f 911/33/54 890/37/54 905/34/54
f 917/368/1 921/369/1 923/207/1
f 918/370/2 921/369/2 920/208/2
f 919/371/3 921/369/3 922/207/3
f 924/372/4 928/309/4 930/312/4
f 925/373/5 928/374/5 927/208/5
f 926/372/6 928/309/6 929/209/6
f 931/375/145 935/376/145 937/209/145
f 932/377/8 935/378/8 934/216/8
f 933/371/9 935/379/9 936/207/9
f 938/380/10 942/381/10 944/216/10
f 939/382/11 942/381/11 941/209/11
f 940/383/12 942/384/12 943/208/12
f 945/318/146 949/385/146 951/216/146
f 946/386/14 949/387/14 948/208/14
f 947/388/15 949/385/15 950/209/15
f 952/389/16 956/390/16 958/209/16
f 953/391/17 956/392/17 955/207/17
f 954/393/18 956/376/18 957/216/18
f 959/394/19 963/315/19 965/208/19
f 960/395/20 963/378/20 962/216/20
f 961/388/21 963/378/21 964/209/21
f 966/396/22 970/384/22 972/207/22
f 967/397/23 970/384/23 969/207/23
f 968/383/24 970/384/24 971/208/24
f 931/209/25 923/236/25 934/388/25
f 923/396/26 932/224/26 934/208/26
f 924/398/27 922/399/27 918/208/27
f 930/207/28 919/208/28 922/399/28
f 938/398/29 929/400/29 925/208/29
f 929/207/30 940/208/30 926/312/30
f 933/372/31 943/388/31 939/209/31
f 936/401/32 940/207/32 943/209/32
f 931/216/33 962/209/33 959/208/33
f 937/396/34 960/224/34 962/208/34
f 966/208/35 941/207/35 938/216/35
f 972/209/36 939/312/36 941/207/36
f 961/216/37 971/224/37 967/207/37
f 964/234/38 968/402/38 971/224/38
f 959/402/39 948/208/39 945/216/39
f 948/216/40 961/209/40 946/210/40
f 966/207/41 958/234/41 969/209/41
f 958/318/42 967/233/42 969/209/42
f 947/403/43 957/371/43 953/207/43
f 950/404/44 954/209/44 957/207/44
f 945/209/45 920/216/45 917/207/45
f 951/375/46 918/210/46 920/216/46
f 925/207/47 955/208/47 952/209/47
f 927/207/48 953/233/48 955/209/48
f 931/207/49 945/208/49 917/216/49
f 926/207/50 932/208/50 919/236/50
f 953/209/51 918/216/51 947/234/51
f 966/209/52 925/216/52 952/208/52
f 939/207/53 960/208/53 933/236/53
f 967/209/54 946/216/54 961/234/54
f 973/205/1 977/206/1 979/207/1
f 974/205/2 977/206/2 976/208/2
f 975/209/3 977/206/3 978/210/3
f 980/208/4 984/211/4 986/212/4
f 981/209/5 984/206/5 983/213/5
f 982/208/6 984/211/6 985/209/6
f 987/213/7 991/214/7 993/209/7
f 988/207/8 991/215/8 990/216/8
f 989/209/9 991/217/9 992/210/9
f 994/213/10 998/218/10 1000/216/10
f 995/213/11 998/218/11 997/209/11
f 996/216/12 998/219/12 999/220/12
f 1001/221/13 1005/222/13 1007/216/13
f 1002/209/14 1005/223/14 1004/208/14
f 1003/207/15 1005/222/15 1006/224/15
f 1008/221/16 1012/225/16 1014/209/16
f 1009/226/17 1012/227/17 1011/207/17
f 1010/208/18 1012/228/18 1013/212/18
f 1015/226/19 1019/229/19 1021/208/19
f 1016/221/20 1019/230/20 1018/216/20
f 1017/207/21 1019/230/21 1020/224/21
f 1022/226/22 1026/231/22 1028/207/22
f 1023/216/23 1026/231/23 1025/207/23
f 1024/216/24 1026/231/24 1027/220/24
f 973/208/25 990/207/25 987/205/25
f 990/232/26 975/210/26 988/209/26
f 980/205/27 978/226/27 974/233/27
f 986/207/28 975/234/28 978/226/28
f 981/213/29 1000/207/29 985/216/29
f 1000/209/30 982/216/30 985/207/30
f 989/235/31 999/221/31 995/224/31
f 992/208/32 996/207/32 999/209/32
f 987/216/33 1018/209/33 1015/208/33
f 993/216/34 1016/224/34 1018/208/34
f 1022/208/35 997/207/35 994/216/35
f 1028/209/36 995/212/36 997/207/36
f 1017/236/37 1027/209/37 1023/207/37
f 1020/208/38 1024/221/38 1027/209/38
f 1015/207/39 1004/208/39 1001/226/39
f 1004/237/40 1017/224/40 1002/207/40
f 1008/216/41 1025/209/41 1022/221/41
f 1014/207/42 1023/208/42 1025/209/42
f 1003/238/43 1013/205/43 1009/210/43
f 1006/216/44 1010/209/44 1013/207/44
f 1001/209/45 976/216/45 973/207/45
f 1007/208/46 974/210/46 976/216/46
f 981/207/47 1011/208/47 1008/209/47
f 983/207/48 1009/220/48 1011/209/48
f 1015/209/49 973/216/49 987/207/49
f 982/207/50 988/234/50 975/216/50
f 1009/209/51 974/216/51 1003/234/51
f 994/207/52 1008/208/52 1022/209/52
f 995/207/53 1016/208/53 989/236/53
f 1023/209/54 1002/236/54 1017/208/54
f 1029/33/1 1033/239/1 1035/45/1
f 1030/33/2 1033/239/2 1032/34/2
f 1031/33/3 1033/239/3 1034/240/3
f 1036/34/4 1040/241/4 1042/242/4
f 1037/33/5 1040/239/5 1039/34/5
f 1038/34/6 1040/241/6 1041/35/6
f 1043/243/7 1047/241/7 1049/33/7
f 1044/244/8 1047/245/8 1046/37/8
f 1045/33/9 1047/246/9 1048/240/9
f 1050/34/10 1054/247/10 1056/248/10
f 1051/34/11 1054/247/11 1053/33/11
f 1052/37/12 1054/249/12 1055/250/12
f 1057/45/13 1061/251/13 1063/37/13
f 1058/35/14 1061/252/14 1060/34/14
f 1059/32/15 1061/251/15 1062/253/15
f 1064/32/16 1068/254/16 1070/30/16
f 1065/37/17 1068/255/17 1067/32/17
f 1066/34/56 1068/256/56 1069/242/56
f 1071/37/19 1075/49/19 1077/243/19
f 1072/32/20 1075/257/20 1074/37/20
f 1073/32/21 1075/257/21 1076/253/21
f 1078/248/22 1082/255/22 1084/32/22
f 1079/258/23 1082/255/23 1081/32/23
f 1080/37/24 1082/255/24 1083/250/24
f 1029/259/25 1046/153/25 1043/33/25
f 1046/260/26 1031/157/26 1044/33/26
f 1036/33/27 1034/37/27 1030/259/27
f 1034/37/28 1038/33/28 1031/259/28
f 1050/156/29 1041/37/29 1037/259/29
f 1056/33/30 1038/51/30 1041/32/30
f 1051/33/31 1048/37/31 1055/32/31
f 1048/261/32 1052/32/32 1055/33/32
f 1071/34/33 1049/262/33 1074/33/33
f 1074/34/34 1045/32/34 1072/33/34
f 1050/37/35 1084/263/35 1053/32/35
f 1053/32/36 1080/34/36 1051/37/36
f 1079/32/37 1076/34/37 1083/33/37
f 1076/34/38 1080/32/38 1083/33/38
f 1071/153/39 1060/34/39 1057/37/39
f 1060/51/40 1073/264/40 1058/32/40
f 1064/50/41 1081/264/41 1078/32/41
f 1081/264/42 1066/51/42 1079/34/42
f 1065/32/43 1062/34/43 1069/33/43
f 1062/265/44 1066/33/44 1069/32/44
f 1029/32/45 1063/266/45 1032/37/45
f 1032/37/46 1059/33/46 1030/32/46
f 1037/32/47 1067/34/47 1064/33/47
f 1039/32/48 1065/34/48 1067/33/48
f 1071/33/49 1029/37/49 1043/32/49
f 1038/32/50 1044/34/50 1031/37/50
f 1065/33/51 1030/37/51 1059/34/51
f 1050/32/52 1064/34/52 1078/33/52
f 1051/32/53 1072/34/53 1045/37/53
f 1079/33/54 1058/37/54 1073/34/54
f 1085/267/120 1086/268/120 1087/58/120
f 1086/56/121 1085/269/121 1090/52/121
f 1085/52/122 1087/270/122 1088/54/122
f 1085/56/123 1088/58/123 1089/271/123
f 1085/272/124 1089/54/124 1090/273/124
f 1086/58/125 1090/56/125 1095/274/125
f 1087/58/126 1086/56/126 1091/275/126
f 1088/56/127 1087/58/127 1092/276/127
f 1089/56/128 1088/58/128 1093/277/128
f 1090/56/129 1089/58/129 1094/275/129
f 1086/278/130 1095/52/130 1091/54/130
f 1087/279/131 1091/52/131 1092/54/131
f 1088/280/132 1092/54/132 1093/52/132
f 1089/279/133 1093/54/133 1094/52/133
f 1090/281/134 1094/52/134 1095/54/134
f 1091/282/135 1095/52/135 1096/54/135
f 1092/283/136 1091/56/136 1096/284/136
f 1093/54/137 1092/58/137 1096/285/137
f 1094/52/138 1093/286/138 1096/287/138
f 1095/56/139 1094/288/139 1096/58/139
f 1097/264/1 1101/289/1 1103/32/1
f 1098/33/2 1101/289/2 1100/34/2
f 1099/33/3 1101/289/3 1102/153/3
f 1104/260/4 1108/133/4 1110/290/4
f 1105/128/5 1108/289/5 1107/34/5
f 1106/34/6 1108/133/6 1109/33/6
f 1111/139/7 1115/291/7 1117/33/7
f 1112/32/8 1115/142/8 1114/37/8
f 1113/264/9 1115/129/9 1116/153/9
f 1118/260/10 1122/291/10 1124/37/10
f 1119/34/11 1122/291/11 1121/33/11
f 1120/37/12 1122/151/12 1123/292/12
f 1125/293/13 1129/294/13 1131/37/13
f 1126/33/14 1129/138/14 1128/34/14
f 1127/295/15 1129/294/15 1130/156/15
f 1132/295/16 1136/294/16 1138/33/16
f 1133/37/17 1136/151/17 1135/32/17
f 1134/34/18 1136/135/18 1137/290/18
f 1139/296/19 1143/297/19 1145/34/19
f 1140/32/20 1143/142/20 1142/37/20
f 1141/32/21 1143/142/21 1144/156/21
f 1146/298/22 1150/297/22 1152/32/22
f 1147/37/23 1150/297/23 1149/32/23
f 1148/296/24 1150/297/24 1151/292/24
f 1097/34/25 1114/32/25 1111/264/25
f 1103/37/26 1112/156/26 1114/34/26
f 1104/299/27 1102/37/27 1098/34/27
f 1110/32/28 1099/300/28 1102/37/28
f 1118/33/29 1109/37/29 1105/260/29
f 1124/33/30 1106/290/30 1109/32/30
f 1113/301/31 1123/32/31 1119/33/31
f 1116/34/32 1120/153/32 1123/33/32
f 1111/37/33 1142/264/33 1139/34/33
f 1117/302/34 1140/156/34 1142/34/34
f 1146/34/35 1121/157/35 1118/37/35
f 1152/264/36 1119/290/36 1121/157/36
f 1141/303/37 1151/33/37 1147/32/37
f 1144/34/38 1148/304/38 1151/33/38
f 1139/32/39 1128/34/39 1125/296/39
f 1145/34/40 1126/153/40 1128/37/40
f 1132/37/41 1149/33/41 1146/295/41
f 1138/32/42 1147/292/42 1149/33/42
f 1127/305/43 1137/33/43 1133/32/43
f 1130/37/44 1134/156/44 1137/32/44
f 1125/33/45 1100/51/45 1097/32/45
f 1131/260/46 1098/153/46 1100/51/46
f 1105/32/47 1135/260/47 1132/33/47
f 1107/306/48 1133/292/48 1135/33/48
f 1139/264/49 1097/51/49 1111/32/49
f 1099/303/50 1120/156/50 1112/34/50
f 1127/300/51 1104/153/51 1098/51/51
f 1118/157/52 1132/260/52 1146/33/52
f 1113/303/53 1148/156/53 1140/260/53
f 1141/300/54 1134/153/54 1126/37/54
f 1153/209/1 1157/307/1 1159/207/1
f 1154/205/2 1157/307/2 1156/208/2
f 1155/224/3 1157/307/3 1158/207/3
f 1160/233/4 1164/308/4 1166/216/4
f 1161/209/5 1164/307/5 1163/208/5
f 1162/233/6 1164/308/6 1165/209/6
f 1167/208/7 1171/309/7 1173/209/7
f 1168/210/8 1171/310/8 1170/216/8
f 1169/224/9 1171/311/9 1172/207/9
f 1174/208/10 1178/309/10 1180/216/10
f 1175/213/11 1178/309/11 1177/209/11
f 1176/312/12 1178/313/12 1179/208/12
f 1181/207/13 1185/314/13 1187/216/13
f 1182/224/14 1185/311/14 1184/208/14
f 1183/210/15 1185/314/15 1186/209/15
f 1188/207/16 1192/314/16 1194/209/16
f 1189/226/17 1192/315/17 1191/207/17
f 1190/233/18 1192/309/18 1193/216/18
f 1195/216/19 1199/313/19 1201/208/19
f 1196/221/20 1199/316/20 1198/216/20
f 1197/210/21 1199/316/21 1200/209/21
f 1202/216/22 1206/313/22 1208/207/22
f 1203/312/147 1206/313/147 1205/207/147
f 1204/312/24 1206/313/24 1207/208/24
f 1153/208/25 1170/207/25 1167/209/25
f 1159/216/26 1168/209/26 1170/317/26
f 1160/209/27 1158/216/27 1154/235/27
f 1166/207/28 1155/208/28 1158/216/28
f 1174/209/29 1165/216/29 1161/208/29
f 1180/209/30 1162/216/30 1165/318/30
f 1169/208/31 1179/207/31 1175/205/31
f 1172/234/32 1176/207/32 1179/209/32
f 1167/216/33 1198/209/33 1195/208/33
f 1173/216/34 1196/209/34 1198/208/34
f 1202/208/35 1177/207/35 1174/216/35
f 1208/209/36 1175/216/36 1177/207/36
f 1197/216/37 1207/209/37 1203/207/37
f 1200/234/38 1204/207/38 1207/209/38
f 1195/207/39 1184/208/39 1181/216/39
f 1201/208/40 1182/207/40 1184/319/40
f 1188/216/41 1205/209/41 1202/207/41
f 1194/207/42 1203/208/42 1205/209/42
f 1183/216/43 1193/209/43 1189/221/43
f 1186/236/44 1190/209/44 1193/207/44
f 1181/209/45 1156/216/45 1153/207/45
f 1187/208/46 1154/207/46 1156/216/46
f 1161/207/47 1191/208/47 1188/209/47
f 1163/207/48 1189/208/48 1191/209/48
f 1195/209/49 1153/216/49 1167/207/49
f 1162/210/50 1168/233/50 1155/216/50
f 1189/209/51 1154/216/51 1183/208/51
f 1174/207/52 1188/208/52 1202/209/52
f 1175/207/53 1196/208/53 1169/216/53
f 1203/224/54 1182/312/54 1197/208/54
f 1209/320/1 1213/321/1 1215/32/1
f 1210/33/2 1213/321/2 1212/260/2
f 1211/322/3 1213/321/3 1214/32/3
f 1216/292/4 1220/323/4 1222/37/4
f 1217/320/5 1220/324/5 1219/34/5
f 1218/325/6 1220/323/6 1221/33/6
f 1223/326/7 1227/256/7 1229/33/7
f 1224/327/8 1227/142/8 1226/37/8
f 1225/156/9 1227/328/9 1228/32/9
f 1230/326/10 1234/329/10 1236/37/10
f 1231/34/11 1234/329/11 1233/264/11
f 1232/330/12 1234/151/12 1235/34/12
f 1237/331/13 1241/332/13 1243/37/13
f 1238/333/14 1241/138/14 1240/34/14
f 1239/153/15 1241/332/15 1242/33/15
f 1244/331/16 1248/332/16 1250/33/16
f 1245/37/17 1248/141/17 1247/295/17
f 1246/334/18 1248/135/18 1249/37/18
f 1251/335/19 1255/249/19 1257/34/19
f 1252/32/20 1255/137/20 1254/296/20
f 1253/336/21 1255/137/21 1256/33/21
f 1258/335/22 1262/249/22 1264/32/22
f 1259/337/23 1262/249/23 1261/32/23
f 1260/290/24 1262/249/24 1263/34/24
f 1223/264/25 1215/51/25 1226/32/25
f 1215/51/26 1224/33/26 1226/34/26
f 1216/33/27 1214/37/27 1210/34/27
f 1222/153/28 1211/34/28 1214/37/28
f 1230/33/29 1221/50/29 1217/260/29
f 1221/157/30 1232/292/30 1218/37/30
f 1225/34/31 1235/32/31 1231/33/31
f 1228/34/32 1232/32/32 1235/156/32
f 1223/37/33 1254/33/33 1251/34/33
f 1254/34/34 1225/405/34 1252/33/34
f 1230/51/35 1264/33/35 1233/32/35
f 1264/33/36 1231/51/36 1233/32/36
f 1253/37/37 1263/33/37 1259/32/37
f 1256/300/38 1260/32/38 1263/33/38
f 1251/32/39 1240/34/39 1237/296/39
f 1240/51/40 1253/156/40 1238/32/40
f 1258/295/41 1250/259/41 1261/33/41
f 1250/157/42 1259/34/42 1261/33/42
f 1239/37/43 1249/33/43 1245/32/43
f 1242/37/44 1246/33/44 1249/153/44
f 1209/157/45 1243/34/45 1212/37/45
f 1243/34/46 1210/157/46 1212/37/46
f 1217/32/47 1247/34/47 1244/33/47
f 1247/33/48 1216/406/48 1245/34/48
f 1251/33/49 1209/51/49 1223/32/49
f 1218/153/50 1224/300/50 1211/37/50
f 1245/156/51 1210/303/51 1239/34/51
f 1230/157/52 1244/34/52 1258/33/52
f 1231/153/53 1252/300/53 1225/37/53
f 1259/156/54 1238/303/54 1253/34/54
f 1265/338/120 1266/339/120 1267/10/120
f 1266/5/121 1265/340/121 1270/4/121
f 1265/4/122 1267/341/122 1268/3/122
f 1265/5/123 1268/10/123 1269/342/123
f 1265/343/124 1269/3/124 1270/344/124
f 1266/10/125 1270/5/125 1275/345/125
f 1267/10/126 1266/5/126 1271/346/126
f 1268/5/127 1267/10/127 1272/347/127
f 1269/5/128 1268/10/128 1273/348/128
f 1270/5/129 1269/10/129 1274/346/129
f 1266/349/130 1275/4/130 1271/3/130
f 1267/350/131 1271/4/131 1272/3/131
f 1268/351/132 1272/3/132 1273/4/132
f 1269/350/133 1273/3/133 1274/4/133
f 1270/352/134 1274/4/134 1275/3/134
f 1271/353/135 1275/4/135 1276/3/135
f 1272/354/136 1271/5/136 1276/355/136
f 1273/3/137 1272/10/137 1276/356/137
f 1274/4/138 1273/357/138 1276/358/138
f 1275/5/139 1274/359/139 1276/10/139
f 1277/33/1 1281/144/1 1283/45/1
f 1278/35/2 1281/144/2 1280/34/2
f 1279/33/98 1281/144/98 1282/32/98
f 1284/34/141 1288/360/141 1290/37/141
f 1285/33/5 1288/144/5 1287/38/5
f 1286/34/6 1288/360/6 1289/33/6
f 1291/38/7 1295/40/7 1297/33/7
f 1292/32/8 1295/361/8 1294/37/8
f 1293/128/9 1295/362/9 1296/32/9
f 1298/34/10 1302/149/10 1304/48/10
f 1299/38/11 1302/149/11 1301/33/11
f 1300/37/12 1302/363/12 1303/34/12
f 1305/41/13 1309/254/13 1311/37/13
f 1306/33/14 1309/364/14 1308/34/14
f 1307/145/142 1309/254/142 1310/33/142
f 1312/32/16 1316/137/16 1318/30/16
f 1313/43/17 1316/365/17 1315/32/17
f 1314/34/18 1316/366/18 1317/37/18
f 1319/37/19 1323/141/19 1325/39/19
f 1320/41/20 1323/367/20 1322/37/20
f 1321/32/21 1323/367/21 1324/33/21
f 1326/43/22 1330/49/22 1332/32/22
f 1327/37/23 1330/49/23 1329/32/23
f 1328/143/24 1330/49/24 1331/34/24
f 1277/300/25 1294/145/25 1291/156/25
f 1283/37/26 1292/33/26 1294/34/26
f 1284/33/27 1282/143/27 1278/38/27
f 1290/32/28 1279/34/28 1282/37/28
f 1298/156/29 1289/37/29 1285/300/29
f 1304/33/30 1286/37/30 1289/32/30
f 1293/34/31 1303/32/31 1299/35/31
f 1296/34/32 1300/32/32 1303/33/32
f 1291/37/33 1322/33/33 1319/260/33
f 1322/260/34 1293/32/34 1320/33/34
f 1326/34/35 1301/32/35 1298/51/35
f 1301/32/36 1328/34/36 1299/37/36
f 1321/37/37 1331/33/37 1327/32/37
f 1331/33/38 1320/43/38 1328/32/38
f 1319/153/39 1308/34/39 1305/303/39
f 1325/39/40 1306/32/40 1308/37/40
f 1312/303/41 1329/128/41 1326/153/41
f 1318/32/42 1327/34/42 1329/128/42
f 1313/41/43 1310/139/43 1317/33/43
f 1310/37/44 1314/33/44 1317/32/44
f 1305/33/45 1280/37/45 1277/157/45
f 1280/37/46 1307/33/46 1278/32/46
f 1285/157/47 1315/34/47 1312/264/47
f 1315/264/48 1284/37/48 1313/34/48
f 1319/33/49 1277/37/49 1291/32/49
f 1286/32/50 1292/34/50 1279/37/50
f 1307/260/51 1284/157/51 1278/37/51
f 1298/32/52 1312/34/52 1326/33/52
f 1293/51/53 1328/264/53 1320/34/53
f 1327/33/54 1306/37/54 1321/34/54
f 1333/368/1 1337/369/1 1339/207/1
f 1334/370/2 1337/369/2 1336/208/2
f 1335/371/3 1337/369/3 1338/207/3
f 1340/372/4 1344/309/4 1346/312/4
f 1341/373/148 1344/374/148 1343/208/148
f 1342/372/6 1344/309/6 1345/209/6
f 1347/375/145 1351/376/145 1353/209/145
f 1348/377/8 1351/378/8 1350/216/8
f 1349/371/9 1351/379/9 1352/207/9
f 1354/380/10 1358/381/10 1360/216/10
f 1355/382/11 1358/381/11 1357/209/11
f 1356/383/12 1358/384/12 1359/208/12
f 1361/318/146 1365/385/146 1367/216/146
f 1362/386/14 1365/387/14 1364/208/14
f 1363/388/15 1365/385/15 1366/209/15
f 1368/389/16 1372/390/16 1374/209/16
f 1369/391/17 1372/392/17 1371/207/17
f 1370/393/18 1372/376/18 1373/216/18
f 1375/394/19 1379/315/19 1381/208/19
f 1376/395/20 1379/378/20 1378/216/20
f 1377/388/21 1379/378/21 1380/209/21
f 1382/396/22 1386/384/22 1388/207/22
f 1383/397/23 1386/384/23 1385/207/23
f 1384/383/24 1386/384/24 1387/208/24
f 1347/209/25 1339/236/25 1350/388/25
f 1339/396/26 1348/224/26 1350/208/26
f 1340/398/27 1338/399/27 1334/208/27
f 1346/207/28 1335/208/28 1338/399/28
f 1354/398/29 1345/400/29 1341/208/29
f 1345/207/30 1356/208/30 1342/312/30
f 1349/372/31 1359/388/31 1355/209/31
f 1352/401/32 1356/207/32 1359/209/32
f 1347/216/33 1378/209/33 1375/208/33
f 1353/396/34 1376/224/34 1378/208/34
f 1382/208/35 1357/207/35 1354/216/35
f 1388/209/36 1355/312/36 1357/207/36
f 1377/216/37 1387/224/37 1383/207/37
f 1380/234/38 1384/402/38 1387/224/38
f 1375/402/39 1364/208/39 1361/216/39
f 1364/216/40 1377/209/40 1362/210/40
f 1382/207/41 1374/234/41 1385/209/41
f 1374/318/42 1383/233/42 1385/209/42
f 1363/403/43 1373/371/43 1369/207/43
f 1366/404/44 1370/209/44 1373/207/44
f 1361/209/45 1336/216/45 1333/207/45
f 1367/375/46 1334/210/46 1336/216/46
f 1341/207/47 1371/208/47 1368/209/47
f 1343/207/48 1369/233/48 1371/209/48
f 1347/207/49 1361/208/49 1333/216/49
f 1342/207/50 1348/208/50 1335/236/50
f 1369/209/51 1334/216/51 1363/234/51
f 1382/209/52 1341/216/52 1368/208/52
f 1355/207/53 1376/208/53 1349/236/53
f 1383/209/54 1362/216/54 1377/234/54
f 1/1/149 4/5/149 5/2/149
f 2/4/150 6/7/150 5/2/150
f 3/6/58 7/5/58 5/2/58
f 8/8/151 11/4/151 12/9/151
f 9/1/152 13/3/152 12/2/152
f 10/11/153 14/10/153 12/9/153
f 15/5/154 18/10/154 19/12/154
f 16/3/155 20/4/155 19/13/155
f 17/14/156 21/5/156 19/15/156
f 22/16/157 25/4/157 26/12/157
f 23/5/158 27/10/158 26/12/158
f 24/17/65 28/3/65 26/18/65
f 29/3/159 32/4/159 33/19/159
f 30/4/160 34/3/160 33/15/160
f 31/7/161 35/10/161 33/19/161
f 36/20/162 39/10/162 40/19/162
f 37/10/163 41/5/163 40/21/163
f 38/11/73 42/4/73 40/22/73
f 43/24/164 46/3/164 47/21/164
f 44/3/165 48/14/165 47/19/165
f 45/25/80 49/10/80 47/19/80
f 50/10/166 53/5/166 54/21/166
f 51/10/167 55/5/167 54/21/167
f 52/23/168 56/3/168 54/21/168
f 15/4/25 1/5/25 7/10/25
f 7/10/26 3/3/26 16/14/26
f 8/4/27 14/7/27 6/10/27
f 14/7/28 10/4/28 3/26/28
f 22/4/29 28/3/29 13/27/29
f 28/4/30 24/5/30 10/23/30
f 23/4/31 17/5/31 20/27/31
f 20/5/32 16/10/32 24/7/32
f 15/10/33 21/3/33 46/1/33
f 21/28/34 17/7/34 44/4/34
f 50/5/35 56/4/35 25/20/35
f 56/4/36 52/8/36 23/10/36
f 45/27/37 48/11/37 55/4/37
f 55/4/38 48/11/38 44/10/38
f 29/10/39 43/3/39 49/14/39
f 49/5/40 45/4/40 30/7/40
f 50/3/41 36/10/41 42/26/41
f 42/3/42 38/10/42 51/8/42
f 37/3/43 31/10/43 34/26/43
f 34/10/44 30/5/44 38/14/44
f 29/4/45 35/5/45 4/24/45
f 35/5/46 31/14/46 2/3/46
f 9/3/47 11/10/47 39/5/47
f 11/29/48 8/23/48 37/5/48
f 43/4/49 29/5/49 1/10/49
f 10/3/50 24/14/50 16/5/50
f 37/14/51 8/3/51 2/27/51
f 22/3/52 9/10/52 36/5/52
f 23/7/53 52/4/53 44/26/53
f 51/4/54 38/7/54 30/10/54
f 57/30/149 60/34/149 61/31/149
f 58/33/150 62/32/150 61/31/150
f 59/35/58 63/34/58 61/31/58
f 64/34/151 67/33/151 68/36/151
f 65/30/152 69/32/152 68/31/152
f 66/38/153 70/37/153 68/36/153
f 71/39/154 74/37/154 75/40/154
f 72/41/155 76/33/155 75/42/155
f 73/33/156 77/34/156 75/31/156
f 78/39/157 81/33/157 82/40/157
f 79/34/158 83/37/158 82/40/158
f 80/43/65 84/32/65 82/44/65
f 85/45/159 88/33/159 89/46/159
f 86/35/160 90/32/160 89/31/160
f 87/32/161 91/37/161 89/46/161
f 92/45/162 95/37/162 96/46/162
f 93/37/163 97/34/163 96/47/163
f 94/38/73 98/33/73 96/36/73
f 99/48/164 102/32/164 103/49/164
f 100/32/165 104/33/165 103/46/165
f 101/41/80 105/37/80 103/46/80
f 106/48/166 109/34/166 110/49/166
f 107/43/167 111/34/167 110/49/167
f 108/37/168 112/32/168 110/49/168
f 57/34/25 63/51/25 74/32/25
f 74/34/26 63/51/26 59/32/26
f 64/33/27 70/32/27 62/37/27
f 70/32/28 66/33/28 59/34/28
f 65/34/29 78/33/29 84/32/29
f 84/33/30 80/34/30 66/37/30
f 73/34/31 76/37/31 83/32/31
f 76/34/32 72/37/32 80/32/32
f 71/37/33 77/32/33 102/33/33
f 77/37/34 73/32/34 100/33/34
f 106/34/35 112/33/35 81/32/35
f 112/33/36 108/34/36 79/37/36
f 101/37/37 104/34/37 111/33/37
f 104/34/38 100/37/38 108/32/38
f 85/37/39 99/32/39 105/33/39
f 105/34/40 101/33/40 86/32/40
f 92/37/41 98/259/41 109/33/41
f 109/33/42 98/157/42 94/37/42
f 87/37/43 90/34/43 97/33/43
f 90/37/44 86/34/44 94/33/44
f 85/33/45 91/34/45 60/37/45
f 91/34/46 87/33/46 58/32/46
f 65/32/47 67/37/47 95/34/47
f 67/32/48 64/37/48 93/34/48
f 99/33/49 85/34/49 57/37/49
f 66/32/50 80/33/50 72/34/50
f 93/33/51 64/32/51 58/37/51
f 78/32/52 65/37/52 92/34/52
f 79/32/53 108/33/53 100/34/53
f 107/33/54 94/32/54 86/37/54
f 113/52/149 116/56/149 117/53/149
f 114/52/150 118/54/150 117/55/150
f 115/52/58 119/56/58 117/55/58
f 120/56/151 123/52/151 124/57/151
f 121/52/152 125/54/152 124/53/152
f 122/56/169 126/58/169 124/57/169
f 113/56/154 119/58/154 128/59/154
f 115/54/155 129/52/155 128/60/155
f 127/52/156 130/56/156 128/55/156
f 121/56/157 132/52/157 133/59/157
f 131/56/170 134/58/170 133/57/170
f 122/58/65 125/54/65 133/61/65
f 135/54/159 138/52/159 139/62/159
f 136/52/160 140/54/160 139/63/160
f 137/54/161 141/58/161 139/64/161
f 142/54/162 145/58/162 146/62/162
f 143/58/163 147/56/163 146/65/163
f 144/56/73 148/52/73 146/66/73
f 135/58/164 150/54/164 151/67/164
f 149/54/165 152/52/165 151/64/165
f 136/54/80 138/58/80 151/64/80
f 142/58/166 148/56/166 154/67/166
f 144/58/171 155/56/171 154/61/171
f 153/58/168 156/54/168 154/61/168
f 120/52/27 126/54/27 118/58/27
f 126/54/28 122/52/28 115/56/28
f 127/56/31 129/58/31 134/54/31
f 129/56/32 115/58/32 122/54/32
f 113/58/33 130/54/33 150/52/33
f 130/58/34 127/54/34 149/52/34
f 142/56/35 156/52/35 132/54/35
f 156/52/36 153/56/36 131/58/36
f 136/58/37 152/56/37 155/52/37
f 152/56/38 149/58/38 153/54/38
f 137/58/43 140/56/43 147/52/43
f 140/58/44 136/56/44 144/52/44
f 135/52/45 141/56/45 116/58/45
f 141/56/46 137/52/46 114/54/46
f 121/54/47 123/58/47 145/56/47
f 123/54/48 120/58/48 143/56/48
f 143/52/51 120/54/51 114/58/51
f 131/54/53 153/52/53 149/56/53
f 157/68/172 160/71/172 161/69/172
f 158/68/173 162/72/173 161/69/173
f 159/68/6 163/73/6 161/69/6
f 164/73/174 167/77/174 168/74/174
f 165/68/175 169/70/175 168/69/175
f 166/73/176 170/75/176 168/74/176
f 157/73/8 163/79/8 172/76/8
f 159/70/177 173/86/177 172/78/177
f 171/68/178 174/71/178 172/80/178
f 165/73/179 176/77/179 177/76/179
f 175/73/180 178/75/180 177/76/180
f 166/79/181 169/70/181 177/81/181
f 179/70/182 182/68/182 183/83/182
f 180/68/183 184/72/183 183/85/183
f 181/70/184 185/84/184 183/83/184
f 186/70/185 189/84/185 190/83/185
f 187/79/186 191/82/186 190/87/186
f 188/73/14 192/68/14 190/89/14
f 179/79/187 194/88/187 195/90/187
f 193/70/188 196/86/188 195/91/188
f 180/70/189 182/79/189 195/91/189
f 186/79/23 192/73/23 198/90/23
f 188/79/190 199/82/190 198/90/190
f 197/79/191 200/88/191 198/90/191
f 158/73/82 164/68/82 170/70/82
f 170/70/83 166/68/83 159/73/83
f 171/73/84 173/79/84 178/70/84
f 178/68/85 173/73/85 159/79/85
f 157/79/86 174/70/86 194/68/86
f 194/73/87 174/79/87 171/70/87
f 186/73/88 200/68/88 176/70/88
f 176/70/89 200/68/89 197/73/89
f 188/70/90 180/79/90 196/73/90
f 196/73/91 193/79/91 197/70/91
f 187/70/92 181/79/92 184/73/92
f 184/79/93 180/73/93 188/68/93
f 157/70/94 179/68/94 185/73/94
f 185/73/95 181/68/95 158/70/95
f 186/68/96 165/70/96 167/79/96
f 167/70/97 164/79/97 187/73/97
f 181/73/51 187/68/51 164/70/51
f 175/70/53 197/68/53 193/73/53
f 201/92/149 204/94/149 205/93/149
f 202/4/150 206/3/150 205/93/150
f 203/4/192 207/5/192 205/93/192
f 208/5/193 211/99/193 212/95/193
f 209/92/194 213/3/194 212/96/194
f 210/5/195 214/10/195 212/95/195
f 215/97/154 218/10/154 219/98/154
f 216/3/196 220/4/196 219/100/196
f 217/4/156 221/94/156 219/101/156
f 222/97/197 225/99/197 226/102/197
f 223/5/158 227/10/158 226/102/158
f 224/10/65 228/3/65 226/103/65
f 229/104/159 232/4/159 233/105/159
f 230/4/198 234/3/198 233/107/198
f 231/3/161 235/106/161 233/105/161
f 236/104/199 239/106/199 240/108/199
f 237/10/163 241/5/163 240/109/163
f 238/5/73 242/4/73 240/9/73
f 243/111/164 246/110/164 247/112/164
f 244/3/165 248/4/165 247/113/165
f 245/3/200 249/10/200 247/113/200
f 250/111/201 253/5/201 254/114/201
f 251/10/202 255/5/202 254/114/202
f 252/10/203 256/110/203 254/114/203
f 201/5/25 207/10/25 218/7/25
f 207/10/26 203/3/26 216/4/26
f 208/4/27 214/3/27 206/10/27
f 214/3/28 210/4/28 203/5/28
f 222/4/29 228/3/29 213/27/29
f 228/4/30 224/5/30 210/10/30
f 217/5/31 220/10/31 227/3/31
f 220/5/32 216/10/32 224/3/32
f 215/10/33 221/3/33 246/92/33
f 221/10/34 217/3/34 244/4/34
f 250/5/35 256/4/35 225/104/35
f 256/4/36 252/5/36 223/10/36
f 245/10/37 248/5/37 255/4/37
f 248/5/38 244/10/38 252/3/38
f 243/3/39 249/14/39 232/5/39
f 249/5/40 245/4/40 230/3/40
f 236/10/41 242/26/41 253/14/41
f 242/3/42 238/10/42 251/5/42
f 231/10/43 234/5/43 241/4/43
f 234/10/44 230/5/44 238/4/44
f 229/4/45 235/5/45 204/111/45
f 235/5/46 231/4/46 202/3/46
f 209/3/47 211/10/47 239/97/47
f 211/3/48 208/10/48 237/5/48
f 243/4/49 229/5/49 201/10/49
f 210/3/50 224/4/50 216/5/50
f 237/4/51 208/3/51 202/10/51
f 222/3/52 209/10/52 236/5/52
f 223/3/53 252/4/53 244/5/53
f 251/4/54 238/3/54 230/10/54
f 257/4/149 260/5/149 261/2/149
f 258/4/150 262/7/150 261/2/150
f 259/4/58 263/5/58 261/2/58
f 264/5/151 267/4/151 268/12/151
f 265/4/152 269/3/152 268/115/152
f 266/11/153 270/23/153 268/12/153
f 271/5/154 274/407/154 275/116/154
f 272/3/155 276/14/155 275/19/155
f 273/4/156 277/5/156 275/2/156
f 278/5/157 281/4/157 282/12/157
f 279/5/158 283/23/158 282/12/158
f 280/10/65 284/3/65 282/21/65
f 285/3/159 288/408/159 289/117/159
f 286/4/160 290/7/160 289/2/160
f 287/3/161 291/10/161 289/117/161
f 292/3/162 295/10/162 296/19/162
f 293/10/163 297/8/163 296/21/163
f 294/5/73 298/4/73 296/12/73
f 299/10/204 302/3/204 303/21/204
f 300/3/165 304/14/165 303/19/165
f 301/3/80 305/10/80 303/19/80
f 306/10/166 309/409/166 310/118/166
f 307/10/167 311/8/167 310/118/167
f 308/10/168 312/3/168 310/118/168
f 271/14/25 257/5/25 263/10/25
f 263/10/26 259/3/26 272/4/26
f 264/14/27 270/3/27 262/10/27
f 270/3/28 266/410/28 259/119/28
f 278/4/29 284/3/29 269/10/29
f 284/4/30 280/5/30 266/10/30
f 279/14/31 273/119/31 276/10/31
f 283/120/32 276/5/32 272/121/32
f 271/10/33 277/3/33 302/1/33
f 277/10/34 273/3/34 300/4/34
f 306/5/35 312/4/35 281/20/35
f 312/4/36 308/5/36 279/10/36
f 307/122/37 301/124/37 304/123/37
f 311/4/38 304/123/38 300/124/38
f 285/125/39 299/3/39 305/4/39
f 305/5/40 301/4/40 286/3/40
f 306/7/41 292/10/41 298/5/41
f 298/3/42 294/10/42 307/5/42
f 293/7/43 287/124/43 290/5/43
f 297/126/44 290/10/44 286/127/44
f 285/4/45 291/5/45 260/24/45
f 291/5/46 287/4/46 258/3/46
f 265/3/47 267/24/47 295/5/47
f 267/3/48 264/10/48 293/5/48
f 299/4/49 285/5/49 257/10/49
f 259/10/50 266/3/50 280/4/50
f 293/4/51 264/3/51 258/10/51
f 278/3/52 265/10/52 292/5/52
f 279/3/53 308/4/53 300/5/53
f 301/5/54 307/4/54 294/3/54
f 313/128/149 316/34/149 317/129/149
f 314/130/150 318/32/150 317/129/150
f 315/131/58 319/34/58 317/129/58
f 320/132/151 323/33/151 324/133/151
f 321/128/152 325/32/152 324/129/152
f 322/134/153 326/37/153 324/133/153
f 327/34/154 330/37/154 331/135/154
f 328/136/155 332/33/155 331/137/155
f 329/131/156 333/139/156 331/138/156
f 334/139/157 337/33/157 338/133/157
f 335/132/158 339/37/158 338/133/158
f 336/140/65 340/32/65 338/141/65
f 341/32/159 344/33/159 345/142/159
f 342/131/160 346/32/160 345/144/160
f 343/136/161 347/143/161 345/142/161
f 348/145/162 351/37/162 352/146/162
f 349/147/163 353/34/163 352/148/163
f 350/134/73 354/33/73 352/149/73
f 355/143/164 358/32/164 359/148/164
f 356/150/165 360/33/165 359/146/165
f 357/136/80 361/37/80 359/146/80
f 362/37/166 365/34/166 366/151/166
f 363/140/167 367/34/167 366/151/167
f 364/140/168 368/145/168 366/151/168
f 327/33/25 313/34/25 319/152/25
f 319/37/26 315/32/26 328/33/26
f 314/34/27 320/33/27 326/153/27
f 326/153/28 322/33/28 315/34/28
f 334/33/29 340/32/29 325/37/29
f 340/33/30 336/34/30 322/37/30
f 329/34/31 332/154/31 339/155/31
f 339/156/32 332/411/32 328/37/32
f 327/51/33 333/32/33 358/33/33
f 358/34/34 333/37/34 329/157/34
f 362/34/35 368/33/35 337/157/35
f 337/157/36 368/33/36 364/34/36
f 357/37/37 360/411/37 367/156/37
f 367/156/38 360/411/38 356/37/38
f 341/37/39 355/32/39 361/158/39
f 361/34/40 357/33/40 342/32/40
f 362/32/41 348/37/41 354/159/41
f 354/32/42 350/37/42 363/34/42
f 343/37/43 346/411/43 353/160/43
f 353/153/44 346/154/44 342/34/44
f 341/33/45 347/34/45 316/51/45
f 316/51/46 347/34/46 343/33/46
f 321/32/47 323/51/47 351/34/47
f 323/157/48 320/37/48 349/34/48
f 355/33/49 341/34/49 313/37/49
f 322/32/50 336/33/50 328/34/50
f 349/33/51 320/32/51 314/37/51
f 334/32/52 321/37/52 348/34/52
f 335/32/53 364/33/53 356/34/53
f 363/33/54 350/32/54 342/37/54
f 369/161/149 372/164/149 373/162/149
f 370/161/150 374/166/150 373/162/150
f 371/161/58 375/164/58 373/165/58
f 376/164/193 379/161/193 380/167/193
f 377/161/205 381/412/205 380/162/205
f 378/169/169 382/168/169 380/170/169
f 369/164/154 375/173/154 384/167/154
f 371/171/206 385/179/206 384/172/206
f 383/161/207 386/164/207 384/162/207
f 377/164/157 388/161/157 389/167/157
f 387/164/170 390/168/170 389/167/170
f 378/173/65 381/163/65 389/174/65
f 391/163/159 394/185/159 395/176/159
f 392/177/208 396/166/208 395/178/208
f 393/163/209 397/173/209 395/176/209
f 398/163/162 401/173/162 402/176/162
f 399/173/163 403/175/163 402/180/163
f 400/164/73 404/161/73 402/181/73
f 391/173/164 406/163/164 407/180/164
f 405/163/210 408/179/210 407/176/210
f 392/163/80 394/173/80 407/182/80
f 398/173/211 404/187/211 410/180/211
f 400/183/171 411/175/171 410/184/171
f 409/173/203 412/163/203 410/180/203
f 376/161/27 382/163/27 374/173/27
f 382/163/28 378/413/28 371/164/28
f 383/164/31 385/173/31 390/163/31
f 385/164/32 371/414/32 378/163/32
f 369/173/33 386/412/33 406/161/33
f 386/173/34 383/163/34 405/161/34
f 398/164/35 412/185/35 388/163/35
f 412/185/36 409/164/36 387/173/36
f 392/173/37 408/169/37 411/161/37
f 408/169/38 405/173/38 409/163/38
f 393/173/43 396/164/43 403/161/43
f 396/173/44 392/415/44 400/161/44
f 391/161/45 397/187/45 372/173/45
f 397/187/46 393/161/46 370/163/46
f 377/163/47 379/416/47 401/164/47
f 379/163/48 376/173/48 399/164/48
f 399/161/51 376/163/51 370/173/51
f 387/163/53 409/161/53 405/164/53
f 413/68/149 416/189/149 417/188/149
f 414/68/150 418/72/150 417/188/150
f 415/68/58 419/73/58 417/188/58
f 420/73/151 423/192/151 424/190/151
f 421/68/205 425/70/205 424/188/205
f 422/73/153 426/75/153 424/190/153
f 413/73/154 419/79/154 428/191/154
f 415/70/155 429/86/155 428/78/155
f 427/68/156 430/189/156 428/193/156
f 421/73/157 432/192/157 433/191/157
f 431/73/158 434/75/158 433/191/158
f 422/79/65 425/70/65 433/81/65
f 435/70/159 438/68/159 439/194/159
f 436/68/160 440/72/160 439/85/160
f 437/70/161 441/195/161 439/194/161
f 442/70/162 445/195/162 446/194/162
f 443/79/163 447/82/163 446/196/163
f 444/73/212 448/68/212 446/89/212
f 435/79/164 450/197/164 451/198/164
f 449/70/165 452/86/165 451/199/165
f 436/70/80 438/79/80 451/199/80
f 442/79/211 448/73/211 454/198/211
f 444/79/167 455/82/167 454/198/167
f 453/79/168 456/197/168 454/198/168
f 420/68/27 426/70/27 418/79/27
f 426/70/28 422/68/28 415/73/28
f 427/73/31 429/79/31 434/70/31
f 429/73/32 415/79/32 422/70/32
f 435/73/33 413/79/33 430/70/33
f 430/79/34 427/70/34 449/68/34
f 442/73/35 456/68/35 432/70/35
f 432/70/36 456/68/36 453/73/36
f 436/79/37 452/73/37 455/68/37
f 452/73/38 449/79/38 453/70/38
f 437/79/43 440/73/43 447/68/43
f 440/79/44 436/73/44 444/68/44
f 435/68/45 441/73/45 416/79/45
f 416/79/46 441/73/46 437/68/46
f 442/68/47 421/70/47 423/79/47
f 423/70/48 420/79/48 443/73/48
f 443/68/51 420/70/51 414/79/51
f 431/70/53 453/68/53 449/73/53
f 457/68/149 460/189/149 461/188/149
f 458/68/150 462/72/150 461/188/150
f 459/68/58 463/73/58 461/188/58
f 464/73/151 467/192/151 468/190/151
f 465/68/205 469/70/205 468/188/205
f 466/73/153 470/75/153 468/190/153
f 457/73/154 463/79/154 472/191/154
f 459/70/155 473/86/155 472/78/155
f 471/68/156 474/189/156 472/193/156
f 465/73/157 476/192/157 477/191/157
f 475/73/213 478/75/213 477/191/213
f 466/79/65 469/70/65 477/81/65
f 479/70/159 482/68/159 483/194/159
f 480/68/160 484/72/160 483/85/160
f 481/70/161 485/195/161 483/194/161
f 486/70/162 489/195/162 490/194/162
f 487/79/163 491/82/163 490/196/163
f 488/73/212 492/68/212 490/89/212
f 479/79/164 494/197/164 495/198/164
f 493/70/165 496/86/165 495/199/165
f 480/70/80 482/79/80 495/199/80
f 486/79/211 492/73/211 498/198/211
f 488/79/167 499/82/167 498/198/167
f 497/79/168 500/197/168 498/198/168
f 464/68/27 470/70/27 462/79/27
f 470/70/28 466/68/28 459/73/28
f 471/73/31 473/79/31 478/70/31
f 473/73/32 459/79/32 466/70/32
f 457/79/33 474/70/33 494/68/33
f 494/73/34 474/79/34 471/70/34
f 465/79/35 486/73/35 500/68/35
f 500/68/36 497/73/36 475/79/36
f 480/79/37 496/73/37 499/68/37
f 496/73/38 493/79/38 497/70/38
f 481/79/43 484/73/43 491/68/43
f 484/79/44 480/73/44 488/68/44
f 457/70/45 479/68/45 485/73/45
f 485/73/46 481/68/46 458/70/46
f 465/70/47 467/79/47 489/73/47
f 489/68/48 467/70/48 464/79/48
f 487/68/51 464/70/51 458/79/51
f 475/70/53 497/68/53 493/73/53
f 501/4/149 504/123/149 505/200/149
f 502/14/150 506/3/150 505/200/150
f 503/4/58 507/5/58 505/200/58
f 508/5/151 511/120/151 512/201/151
f 509/14/152 513/3/152 512/200/152
f 510/8/153 514/10/153 512/201/153
f 515/8/154 518/10/154 519/201/154
f 516/7/155 520/4/155 519/13/155
f 517/4/156 521/123/156 519/200/156
f 522/5/157 525/120/157 526/201/157
f 523/8/158 527/10/158 526/201/158
f 524/10/214 528/3/214 526/18/214
f 529/7/159 532/4/159 533/202/159
f 530/14/160 534/3/160 533/15/160
f 531/3/161 535/203/161 533/202/161
f 536/3/162 539/203/162 540/202/162
f 537/23/163 541/5/163 540/204/163
f 538/5/215 542/4/215 540/22/215
f 543/10/164 546/126/164 547/204/164
f 544/7/165 548/4/165 547/202/165
f 545/3/80 549/10/80 547/202/80
f 550/23/166 553/5/166 554/204/166
f 551/23/167 555/5/167 554/204/167
f 552/10/168 556/126/168 554/204/168
f 501/5/25 507/10/25 518/7/25
f 507/10/26 503/3/26 516/14/26
f 508/4/27 514/3/27 506/27/27
f 514/3/28 510/4/28 503/5/28
f 522/4/29 528/3/29 513/27/29
f 528/4/30 524/5/30 510/23/30
f 517/5/31 520/10/31 527/7/31
f 520/26/32 516/10/32 524/3/32
f 515/23/33 521/3/33 546/4/33
f 521/10/34 517/3/34 544/14/34
f 550/8/35 556/4/35 525/3/35
f 556/4/36 552/5/36 523/23/36
f 545/10/37 548/5/37 555/14/37
f 548/5/38 544/10/38 552/3/38
f 543/3/39 549/4/39 532/5/39
f 549/5/40 545/4/40 530/7/40
f 536/10/41 542/5/41 553/14/41
f 542/3/42 538/10/42 551/8/42
f 531/10/43 534/5/43 541/14/43
f 534/27/44 530/5/44 538/4/44
f 529/14/45 535/5/45 504/10/45
f 535/5/46 531/4/46 502/7/46
f 509/7/47 511/10/47 539/5/47
f 511/3/48 508/10/48 537/8/48
f 543/14/49 529/5/49 501/27/49
f 510/3/50 524/14/50 516/5/50
f 537/4/51 508/7/51 502/10/51
f 522/7/52 509/10/52 536/26/52
f 523/3/53 552/14/53 544/5/53
f 551/4/54 538/7/54 530/10/54
f 557/205/149 560/208/149 561/206/149
f 558/205/150 562/210/150 561/206/150
f 559/209/58 563/208/58 561/206/58
f 564/208/151 567/205/151 568/211/151
f 565/209/152 569/207/152 568/206/152
f 566/208/153 570/212/153 568/211/153
f 571/213/154 574/216/154 575/214/154
f 572/207/155 576/209/155 575/215/155
f 573/209/156 577/208/156 575/217/156
f 578/213/157 581/209/157 582/218/157
f 579/213/158 583/237/158 582/218/158
f 580/216/65 584/207/65 582/219/65
f 585/221/159 588/209/159 589/222/159
f 586/209/160 590/207/160 589/223/160
f 587/207/161 591/216/161 589/222/161
f 592/221/162 595/216/162 596/225/162
f 593/226/163 597/232/163 596/227/163
f 594/208/73 598/209/73 596/228/73
f 599/226/164 602/207/164 603/229/164
f 600/221/165 604/224/165 603/230/165
f 601/207/80 605/216/80 603/230/80
f 606/226/166 609/208/166 610/231/166
f 607/216/167 611/220/167 610/231/167
f 608/216/168 612/207/168 610/231/168
f 557/208/25 563/216/25 574/207/25
f 574/232/26 563/216/26 559/210/26
f 564/205/27 570/207/27 562/226/27
f 570/207/28 566/209/28 559/234/28
f 565/213/29 578/209/29 584/207/29
f 584/209/30 580/220/30 566/216/30
f 573/235/31 576/216/31 583/221/31
f 576/208/32 572/216/32 580/207/32
f 571/216/33 577/207/33 602/209/33
f 577/216/34 573/207/34 600/224/34
f 606/208/35 612/209/35 581/207/35
f 612/209/36 608/208/36 579/212/36
f 601/236/37 604/208/37 611/209/37
f 604/208/38 600/312/38 608/221/38
f 599/207/39 605/209/39 588/208/39
f 588/237/40 605/208/40 601/224/40
f 592/216/41 598/208/41 609/209/41
f 598/207/42 594/212/42 607/208/42
f 587/238/43 590/208/43 597/205/43
f 590/216/44 586/208/44 594/209/44
f 585/209/45 591/208/45 560/216/45
f 591/208/46 587/209/46 558/210/46
f 565/207/47 567/216/47 595/208/47
f 567/207/48 564/216/48 593/220/48
f 599/209/49 585/208/49 557/216/49
f 566/207/50 580/209/50 572/234/50
f 593/209/51 564/207/51 558/216/51
f 578/207/52 565/216/52 592/208/52
f 579/207/53 608/209/53 600/208/53
f 607/209/54 594/207/54 586/236/54
f 613/33/149 616/34/149 617/239/149
f 614/33/150 618/240/150 617/239/150
f 615/33/58 619/38/58 617/239/58
f 620/34/151 623/33/151 624/241/151
f 621/33/152 625/32/152 624/239/152
f 622/34/169 626/242/169 624/241/169
f 627/243/154 630/37/154 631/241/154
f 628/244/155 632/253/155 631/245/155
f 629/33/156 633/34/156 631/246/156
f 634/34/157 637/33/157 638/247/157
f 635/34/158 639/242/158 638/247/158
f 636/37/65 640/244/65 638/249/65
f 641/45/159 644/33/159 645/251/159
f 642/35/160 646/240/160 645/252/160
f 643/32/161 647/37/161 645/251/161
f 648/32/162 651/37/162 652/254/162
f 649/37/163 653/250/163 652/255/163
f 650/34/73 654/30/73 652/256/73
f 655/37/164 658/32/164 659/49/164
f 656/32/165 660/253/165 659/257/165
f 657/32/80 661/258/80 659/257/80
f 662/248/166 665/34/166 666/255/166
f 663/258/167 667/250/167 666/255/167
f 664/37/168 668/32/168 666/255/168
f 613/259/25 619/37/25 630/153/25
f 630/260/26 619/37/26 615/157/26
f 620/33/27 626/32/27 618/37/27
f 618/37/28 626/32/28 622/33/28
f 634/156/29 640/244/29 625/37/29
f 640/33/30 636/260/30 622/51/30
f 635/33/31 629/259/31 632/37/31
f 632/261/32 628/50/32 636/32/32
f 655/34/33 627/37/33 633/262/33
f 658/34/34 633/37/34 629/32/34
f 634/37/35 662/34/35 668/263/35
f 637/32/36 668/263/36 664/34/36
f 663/32/37 657/50/37 660/34/37
f 660/34/38 656/50/38 664/32/38
f 655/153/39 661/33/39 644/34/39
f 644/51/40 661/243/40 657/264/40
f 648/50/41 654/34/41 665/264/41
f 665/264/42 654/32/42 650/51/42
f 649/32/43 643/50/43 646/34/43
f 646/265/44 642/259/44 650/33/44
f 613/32/45 641/33/45 647/266/45
f 616/37/46 647/34/46 643/33/46
f 621/32/47 623/37/47 651/34/47
f 623/32/48 620/37/48 649/34/48
f 655/33/49 641/34/49 613/37/49
f 622/32/50 636/33/50 628/34/50
f 649/33/51 620/32/51 614/37/51
f 634/32/52 621/37/52 648/34/52
f 635/32/53 664/33/53 656/34/53
f 663/33/54 650/32/54 642/37/54
f 681/264/149 684/34/149 685/289/149
f 682/33/150 686/153/150 685/289/150
f 683/33/58 687/34/58 685/289/58
f 688/260/151 691/33/151 692/133/151
f 689/128/152 693/32/152 692/289/152
f 690/34/153 694/290/153 692/133/153
f 695/139/154 698/37/154 699/291/154
f 696/32/155 700/33/155 699/142/155
f 697/264/156 701/34/156 699/129/156
f 702/260/157 705/33/157 706/291/157
f 703/34/158 707/37/158 706/291/158
f 704/37/65 708/32/65 706/151/65
f 709/293/159 712/33/159 713/294/159
f 710/33/160 714/32/160 713/138/160
f 711/295/161 715/37/161 713/294/161
f 716/295/162 719/37/162 720/294/162
f 717/37/163 721/34/163 720/151/163
f 718/34/73 722/33/73 720/135/73
f 723/296/164 726/32/164 727/297/164
f 724/32/165 728/156/165 727/142/165
f 725/32/80 729/37/80 727/142/80
f 730/298/166 733/34/166 734/297/166
f 731/37/167 735/292/167 734/297/167
f 732/296/168 736/32/168 734/297/168
f 681/34/25 687/37/25 698/32/25
f 687/37/26 683/32/26 696/156/26
f 688/299/27 694/32/27 686/37/27
f 694/32/28 690/33/28 683/300/28
f 702/33/29 708/32/29 693/37/29
f 708/33/30 704/34/30 690/290/30
f 697/301/31 700/37/31 707/32/31
f 700/34/32 696/37/32 704/153/32
f 695/37/33 701/417/33 726/264/33
f 701/302/34 697/32/34 724/156/34
f 730/34/35 736/264/35 705/157/35
f 736/264/36 732/34/36 703/290/36
f 725/303/37 728/34/37 735/33/37
f 728/34/38 724/37/38 732/304/38
f 723/32/39 729/33/39 712/34/39
f 729/34/40 725/33/40 710/153/40
f 716/37/41 722/34/41 733/33/41
f 722/32/42 718/37/42 731/292/42
f 711/305/43 714/34/43 721/33/43
f 714/37/44 710/34/44 718/156/44
f 709/33/45 715/260/45 684/51/45
f 715/260/46 711/33/46 682/153/46
f 689/32/47 691/418/47 719/260/47
f 691/306/48 688/37/48 717/292/48
f 723/264/49 709/34/49 681/51/49
f 683/303/50 690/32/50 704/156/50
f 711/300/51 717/264/51 688/153/51
f 702/157/52 689/37/52 716/260/52
f 697/303/53 703/157/53 732/156/53
f 725/300/54 731/33/54 718/153/54
f 737/209/149 740/208/149 741/307/149
f 738/205/150 742/207/150 741/307/150
f 739/224/58 743/208/58 741/307/58
f 744/233/151 747/209/151 748/308/151
f 745/209/152 749/318/152 748/307/152
f 746/233/153 750/216/153 748/308/153
f 751/208/154 754/216/154 755/309/154
f 752/210/196 756/209/196 755/310/196
f 753/224/156 757/208/156 755/311/156
f 758/208/157 761/209/157 762/309/157
f 759/213/158 763/312/158 762/309/158
f 760/312/65 764/207/65 762/313/65
f 765/207/159 768/209/159 769/314/159
f 766/224/160 770/207/160 769/311/160
f 767/210/161 771/216/161 769/314/161
f 772/207/162 775/216/162 776/314/162
f 773/226/163 777/233/163 776/315/163
f 774/233/73 778/209/73 776/309/73
f 779/216/164 782/207/164 783/313/164
f 780/221/165 784/209/165 783/316/165
f 781/210/80 785/216/80 783/316/80
f 786/216/166 789/208/166 790/313/166
f 787/312/167 791/208/167 790/313/167
f 788/312/168 792/207/168 790/313/168
f 737/208/25 743/216/25 754/207/25
f 743/216/26 739/395/26 752/209/26
f 744/209/27 750/207/27 742/216/27
f 750/207/28 746/209/28 739/208/28
f 758/209/29 764/207/29 749/216/29
f 764/209/30 760/419/30 746/216/30
f 753/208/31 756/236/31 763/207/31
f 756/234/32 752/216/32 760/207/32
f 751/216/33 757/207/33 782/209/33
f 757/216/34 753/207/34 780/209/34
f 786/208/35 792/209/35 761/207/35
f 792/209/36 788/208/36 759/216/36
f 781/216/37 784/234/37 791/209/37
f 784/234/38 780/238/38 788/207/38
f 779/207/39 785/209/39 768/208/39
f 785/208/40 781/370/40 766/207/40
f 772/216/41 778/208/41 789/209/41
f 778/207/42 774/420/42 787/208/42
f 767/216/43 770/234/43 777/209/43
f 770/236/44 766/208/44 774/209/44
f 765/209/45 771/208/45 740/216/45
f 771/208/46 767/209/46 738/207/46
f 745/207/47 747/216/47 775/208/47
f 747/207/48 744/216/48 773/208/48
f 779/209/49 765/208/49 737/216/49
f 746/210/50 760/209/50 752/233/50
f 773/209/51 744/207/51 738/216/51
f 758/207/52 745/216/52 772/208/52
f 759/207/53 788/209/53 780/208/53
f 787/224/54 774/207/54 766/312/54
f 793/320/149 796/260/149 797/321/149
f 794/33/150 798/32/150 797/321/150
f 795/322/58 799/34/58 797/321/58
f 800/292/151 803/264/151 804/323/151
f 801/320/152 805/157/152 804/324/152
f 802/325/153 806/37/153 804/323/153
f 807/326/154 810/37/154 811/256/154
f 808/327/155 812/33/155 811/142/155
f 809/156/156 813/260/156 811/328/156
f 814/326/157 817/264/157 818/329/157
f 815/34/158 819/37/158 818/329/158
f 816/330/65 820/32/65 818/151/65
f 821/331/159 824/33/159 825/332/159
f 822/333/160 826/32/160 825/138/160
f 823/153/161 827/37/161 825/332/161
f 828/331/162 831/296/162 832/332/162
f 829/37/163 833/34/163 832/141/163
f 830/334/73 834/33/73 832/135/73
f 835/335/164 838/295/164 839/249/164
f 836/32/165 840/33/165 839/137/165
f 837/336/80 841/37/80 839/137/80
f 842/335/166 845/34/166 846/249/166
f 843/337/167 847/34/167 846/249/167
f 844/290/168 848/32/168 846/249/168
f 807/264/25 793/34/25 799/51/25
f 799/51/26 795/153/26 808/33/26
f 800/33/27 806/153/27 798/37/27
f 806/153/28 802/33/28 795/34/28
f 814/33/29 820/32/29 805/50/29
f 805/157/30 820/33/30 816/292/30
f 809/34/31 812/303/31 819/32/31
f 812/34/32 808/37/32 816/32/32
f 835/34/33 807/37/33 813/32/33
f 813/37/34 809/405/34 836/33/34
f 842/34/35 848/33/35 817/32/35
f 817/32/36 848/33/36 844/292/36
f 837/37/37 840/300/37 847/33/37
f 840/300/38 836/37/38 844/32/38
f 835/32/39 841/33/39 824/34/39
f 824/51/40 841/34/40 837/156/40
f 842/295/41 828/37/41 834/259/41
f 834/157/42 830/290/42 843/34/42
f 823/37/43 826/300/43 833/33/43
f 826/37/44 822/34/44 830/33/44
f 821/33/45 827/34/45 796/37/45
f 796/37/46 827/34/46 823/156/46
f 828/33/47 801/32/47 803/37/47
f 803/32/48 800/406/48 829/34/48
f 835/33/49 821/34/49 793/51/49
f 802/153/50 816/33/50 808/300/50
f 829/156/51 800/32/51 794/303/51
f 814/157/52 801/37/52 828/34/52
f 815/153/53 844/33/53 836/300/53
f 843/156/54 830/32/54 822/303/54
f 861/33/149 864/34/149 865/144/149
f 862/35/216 866/32/216 865/144/216
f 863/33/58 867/34/58 865/144/58
f 868/34/151 871/33/151 872/360/151
f 869/33/152 873/32/152 872/144/152
f 870/34/153 874/37/153 872/360/153
f 875/38/154 878/37/154 879/40/154
f 876/32/155 880/33/155 879/361/155
f 877/128/156 881/34/156 879/362/156
f 882/34/157 885/33/157 886/149/157
f 883/38/158 887/37/158 886/149/158
f 884/37/65 888/32/65 886/363/65
f 889/41/159 892/30/159 893/254/159
f 890/33/160 894/32/160 893/364/160
f 891/145/161 895/37/161 893/254/161
f 896/32/162 899/43/162 900/137/162
f 897/43/217 901/34/217 900/365/217
f 898/34/73 902/30/73 900/366/73
f 903/37/164 906/41/164 907/141/164
f 904/41/165 908/33/165 907/367/165
f 905/32/80 909/37/80 907/367/80
f 910/43/166 913/39/166 914/49/166
f 911/37/167 915/34/167 914/49/167
f 912/143/168 916/32/168 914/49/168
f 861/300/25 867/37/25 878/145/25
f 867/37/26 863/32/26 876/33/26
f 868/33/27 874/32/27 866/143/27
f 874/32/28 870/33/28 863/34/28
f 882/156/29 888/32/29 873/37/29
f 888/33/30 884/34/30 870/37/30
f 883/35/31 877/34/31 880/143/31
f 880/34/32 876/37/32 884/32/32
f 875/37/33 881/157/33 906/33/33
f 906/260/34 881/421/34 877/32/34
f 910/34/35 916/264/35 885/32/35
f 885/32/36 916/264/36 912/34/36
f 905/37/37 908/34/37 915/33/37
f 908/34/38 904/43/38 912/32/38
f 903/153/39 909/33/39 892/34/39
f 909/39/40 905/33/40 890/32/40
f 896/303/41 902/34/41 913/128/41
f 902/32/42 898/37/42 911/34/42
f 891/37/43 894/139/43 901/33/43
f 894/37/44 890/34/44 898/33/44
f 889/33/45 895/260/45 864/37/45
f 864/37/46 895/260/46 891/33/46
f 869/157/47 871/37/47 899/34/47
f 899/264/48 871/32/48 868/37/48
f 903/33/49 889/34/49 861/37/49
f 870/32/50 884/33/50 876/34/50
f 891/260/51 897/33/51 868/157/51
f 882/32/52 869/37/52 896/34/52
f 877/51/53 883/32/53 912/264/53
f 911/33/54 898/32/54 890/37/54
f 917/368/218 920/208/218 921/369/218
f 918/370/150 922/207/150 921/369/150
f 919/371/58 923/208/58 921/369/58
f 924/372/151 927/209/151 928/309/151
f 925/373/152 929/207/152 928/374/152
f 926/372/153 930/312/153 928/309/153
f 931/375/154 934/216/154 935/376/154
f 932/377/155 936/209/155 935/378/155
f 933/371/156 937/208/156 935/379/156
f 938/380/157 941/209/157 942/381/157
f 939/382/158 943/216/158 942/381/158
f 940/383/65 944/210/65 942/384/65
f 945/318/159 948/209/159 949/385/159
f 946/386/160 950/207/160 949/387/160
f 947/388/161 951/216/161 949/385/161
f 952/389/162 955/216/162 956/390/162
f 953/391/163 957/208/163 956/392/163
f 954/393/73 958/209/73 956/376/73
f 959/394/204 962/207/204 963/315/204
f 960/395/165 964/209/165 963/378/165
f 961/388/80 965/216/80 963/378/80
f 966/396/166 969/208/166 970/384/166
f 967/397/167 971/208/167 970/384/167
f 968/383/168 972/207/168 970/384/168
f 931/209/25 917/372/25 923/236/25
f 923/396/26 919/207/26 932/224/26
f 924/398/27 930/207/27 922/399/27
f 930/207/28 926/209/28 919/208/28
f 938/398/29 944/210/29 929/400/29
f 929/207/30 944/373/30 940/208/30
f 933/372/31 936/236/31 943/388/31
f 936/401/32 932/216/32 940/207/32
f 931/216/33 937/207/33 962/209/33
f 937/396/34 933/207/34 960/224/34
f 966/208/35 972/209/35 941/207/35
f 972/209/36 968/208/36 939/312/36
f 961/216/37 964/234/37 971/224/37
f 964/234/38 960/216/38 968/402/38
f 959/402/39 965/224/39 948/208/39
f 948/216/40 965/375/40 961/209/40
f 966/207/41 952/403/41 958/234/41
f 958/318/42 954/216/42 967/233/42
f 947/403/43 950/234/43 957/371/43
f 950/404/44 946/208/44 954/209/44
f 945/209/45 951/208/45 920/216/45
f 951/375/46 947/209/46 918/210/46
f 925/207/47 927/216/47 955/208/47
f 927/207/48 924/216/48 953/233/48
f 931/207/49 959/209/49 945/208/49
f 926/207/50 940/209/50 932/208/50
f 953/209/51 924/207/51 918/216/51
f 966/209/52 938/207/52 925/216/52
f 939/207/53 968/209/53 960/208/53
f 967/209/54 954/207/54 946/216/54
f 973/205/149 976/208/149 977/206/149
f 974/205/150 978/210/150 977/206/150
f 975/209/58 979/208/58 977/206/58
f 980/208/151 983/205/151 984/211/151
f 981/209/152 985/207/152 984/206/152
f 982/208/153 986/212/153 984/211/153
f 987/213/154 990/216/154 991/214/154
f 988/207/155 992/209/155 991/215/155
f 989/209/156 993/208/156 991/217/156
f 994/213/157 997/209/157 998/218/157
f 995/213/158 999/237/158 998/218/158
f 996/216/65 1000/207/65 998/219/65
f 1001/221/159 1004/209/159 1005/222/159
f 1002/209/160 1006/207/160 1005/223/160
f 1003/207/161 1007/216/161 1005/222/161
f 1008/221/162 1011/216/162 1012/225/162
f 1009/226/163 1013/232/163 1012/227/163
f 1010/208/73 1014/209/73 1012/228/73
f 1015/226/164 1018/207/164 1019/229/164
f 1016/221/165 1020/224/165 1019/230/165
f 1017/207/80 1021/216/80 1019/230/80
f 1022/226/166 1025/208/166 1026/231/166
f 1023/216/167 1027/220/167 1026/231/167
f 1024/216/168 1028/207/168 1026/231/168
f 973/208/25 979/216/25 990/207/25
f 990/232/26 979/216/26 975/210/26
f 980/205/27 986/207/27 978/226/27
f 986/207/28 982/209/28 975/234/28
f 981/213/29 994/209/29 1000/207/29
f 1000/209/30 996/220/30 982/216/30
f 989/235/31 992/216/31 999/221/31
f 992/208/32 988/216/32 996/207/32
f 987/216/33 993/207/33 1018/209/33
f 993/216/34 989/207/34 1016/224/34
f 1022/208/35 1028/209/35 997/207/35
f 1028/209/36 1024/208/36 995/212/36
f 1017/236/37 1020/208/37 1027/209/37
f 1020/208/38 1016/312/38 1024/221/38
f 1015/207/39 1021/209/39 1004/208/39
f 1004/237/40 1021/208/40 1017/224/40
f 1008/216/41 1014/208/41 1025/209/41
f 1014/207/42 1010/212/42 1023/208/42
f 1003/238/43 1006/208/43 1013/205/43
f 1006/216/44 1002/208/44 1010/209/44
f 1001/209/45 1007/208/45 976/216/45
f 1007/208/46 1003/209/46 974/210/46
f 981/207/47 983/216/47 1011/208/47
f 983/207/48 980/216/48 1009/220/48
f 1015/209/49 1001/208/49 973/216/49
f 982/207/50 996/209/50 988/234/50
f 1009/209/51 980/207/51 974/216/51
f 994/207/52 981/216/52 1008/208/52
f 995/207/53 1024/209/53 1016/208/53
f 1023/209/54 1010/207/54 1002/236/54
f 1029/33/149 1032/34/149 1033/239/149
f 1030/33/150 1034/240/150 1033/239/150
f 1031/33/58 1035/38/58 1033/239/58
f 1036/34/151 1039/33/151 1040/241/151
f 1037/33/152 1041/32/152 1040/239/152
f 1038/34/153 1042/242/153 1040/241/153
f 1043/243/154 1046/37/154 1047/241/154
f 1044/244/155 1048/253/155 1047/245/155
f 1045/33/156 1049/34/156 1047/246/156
f 1050/34/157 1053/33/157 1054/247/157
f 1051/34/158 1055/242/158 1054/247/158
f 1052/37/65 1056/244/65 1054/249/65
f 1057/45/159 1060/33/159 1061/251/159
f 1058/35/160 1062/240/160 1061/252/160
f 1059/32/161 1063/37/161 1061/251/161
f 1064/32/162 1067/37/162 1068/254/162
f 1065/37/163 1069/250/163 1068/255/163
f 1066/34/73 1070/30/73 1068/256/73
f 1071/37/164 1074/32/164 1075/49/164
f 1072/32/165 1076/253/165 1075/257/165
f 1073/32/80 1077/258/80 1075/257/80
f 1078/248/166 1081/34/166 1082/255/166
f 1079/258/171 1083/250/171 1082/255/171
f 1080/37/168 1084/32/168 1082/255/168
f 1029/259/25 1035/37/25 1046/153/25
f 1046/260/26 1035/37/26 1031/157/26
f 1036/33/27 1042/32/27 1034/37/27
f 1034/37/28 1042/32/28 1038/33/28
f 1050/156/29 1056/244/29 1041/37/29
f 1056/33/30 1052/260/30 1038/51/30
f 1051/33/31 1045/259/31 1048/37/31
f 1048/261/32 1044/50/32 1052/32/32
f 1071/34/33 1043/37/33 1049/262/33
f 1074/34/34 1049/37/34 1045/32/34
f 1050/37/35 1078/34/35 1084/263/35
f 1053/32/36 1084/263/36 1080/34/36
f 1079/32/37 1073/50/37 1076/34/37
f 1076/34/38 1072/50/38 1080/32/38
f 1071/153/39 1077/33/39 1060/34/39
f 1060/51/40 1077/243/40 1073/264/40
f 1064/50/41 1070/34/41 1081/264/41
f 1081/264/42 1070/32/42 1066/51/42
f 1065/32/43 1059/50/43 1062/34/43
f 1062/265/44 1058/259/44 1066/33/44
f 1029/32/45 1057/33/45 1063/266/45
f 1032/37/46 1063/34/46 1059/33/46
f 1037/32/47 1039/37/47 1067/34/47
f 1039/32/48 1036/37/48 1065/34/48
f 1071/33/49 1057/34/49 1029/37/49
f 1038/32/50 1052/33/50 1044/34/50
f 1065/33/51 1036/32/51 1030/37/51
f 1050/32/52 1037/37/52 1064/34/52
f 1051/32/53 1080/33/53 1072/34/53
f 1079/33/54 1066/32/54 1058/37/54
f 1097/264/149 1100/34/149 1101/289/149
f 1098/33/150 1102/153/150 1101/289/150
f 1099/33/58 1103/34/58 1101/289/58
f 1104/260/151 1107/33/151 1108/133/151
f 1105/128/152 1109/32/152 1108/289/152
f 1106/34/153 1110/290/153 1108/133/153
f 1111/139/154 1114/37/154 1115/291/154
f 1112/32/155 1116/33/155 1115/142/155
f 1113/264/156 1117/34/156 1115/129/156
f 1118/260/157 1121/33/157 1122/291/157
f 1119/34/158 1123/37/158 1122/291/158
f 1120/37/65 1124/32/65 1122/151/65
f 1125/293/159 1128/33/159 1129/294/159
f 1126/33/160 1130/32/160 1129/138/160
f 1127/295/161 1131/37/161 1129/294/161
f 1132/295/162 1135/37/162 1136/294/162
f 1133/37/163 1137/34/163 1136/151/163
f 1134/34/73 1138/33/73 1136/135/73
f 1139/296/164 1142/32/164 1143/297/164
f 1140/32/165 1144/156/165 1143/142/165
f 1141/32/80 1145/37/80 1143/142/80
f 1146/298/166 1149/34/166 1150/297/166
f 1147/37/167 1151/292/167 1150/297/167
f 1148/296/168 1152/32/168 1150/297/168
f 1097/34/25 1103/37/25 1114/32/25
f 1103/37/26 1099/32/26 1112/156/26
f 1104/299/27 1110/32/27 1102/37/27
f 1110/32/28 1106/33/28 1099/300/28
f 1118/33/29 1124/32/29 1109/37/29
f 1124/33/30 1120/34/30 1106/290/30
f 1113/301/31 1116/37/31 1123/32/31
f 1116/34/32 1112/37/32 1120/153/32
f 1111/37/33 1117/417/33 1142/264/33
f 1117/302/34 1113/32/34 1140/156/34
f 1146/34/35 1152/264/35 1121/157/35
f 1152/264/36 1148/34/36 1119/290/36
f 1141/303/37 1144/34/37 1151/33/37
f 1144/34/38 1140/37/38 1148/304/38
f 1139/32/39 1145/33/39 1128/34/39
f 1145/34/40 1141/33/40 1126/153/40
f 1132/37/41 1138/34/41 1149/33/41
f 1138/32/42 1134/37/42 1147/292/42
f 1127/305/43 1130/34/43 1137/33/43
f 1130/37/44 1126/34/44 1134/156/44
f 1125/33/45 1131/260/45 1100/51/45
f 1131/260/46 1127/33/46 1098/153/46
f 1105/32/47 1107/418/47 1135/260/47
f 1107/306/48 1104/37/48 1133/292/48
f 1139/264/49 1125/34/49 1097/51/49
f 1099/303/50 1106/32/50 1120/156/50
f 1127/300/51 1133/264/51 1104/153/51
f 1118/157/52 1105/37/52 1132/260/52
f 1113/303/53 1119/157/53 1148/156/53
f 1141/300/54 1147/33/54 1134/153/54
f 1153/209/149 1156/208/149 1157/307/149
f 1154/205/150 1158/207/150 1157/307/150
f 1155/224/58 1159/208/58 1157/307/58
f 1160/233/151 1163/209/151 1164/308/151
f 1161/209/152 1165/318/152 1164/307/152
f 1162/233/153 1166/216/153 1164/308/153
f 1167/208/154 1170/216/154 1171/309/154
f 1168/210/155 1172/209/155 1171/310/155
f 1169/224/156 1173/208/156 1171/311/156
f 1174/208/157 1177/209/157 1178/309/157
f 1175/213/158 1179/312/158 1178/309/158
f 1176/312/65 1180/207/65 1178/313/65
f 1181/207/159 1184/209/159 1185/314/159
f 1182/224/160 1186/207/160 1185/311/160
f 1183/210/161 1187/216/161 1185/314/161
f 1188/207/162 1191/216/162 1192/314/162
f 1189/226/163 1193/233/163 1192/315/163
f 1190/233/73 1194/209/73 1192/309/73
f 1195/216/164 1198/207/164 1199/313/164
f 1196/221/165 1200/209/165 1199/316/165
f 1197/210/80 1201/216/80 1199/316/80
f 1202/216/166 1205/208/166 1206/313/166
f 1203/312/219 1207/208/219 1206/313/219
f 1204/312/168 1208/207/168 1206/313/168
f 1153/208/25 1159/216/25 1170/207/25
f 1159/216/26 1155/395/26 1168/209/26
f 1160/209/27 1166/207/27 1158/216/27
f 1166/207/28 1162/209/28 1155/208/28
f 1174/209/29 1180/207/29 1165/216/29
f 1180/209/30 1176/419/30 1162/216/30
f 1169/208/31 1172/236/31 1179/207/31
f 1172/234/32 1168/216/32 1176/207/32
f 1167/216/33 1173/207/33 1198/209/33
f 1173/216/34 1169/207/34 1196/209/34
f 1202/208/35 1208/209/35 1177/207/35
f 1208/209/36 1204/208/36 1175/216/36
f 1197/216/37 1200/234/37 1207/209/37
f 1200/234/38 1196/238/38 1204/207/38
f 1195/207/39 1201/209/39 1184/208/39
f 1201/208/40 1197/370/40 1182/207/40
f 1188/216/41 1194/208/41 1205/209/41
f 1194/207/42 1190/420/42 1203/208/42
f 1183/216/43 1186/234/43 1193/209/43
f 1186/236/44 1182/208/44 1190/209/44
f 1181/209/45 1187/208/45 1156/216/45
f 1187/208/46 1183/209/46 1154/207/46
f 1161/207/47 1163/216/47 1191/208/47
f 1163/207/48 1160/216/48 1189/208/48
f 1195/209/49 1181/208/49 1153/216/49
f 1162/210/50 1176/209/50 1168/233/50
f 1189/209/51 1160/207/51 1154/216/51
f 1174/207/52 1161/216/52 1188/208/52
f 1175/207/53 1204/209/53 1196/208/53
f 1203/224/54 1190/207/54 1182/312/54
f 1209/320/149 1212/260/149 1213/321/149
f 1210/33/150 1214/32/150 1213/321/150
f 1211/322/58 1215/34/58 1213/321/58
f 1216/292/151 1219/264/151 1220/323/151
f 1217/320/152 1221/157/152 1220/324/152
f 1218/325/153 1222/37/153 1220/323/153
f 1223/326/154 1226/37/154 1227/256/154
f 1224/327/155 1228/33/155 1227/142/155
f 1225/156/156 1229/260/156 1227/328/156
f 1230/326/157 1233/264/157 1234/329/157
f 1231/34/158 1235/37/158 1234/329/158
f 1232/330/65 1236/32/65 1234/151/65
f 1237/331/159 1240/33/159 1241/332/159
f 1238/333/160 1242/32/160 1241/138/160
f 1239/153/161 1243/37/161 1241/332/161
f 1244/331/162 1247/296/162 1248/332/162
f 1245/37/163 1249/34/163 1248/141/163
f 1246/334/73 1250/33/73 1248/135/73
f 1251/335/164 1254/295/164 1255/249/164
f 1252/32/165 1256/33/165 1255/137/165
f 1253/336/80 1257/37/80 1255/137/80
f 1258/335/166 1261/34/166 1262/249/166
f 1259/337/167 1263/34/167 1262/249/167
f 1260/290/168 1264/32/168 1262/249/168
f 1223/264/25 1209/34/25 1215/51/25
f 1215/51/26 1211/153/26 1224/33/26
f 1216/33/27 1222/153/27 1214/37/27
f 1222/153/28 1218/33/28 1211/34/28
f 1230/33/29 1236/32/29 1221/50/29
f 1221/157/30 1236/33/30 1232/292/30
f 1225/34/31 1228/303/31 1235/32/31
f 1228/34/32 1224/37/32 1232/32/32
f 1223/37/33 1229/32/33 1254/33/33
f 1254/34/34 1229/37/34 1225/405/34
f 1230/51/35 1258/34/35 1264/33/35
f 1264/33/36 1260/292/36 1231/51/36
f 1253/37/37 1256/300/37 1263/33/37
f 1256/300/38 1252/37/38 1260/32/38
f 1251/32/39 1257/33/39 1240/34/39
f 1240/51/40 1257/34/40 1253/156/40
f 1258/295/41 1244/37/41 1250/259/41
f 1250/157/42 1246/290/42 1259/34/42
f 1239/37/43 1242/300/43 1249/33/43
f 1242/37/44 1238/34/44 1246/33/44
f 1209/157/45 1237/33/45 1243/34/45
f 1243/34/46 1239/156/46 1210/157/46
f 1217/32/47 1219/37/47 1247/34/47
f 1247/33/48 1219/32/48 1216/406/48
f 1251/33/49 1237/34/49 1209/51/49
f 1218/153/50 1232/33/50 1224/300/50
f 1245/156/51 1216/32/51 1210/303/51
f 1230/157/52 1217/37/52 1244/34/52
f 1231/153/53 1260/33/53 1252/300/53
f 1259/156/54 1246/32/54 1238/303/54
f 1277/33/149 1280/34/149 1281/144/149
f 1278/35/216 1282/32/216 1281/144/216
f 1279/33/58 1283/34/58 1281/144/58
f 1284/34/151 1287/33/151 1288/360/151
f 1285/33/152 1289/32/152 1288/144/152
f 1286/34/220 1290/37/220 1288/360/220
f 1291/38/154 1294/37/154 1295/40/154
f 1292/32/196 1296/33/196 1295/361/196
f 1293/128/156 1297/34/156 1295/362/156
f 1298/34/157 1301/33/157 1302/149/157
f 1299/38/158 1303/37/158 1302/149/158
f 1300/37/65 1304/32/65 1302/363/65
f 1305/41/159 1308/30/159 1309/254/159
f 1306/33/160 1310/32/160 1309/364/160
f 1307/145/161 1311/37/161 1309/254/161
f 1312/32/162 1315/43/162 1316/137/162
f 1313/43/217 1317/34/217 1316/365/217
f 1314/34/73 1318/30/73 1316/366/73
f 1319/37/164 1322/41/164 1323/141/164
f 1320/41/165 1324/33/165 1323/367/165
f 1321/32/80 1325/37/80 1323/367/80
f 1326/43/166 1329/39/166 1330/49/166
f 1327/37/167 1331/34/167 1330/49/167
f 1328/143/168 1332/32/168 1330/49/168
f 1277/300/25 1283/37/25 1294/145/25
f 1283/37/26 1279/32/26 1292/33/26
f 1284/33/27 1290/32/27 1282/143/27
f 1290/32/28 1286/33/28 1279/34/28
f 1298/156/29 1304/32/29 1289/37/29
f 1304/33/30 1300/34/30 1286/37/30
f 1293/34/31 1296/143/31 1303/32/31
f 1296/34/32 1292/37/32 1300/32/32
f 1291/37/33 1297/157/33 1322/33/33
f 1322/260/34 1297/421/34 1293/32/34
f 1326/34/35 1332/264/35 1301/32/35
f 1301/32/36 1332/264/36 1328/34/36
f 1321/37/37 1324/34/37 1331/33/37
f 1331/33/38 1324/34/38 1320/43/38
f 1319/153/39 1325/33/39 1308/34/39
f 1325/39/40 1321/33/40 1306/32/40
f 1312/303/41 1318/34/41 1329/128/41
f 1318/32/42 1314/37/42 1327/34/42
f 1313/41/43 1307/37/43 1310/139/43
f 1310/37/44 1306/34/44 1314/33/44
f 1305/33/45 1311/260/45 1280/37/45
f 1280/37/46 1311/260/46 1307/33/46
f 1285/157/47 1287/37/47 1315/34/47
f 1315/264/48 1287/32/48 1284/37/48
f 1319/33/49 1305/34/49 1277/37/49
f 1286/32/50 1300/33/50 1292/34/50
f 1307/260/51 1313/33/51 1284/157/51
f 1298/32/52 1285/37/52 1312/34/52
f 1293/51/53 1299/32/53 1328/264/53
f 1327/33/54 1314/32/54 1306/37/54
f 1333/368/218 1336/208/218 1337/369/218
f 1334/370/150 1338/207/150 1337/369/150
f 1335/371/58 1339/208/58 1337/369/58
f 1340/372/151 1343/209/151 1344/309/151
f 1341/373/152 1345/207/152 1344/374/152
f 1342/372/153 1346/312/153 1344/309/153
f 1347/375/154 1350/216/154 1351/376/154
f 1348/377/155 1352/209/155 1351/378/155
f 1349/371/156 1353/208/156 1351/379/156
f 1354/380/157 1357/209/157 1358/381/157
f 1355/382/158 1359/216/158 1358/381/158
f 1356/383/65 1360/210/65 1358/384/65
f 1361/318/159 1364/209/159 1365/385/159
f 1362/386/160 1366/207/160 1365/387/160
f 1363/388/161 1367/216/161 1365/385/161
f 1368/389/221 1371/216/221 1372/390/221
f 1369/391/163 1373/208/163 1372/392/163
f 1370/393/73 1374/209/73 1372/376/73
f 1375/394/204 1378/207/204 1379/315/204
f 1376/395/165 1380/209/165 1379/378/165
f 1377/388/80 1381/216/80 1379/378/80
f 1382/396/166 1385/208/166 1386/384/166
f 1383/397/167 1387/208/167 1386/384/167
f 1384/383/168 1388/207/168 1386/384/168
f 1347/209/25 1333/372/25 1339/236/25
f 1339/396/26 1335/207/26 1348/224/26
f 1340/398/27 1346/207/27 1338/399/27
f 1346/207/28 1342/209/28 1335/208/28
f 1354/398/29 1360/210/29 1345/400/29
f 1345/207/30 1360/373/30 1356/208/30
f 1349/372/31 1352/236/31 1359/388/31
f 1352/401/32 1348/216/32 1356/207/32
f 1347/216/33 1353/207/33 1378/209/33
f 1353/396/34 1349/207/34 1376/224/34
f 1382/208/35 1388/209/35 1357/207/35
f 1388/209/36 1384/208/36 1355/312/36
f 1377/216/37 1380/234/37 1387/224/37
f 1380/234/38 1376/216/38 1384/402/38
f 1375/402/39 1381/224/39 1364/208/39
f 1364/216/40 1381/375/40 1377/209/40
f 1382/207/41 1368/403/41 1374/234/41
f 1374/318/42 1370/216/42 1383/233/42
f 1363/403/43 1366/234/43 1373/371/43
f 1366/404/44 1362/208/44 1370/209/44
f 1361/209/45 1367/208/45 1336/216/45
f 1367/375/46 1363/209/46 1334/210/46
f 1341/207/47 1343/216/47 1371/208/47
f 1343/207/48 1340/216/48 1369/233/48
f 1347/207/49 1375/209/49 1361/208/49
f 1342/207/50 1356/209/50 1348/208/50
f 1369/209/51 1340/207/51 1334/216/51
f 1382/209/52 1354/207/52 1341/216/52
f 1355/207/53 1384/209/53 1376/208/53
f 1383/209/54 1370/207/54 1362/216/54
