"from","to","action","reason","original_blob"
"docs/README.md","docs/README.md","keep","상시 안내 또는 보존 미디어","cec620b2a67e33b7ae526a8ab3147ab7a30e2e57"
"docs/art/minions-v0.4.3/README.md","docs/milestone/v0.4.3/assets/minions/README.md","move","Issue132 승인: 버전·Issue·작성 역할 또는 공용 자산 용도별 보관","661573307f1b98e3bb4dad3b1ca9437ca3834319"
"docs/art/minions-v0.4.3/art-pipeline.md","docs/milestone/v0.4.3/issues/87/Mars/art-pipeline.md","move","Issue132 승인: 버전·Issue·작성 역할 또는 공용 자산 용도별 보관","ffe5be3e3599c1cd32269bccc47be6df98a35c8e"
"docs/art/minions-v0.4.3/battle-patches/fire_sustain.json","docs/milestone/v0.4.3/assets/minions/battle-patches/fire_sustain.json","move","Issue132 승인: 버전·Issue·작성 역할 또는 공용 자산 용도별 보관","9f05cc9cea085e81649c216d6479c05514ea7f8d"
"docs/art/minions-v0.4.3/battle-patches/grass_atk.json","docs/milestone/v0.4.3/assets/minions/battle-patches/grass_atk.json","move","Issue132 승인: 버전·Issue·작성 역할 또는 공용 자산 용도별 보관","8fbc280dcd2e648a43f3d201abdb73c8e365ba37"
"docs/art/minions-v0.4.3/battle-patches/lightning_atk.json","docs/milestone/v0.4.3/assets/minions/battle-patches/lightning_atk.json","move","Issue132 승인: 버전·Issue·작성 역할 또는 공용 자산 용도별 보관","40ecf8a6f9d329a3a2d5db3df181cc82dcb5ffef"
"docs/art/minions-v0.4.3/battle-patches/water_swift.json","docs/milestone/v0.4.3/assets/minions/battle-patches/water_swift.json","move","Issue132 승인: 버전·Issue·작성 역할 또는 공용 자산 용도별 보관","caebf1f773eae13f284d6abded4f835b19093f44"
"docs/art/minions-v0.4.3/delivery-manifest.csv","docs/milestone/v0.4.3/assets/minions/delivery-manifest.csv","move","Issue132 승인: 버전·Issue·작성 역할 또는 공용 자산 용도별 보관","dce79713ebfe0a3675efdb3a34ed962e5a02645c"
"docs/art/minions-v0.4.3/earth-1-fire-std-generated-reference.png","docs/milestone/v0.4.3/issues/87/Earth/earth-1-fire-std-generated-reference.png","move","Issue132 승인: 버전·Issue·작성 역할 또는 공용 자산 용도별 보관","e330c219bad3b02275a16b82aa50885344586ab4"
"docs/art/minions-v0.4.3/earth-1-full-delivery-report.md","docs/milestone/v0.4.3/issues/87/Earth/earth-1-full-delivery-report.md","move","Issue132 승인: 버전·Issue·작성 역할 또는 공용 자산 용도별 보관","27df30cce9e1c0994f592d8fd2979189d8d34dbe"
"docs/art/minions-v0.4.3/earth-1-native-report.md","docs/milestone/v0.4.3/issues/87/Earth/earth-1-native-report.md","move","Issue132 승인: 버전·Issue·작성 역할 또는 공용 자산 용도별 보관","7841207455bd112afa8052578a37402db41768df"
"docs/art/minions-v0.4.3/earth-1-report.md","docs/milestone/v0.4.3/issues/87/Earth/earth-1-report.md","move","Issue132 승인: 버전·Issue·작성 역할 또는 공용 자산 용도별 보관","bf9b090205e9bbc17c35c785400f60a26aaead72"
"docs/art/minions-v0.4.3/earth-2-full-delivery-report.md","docs/milestone/v0.4.3/issues/87/Earth/earth-2-full-delivery-report.md","move","Issue132 승인: 버전·Issue·작성 역할 또는 공용 자산 용도별 보관","bfed20d406b3b6b736a1d5d2e882161dfadcd1e4"
"docs/art/minions-v0.4.3/earth-2-lightning-std-generated-reference.png","docs/milestone/v0.4.3/issues/87/Earth/earth-2-lightning-std-generated-reference.png","move","Issue132 승인: 버전·Issue·작성 역할 또는 공용 자산 용도별 보관","8c68953105dc246424f4fdeb5d3aafaedf48cfe0"
"docs/art/minions-v0.4.3/earth-2-native-report.md","docs/milestone/v0.4.3/issues/87/Earth/earth-2-native-report.md","move","Issue132 승인: 버전·Issue·작성 역할 또는 공용 자산 용도별 보관","797d5c097afaee1dff27277c2409651904bfaa9d"
"docs/art/minions-v0.4.3/earth-2-report.md","docs/milestone/v0.4.3/issues/87/Earth/earth-2-report.md","move","Issue132 승인: 버전·Issue·작성 역할 또는 공용 자산 용도별 보관","a9535c1cec1714234ee978dfe968f285e2a91ee7"
"docs/art/minions-v0.4.3/final-qa-saturn.md","docs/milestone/v0.4.3/issues/87/Saturn/final-qa-saturn.md","move","Issue132 승인: 버전·Issue·작성 역할 또는 공용 자산 용도별 보관","920527c16289384f29c3a04a014e2afb86a03399"
"docs/art/minions-v0.4.3/mars-pipeline-report.md","docs/milestone/v0.4.3/issues/87/Mars/mars-pipeline-report.md","move","Issue132 승인: 버전·Issue·작성 역할 또는 공용 자산 용도별 보관","7a69f89a9a4397031190ac7b4810abad60e6f17b"
"docs/art/minions-v0.4.3/pilot-qa-saturn.md","docs/milestone/v0.4.3/issues/87/Saturn/pilot-qa-saturn.md","move","Issue132 승인: 버전·Issue·작성 역할 또는 공용 자산 용도별 보관","38c7f469e2887125ce4c5dd20a33de7460ab9df2"
"docs/art/minions-v0.4.3/pilot-v1-qa-saturn.md","docs/milestone/v0.4.3/issues/87/Saturn/pilot-v1-qa-saturn.md","move","Issue132 승인: 버전·Issue·작성 역할 또는 공용 자산 용도별 보관","d5f8c23a1e104582dd430e78288dd8a9ac190a7f"
"docs/art/minions-v0.4.3/pilot-v2-qa-saturn.md","docs/milestone/v0.4.3/issues/87/Saturn/pilot-v2-qa-saturn.md","move","Issue132 승인: 버전·Issue·작성 역할 또는 공용 자산 용도별 보관","60945f85eb387ed5fd74ba3f65fd89b385037ba7"
"docs/art/minions-v0.4.3/pixel-sources/fire_atk.json","docs/milestone/v0.4.3/assets/minions/pixel-sources/fire_atk.json","move","Issue132 승인: 버전·Issue·작성 역할 또는 공용 자산 용도별 보관","b5ee7f6c35160b458f25faaa1f4d960f46926cf9"
"docs/art/minions-v0.4.3/pixel-sources/fire_def.json","docs/milestone/v0.4.3/assets/minions/pixel-sources/fire_def.json","move","Issue132 승인: 버전·Issue·작성 역할 또는 공용 자산 용도별 보관","1aff8bdfe53bed25a5beb59a534ad0b919f3434b"
"docs/art/minions-v0.4.3/pixel-sources/fire_std.json","docs/milestone/v0.4.3/assets/minions/pixel-sources/fire_std.json","move","Issue132 승인: 버전·Issue·작성 역할 또는 공용 자산 용도별 보관","26a27254671d39820a2eaadaf4fdf717f08d8bd6"
"docs/art/minions-v0.4.3/pixel-sources/fire_sustain.json","docs/milestone/v0.4.3/assets/minions/pixel-sources/fire_sustain.json","move","Issue132 승인: 버전·Issue·작성 역할 또는 공용 자산 용도별 보관","eb0d19145ce6cd9920220344556e913ca9f35245"
"docs/art/minions-v0.4.3/pixel-sources/fire_swift.json","docs/milestone/v0.4.3/assets/minions/pixel-sources/fire_swift.json","move","Issue132 승인: 버전·Issue·작성 역할 또는 공용 자산 용도별 보관","ec50c65fb208aa41b822695dea0787cbb15b66b4"
"docs/art/minions-v0.4.3/pixel-sources/grass_atk.json","docs/milestone/v0.4.3/assets/minions/pixel-sources/grass_atk.json","move","Issue132 승인: 버전·Issue·작성 역할 또는 공용 자산 용도별 보관","908b177e8c32bc0f965b220ffff5d706e5e96680"
"docs/art/minions-v0.4.3/pixel-sources/grass_def.json","docs/milestone/v0.4.3/assets/minions/pixel-sources/grass_def.json","move","Issue132 승인: 버전·Issue·작성 역할 또는 공용 자산 용도별 보관","0ed8019a42db77fd86444afe8e4c9729f792317d"
"docs/art/minions-v0.4.3/pixel-sources/grass_std.json","docs/milestone/v0.4.3/assets/minions/pixel-sources/grass_std.json","move","Issue132 승인: 버전·Issue·작성 역할 또는 공용 자산 용도별 보관","1a340adb6b19a9352b2c99c140fbc1e8d23d7eec"
"docs/art/minions-v0.4.3/pixel-sources/grass_sustain.json","docs/milestone/v0.4.3/assets/minions/pixel-sources/grass_sustain.json","move","Issue132 승인: 버전·Issue·작성 역할 또는 공용 자산 용도별 보관","8a2cc3d2fe7c8f8e778e94f1b8f586ac63f82d3e"
"docs/art/minions-v0.4.3/pixel-sources/grass_swift.json","docs/milestone/v0.4.3/assets/minions/pixel-sources/grass_swift.json","move","Issue132 승인: 버전·Issue·작성 역할 또는 공용 자산 용도별 보관","8eb63a99a2e211c07eec2f20ed326d99a08c95b9"
"docs/art/minions-v0.4.3/pixel-sources/lightning_atk.json","docs/milestone/v0.4.3/assets/minions/pixel-sources/lightning_atk.json","move","Issue132 승인: 버전·Issue·작성 역할 또는 공용 자산 용도별 보관","1bc1467a33e720a2f0272f6f6c68031e4e2f1ebb"
"docs/art/minions-v0.4.3/pixel-sources/lightning_def.json","docs/milestone/v0.4.3/assets/minions/pixel-sources/lightning_def.json","move","Issue132 승인: 버전·Issue·작성 역할 또는 공용 자산 용도별 보관","275c029a6d95dca83e9eec00d5ee460e1d6446fe"
"docs/art/minions-v0.4.3/pixel-sources/lightning_std.json","docs/milestone/v0.4.3/assets/minions/pixel-sources/lightning_std.json","move","Issue132 승인: 버전·Issue·작성 역할 또는 공용 자산 용도별 보관","9d1c54c9ecc51ce4032ee528c7231e9d65d3e673"
"docs/art/minions-v0.4.3/pixel-sources/lightning_sustain.json","docs/milestone/v0.4.3/assets/minions/pixel-sources/lightning_sustain.json","move","Issue132 승인: 버전·Issue·작성 역할 또는 공용 자산 용도별 보관","b333a6bc046a1921289e0efff4cae1250e3fa379"
"docs/art/minions-v0.4.3/pixel-sources/lightning_swift.json","docs/milestone/v0.4.3/assets/minions/pixel-sources/lightning_swift.json","move","Issue132 승인: 버전·Issue·작성 역할 또는 공용 자산 용도별 보관","c8f15471eef54af461ee25f8d31dd2fbb5d1b90e"
"docs/art/minions-v0.4.3/pixel-sources/water_atk.json","docs/milestone/v0.4.3/assets/minions/pixel-sources/water_atk.json","move","Issue132 승인: 버전·Issue·작성 역할 또는 공용 자산 용도별 보관","559cd4cfe39cd9a97d0d4583a24ea54309e06f7b"
"docs/art/minions-v0.4.3/pixel-sources/water_def.json","docs/milestone/v0.4.3/assets/minions/pixel-sources/water_def.json","move","Issue132 승인: 버전·Issue·작성 역할 또는 공용 자산 용도별 보관","a04fd9b28ada06ea985db8524d9cacb0958f613d"
"docs/art/minions-v0.4.3/pixel-sources/water_std.json","docs/milestone/v0.4.3/assets/minions/pixel-sources/water_std.json","move","Issue132 승인: 버전·Issue·작성 역할 또는 공용 자산 용도별 보관","565135c0c009562b3c3ec8475fbcda4626186214"
"docs/art/minions-v0.4.3/pixel-sources/water_sustain.json","docs/milestone/v0.4.3/assets/minions/pixel-sources/water_sustain.json","move","Issue132 승인: 버전·Issue·작성 역할 또는 공용 자산 용도별 보관","69089200291cdf41c277aadcd809425d0baf4b0f"
"docs/art/minions-v0.4.3/pixel-sources/water_swift.json","docs/milestone/v0.4.3/assets/minions/pixel-sources/water_swift.json","move","Issue132 승인: 버전·Issue·작성 역할 또는 공용 자산 용도별 보관","24ac306cb69d44804dcd16bbff993262d3f0f7aa"
"docs/art/minions-v0.4.3/review/battle-repair-fire_sustain.png","docs/milestone/v0.4.3/assets/minions/review/battle-repair-fire_sustain.png","move","Issue132 승인: 버전·Issue·작성 역할 또는 공용 자산 용도별 보관","95af7ca311da0bbfd96c1c77796c0305e99583d4"
"docs/art/minions-v0.4.3/review/battle-repair-grass_atk.png","docs/milestone/v0.4.3/assets/minions/review/battle-repair-grass_atk.png","move","Issue132 승인: 버전·Issue·작성 역할 또는 공용 자산 용도별 보관","3819195967c3e11e97299ff604d38df7ec60dbdb"
"docs/art/minions-v0.4.3/review/battle-repair-lightning_atk.png","docs/milestone/v0.4.3/assets/minions/review/battle-repair-lightning_atk.png","move","Issue132 승인: 버전·Issue·작성 역할 또는 공용 자산 용도별 보관","2a1bbe562ab2596b446021c46d4a3c9a1710902a"
"docs/art/minions-v0.4.3/review/battle-repair-water_swift.png","docs/milestone/v0.4.3/assets/minions/review/battle-repair-water_swift.png","move","Issue132 승인: 버전·Issue·작성 역할 또는 공용 자산 용도별 보관","d505d0c4c43f44cc234eb0a5360e0a764d98b5da"
"docs/art/minions-v0.4.3/review/icons-board-backgrounds.png","docs/milestone/v0.4.3/assets/minions/review/icons-board-backgrounds.png","move","Issue132 승인: 버전·Issue·작성 역할 또는 공용 자산 용도별 보관","fb39955e8899f447d6e7accfaa81853feccd2087"
"docs/art/minions-v0.4.3/review/icons-contact-sheet.png","docs/milestone/v0.4.3/assets/minions/review/icons-contact-sheet.png","move","Issue132 승인: 버전·Issue·작성 역할 또는 공용 자산 용도별 보관","07b1f5e71477e3ea263e3d75573223c35fcbf974"
"docs/art/minions-v0.4.3/review/icons-silhouette.png","docs/milestone/v0.4.3/assets/minions/review/icons-silhouette.png","move","Issue132 승인: 버전·Issue·작성 역할 또는 공용 자산 용도별 보관","7ce878199822d42bf79243b26d015722c64ba5b4"
"docs/art/minions-v0.4.3/source-manifest.csv","docs/milestone/v0.4.3/assets/minions/source-manifest.csv","move","Issue132 승인: 버전·Issue·작성 역할 또는 공용 자산 용도별 보관","4e9ebd15dc490099f9ab301b69068b22e21dfe58"
"docs/art/minions-v0.4.3/source-qa-saturn.md","docs/milestone/v0.4.3/issues/87/Saturn/source-qa-saturn.md","move","Issue132 승인: 버전·Issue·작성 역할 또는 공용 자산 용도별 보관","caecede717e2dd4bc555d55f18047f8d3a78ab5f"
"docs/art/minions-v0.4.3/tooling-qa-saturn.md","docs/milestone/v0.4.3/issues/87/Saturn/tooling-qa-saturn.md","move","Issue132 승인: 버전·Issue·작성 역할 또는 공용 자산 용도별 보관","a431cf0651d38870b3229d1702ea8f700e60628d"
"docs/art/readme-hero-v0.4.4.md","docs/milestone/v0.4.4/issues/105/Earth/readme-hero-v0.4.4.md","move","Issue132 승인: 버전·Issue·작성 역할 또는 공용 자산 용도별 보관","eaba0ed3e7cacaf30144e8b5be311bbe1152769a"
"docs/creat2ve/AUTHORITY.md","docs/creat2ve/AUTHORITY.md","keep","상시 안내 또는 보존 미디어","d0a205fe02b8ca76e237c0e60b102c8a9816ed7d"
"docs/creat2ve/Creat2veVibeCodingStructure.html","docs/creat2ve/Creat2veVibeCodingStructure.html","keep","상시 안내 또는 보존 미디어","622352a6e1d8d045182d519fb523e06752327244"
"docs/creat2ve/HANDOVER_SNAPSHOT.md","docs/creat2ve/HANDOVER_SNAPSHOT.md","keep","상시 안내 또는 보존 미디어","0a58e5a057dae1fce3923c020d0021949116bddc"
"docs/creat2ve/README.md","docs/creat2ve/README.md","keep","상시 안내 또는 보존 미디어","67f21d89d477282e97f4e14a664033c474237005"
"docs/creat2ve/github-infra.json","docs/creat2ve/github-infra.json","keep","상시 안내 또는 보존 미디어","fb44af6d8f8d093c73a31c56ac1765c86c195859"
"docs/creat2ve/prompts/earth.md","docs/creat2ve/prompts/earth.md","keep","상시 안내 또는 보존 미디어","5588802a62454c57c560da658bfdf8fb86235d15"
"docs/creat2ve/prompts/jupiter.md","docs/creat2ve/prompts/jupiter.md","keep","상시 안내 또는 보존 미디어","4da65482c42cf4facc9c57812b770f18f9855c01"
"docs/creat2ve/prompts/mars.md","docs/creat2ve/prompts/mars.md","keep","상시 안내 또는 보존 미디어","9c88b4c86cdeea35eb6c3025d76aeeecfaebc949"
"docs/creat2ve/prompts/mercury.md","docs/creat2ve/prompts/mercury.md","keep","상시 안내 또는 보존 미디어","a0cb150267b387e9fc6b62304874b32eaa1dd63a"
"docs/creat2ve/prompts/saturn.md","docs/creat2ve/prompts/saturn.md","keep","상시 안내 또는 보존 미디어","3f0f3ef8e189fdae47b19a1aac6d5ed964c96a6d"
"docs/creat2ve/prompts/venus.md","docs/creat2ve/prompts/venus.md","keep","상시 안내 또는 보존 미디어","90d53bcd79ad96a15f07f2620b7fd2a4e0051e30"
"docs/media/digit-duel-hero.png","docs/media/digit-duel-hero.png","keep","상시 안내 또는 보존 미디어","f25e7202350172aca87d49661ef06728c9411d56"
"docs/media/tutorial-01.png","docs/media/tutorial-01.png","keep","상시 안내 또는 보존 미디어","8739a23d0b501e72fa637dd76e4860eb8b893133"
"docs/media/tutorial-02.png","docs/media/tutorial-02.png","keep","상시 안내 또는 보존 미디어","a1eea9bcb4873d613ef0cef6e3b7ce5638256739"
"docs/media/tutorial-03.png","docs/media/tutorial-03.png","keep","상시 안내 또는 보존 미디어","e3e411b39ff72ff16f3e3a6db5d3472a7e6842cf"
"docs/media/tutorial-04.png","docs/media/tutorial-04.png","keep","상시 안내 또는 보존 미디어","f1fef3fa800ecfde0cf28b9bffea3bb3c195e033"
"docs/media/tutorial-05.png","docs/media/tutorial-05.png","keep","상시 안내 또는 보존 미디어","d17f11b165ae9133d2dc430a4c5aa8afc71d48fc"
"docs/media/tutorial-06.png","docs/media/tutorial-06.png","keep","상시 안내 또는 보존 미디어","6b3ffcd051ee8e1f32d4556ac29af12992e39a55"
"docs/media/tutorial-07.png","docs/media/tutorial-07.png","keep","상시 안내 또는 보존 미디어","7226a642e83457f052f4939588f861da02e0465c"
"docs/media/tutorial-08.png","docs/media/tutorial-08.png","keep","상시 안내 또는 보존 미디어","943871d24ad3ffb919728a26ecf37a954bc83bbc"
"docs/media/tutorial-09.png","docs/media/tutorial-09.png","keep","상시 안내 또는 보존 미디어","050cb37b145bd572144863dea84a85664bc1e8d3"
"docs/media/tutorial-10.png","docs/media/tutorial-10.png","keep","상시 안내 또는 보존 미디어","759ce73f72bc04a6da612aac622b3c063237d230"
"docs/minion-visual-spec-v0.4.3.md","docs/milestone/v0.4.3/specs/minion-visual-spec-v0.4.3.md","move","Issue132 승인: 버전·Issue·작성 역할 또는 공용 자산 용도별 보관","07fa15e8dd0b1948a48e4c2e2e3da566c3201efc"
"docs/qa/issue104-mars.md","docs/milestone/v0.4.4/issues/104/Mars/issue104-mars.md","move","Issue132 승인: 버전·Issue·작성 역할 또는 공용 자산 용도별 보관","f871acdf762618fadad71a91e7f583d6b19d83f2"
"docs/qa/issue104-orientation-audit.md","docs/milestone/v0.4.4/issues/104/Mars/issue104-orientation-audit.md","move","Issue132 승인: 버전·Issue·작성 역할 또는 공용 자산 용도별 보관","c540918c83aca6571600f661cb39d89b461be224"
"docs/qa/issue104-orientation-audit/README.txt","docs/milestone/v0.4.4/issues/104/Mars/orientation-artifacts/README.txt","move","Issue132 승인: 버전·Issue·작성 역할 또는 공용 자산 용도별 보관","69ab5e6123ee06f23f90af7ffe3bf9edc2701988"
"docs/qa/issue104-orientation-audit/http_desktop-1280_1-p2-start.png","docs/milestone/v0.4.4/issues/104/Mars/orientation-artifacts/http_desktop-1280_1-p2-start.png","move","Issue132 승인: 버전·Issue·작성 역할 또는 공용 자산 용도별 보관","d66f85e2923d5b0baea3b3bf13ff0c628094f331"
"docs/qa/issue104-orientation-audit/http_desktop-1280_2-p2-pre65-after-crossing.png","docs/milestone/v0.4.4/issues/104/Mars/orientation-artifacts/http_desktop-1280_2-p2-pre65-after-crossing.png","move","Issue132 승인: 버전·Issue·작성 역할 또는 공용 자산 용도별 보관","e2f909e2562c02bf81c652366d0e94a7898aa225"
"docs/qa/issue104-orientation-audit/http_desktop-1280_3-p2-after-crossing.png","docs/milestone/v0.4.4/issues/104/Mars/orientation-artifacts/http_desktop-1280_3-p2-after-crossing.png","move","Issue132 승인: 버전·Issue·작성 역할 또는 공용 자산 용도별 보관","bcf694cf3ea2497f606dd543110500bcffef716d"
"docs/qa/issue104-orientation-audit/http_desktop-1280_4-p1-after-crossing.png","docs/milestone/v0.4.4/issues/104/Mars/orientation-artifacts/http_desktop-1280_4-p1-after-crossing.png","move","Issue132 승인: 버전·Issue·작성 역할 또는 공용 자산 용도별 보관","4ca546c766d4ecb8e55663667962dc42722536a9"
"docs/qa/issue104-orientation-audit/orientation_audit_cdp_report.json","docs/milestone/v0.4.4/issues/104/Mars/orientation-artifacts/orientation_audit_cdp_report.json","move","Issue132 승인: 버전·Issue·작성 역할 또는 공용 자산 용도별 보관","686b08894755f23f91aa1080f4067648b788024c"
"docs/qa/issue104-orientation-saturn-final.md","docs/milestone/v0.4.4/issues/104/Saturn/issue104-orientation-saturn-final.md","move","Issue132 승인: 버전·Issue·작성 역할 또는 공용 자산 용도별 보관","4e51380f07809ed6b040da5ecd5ef246b222abeb"
"docs/qa/issue104-orientation-saturn-first.md","docs/milestone/v0.4.4/issues/104/Saturn/issue104-orientation-saturn-first.md","move","Issue132 승인: 버전·Issue·작성 역할 또는 공용 자산 용도별 보관","c6c680ca9f27a3c96f372ae204b47f1b58dd387a"
"docs/qa/issue104-saturn.md","docs/milestone/v0.4.4/issues/104/Saturn/issue104-saturn.md","move","Issue132 승인: 버전·Issue·작성 역할 또는 공용 자산 용도별 보관","1e0379b7d3d3b2341733013ae7f4b66c701bc046"
"docs/qa/issue104/http_desktop-1280_1-p1-after-hidden-collision.png","docs/milestone/v0.4.4/issues/104/Mars/artifacts/http_desktop-1280_1-p1-after-hidden-collision.png","move","Issue132 승인: 버전·Issue·작성 역할 또는 공용 자산 용도별 보관","6ba6e32d27c63a037e33ab4ca3fe8ac87c6a4c52"
"docs/qa/issue104/http_desktop-1280_2-p2-after-hidden-collision.png","docs/milestone/v0.4.4/issues/104/Mars/artifacts/http_desktop-1280_2-p2-after-hidden-collision.png","move","Issue132 승인: 버전·Issue·작성 역할 또는 공용 자산 용도별 보관","07e3784ad138b9459a4d8fdcb217ed5cc44cfe18"
"docs/qa/issue104/issue104_cdp_report.json","docs/milestone/v0.4.4/issues/104/Mars/artifacts/issue104_cdp_report.json","move","Issue132 승인: 버전·Issue·작성 역할 또는 공용 자산 용도별 보관","12f24dc9be5df2f5206c2e85640c8f3b8856140a"
"docs/qa/issue105-media.md","docs/milestone/v0.4.4/issues/105/Mars/issue105-media.md","move","Issue132 승인: 버전·Issue·작성 역할 또는 공용 자산 용도별 보관","bfa27f84ebd014798e78eef24ae8e71cbddb0ce6"
"docs/qa/issue105-media/capture-manifest.json","docs/milestone/v0.4.4/issues/105/Mars/artifacts/capture-manifest.json","move","Issue132 승인: 버전·Issue·작성 역할 또는 공용 자산 용도별 보관","3995436659a9eadd8f31795f20e792f6a29f6817"
"docs/qa/issue105-media/gallery-open.png","docs/milestone/v0.4.4/issues/105/Mars/artifacts/gallery-open.png","move","Issue132 승인: 버전·Issue·작성 역할 또는 공용 자산 용도별 보관","e741b3f8729e210e9758ac0449f6cac533dcb7b3"
"docs/qa/issue105-media/readme-gh-render.html","docs/milestone/v0.4.4/issues/105/Mars/artifacts/readme-gh-render.html","move","Issue132 승인: 버전·Issue·작성 역할 또는 공용 자산 용도별 보관","ccc3c260ad04b35dadcd4e591691548178b7b60e"
"docs/qa/issue105-media/section-00.png","docs/milestone/v0.4.4/issues/105/Mars/artifacts/section-00.png","move","Issue132 승인: 버전·Issue·작성 역할 또는 공용 자산 용도별 보관","5e4b45a310d3aa0e19f5c6ac60c601acd070c561"
"docs/qa/issue105-media/section-01.png","docs/milestone/v0.4.4/issues/105/Mars/artifacts/section-01.png","move","Issue132 승인: 버전·Issue·작성 역할 또는 공용 자산 용도별 보관","aab49ddb70cbf9cc880d30f7c4201e8f9dcec4a5"
"docs/qa/issue105-media/section-02.png","docs/milestone/v0.4.4/issues/105/Mars/artifacts/section-02.png","move","Issue132 승인: 버전·Issue·작성 역할 또는 공용 자산 용도별 보관","98b9cccbcda77c6d28f0b97ee21eace79696c910"
"docs/qa/issue105-media/section-03.png","docs/milestone/v0.4.4/issues/105/Mars/artifacts/section-03.png","move","Issue132 승인: 버전·Issue·작성 역할 또는 공용 자산 용도별 보관","8638d10e798add76ff1b83cdefbc135c6e92d413"
"docs/qa/issue105-media/section-04.png","docs/milestone/v0.4.4/issues/105/Mars/artifacts/section-04.png","move","Issue132 승인: 버전·Issue·작성 역할 또는 공용 자산 용도별 보관","bc215a42e048653cb8a83523c3a3226fb5a33b0d"
"docs/qa/issue105-media/section-05.png","docs/milestone/v0.4.4/issues/105/Mars/artifacts/section-05.png","move","Issue132 승인: 버전·Issue·작성 역할 또는 공용 자산 용도별 보관","e2ec3fa1fccde80493a84899e857b71f35a23eab"
"docs/qa/issue105-media/section-06.png","docs/milestone/v0.4.4/issues/105/Mars/artifacts/section-06.png","move","Issue132 승인: 버전·Issue·작성 역할 또는 공용 자산 용도별 보관","2fc2c486c8641a0bacb529cb4a625293a88c7346"
"docs/qa/issue105-media/section-07.png","docs/milestone/v0.4.4/issues/105/Mars/artifacts/section-07.png","move","Issue132 승인: 버전·Issue·작성 역할 또는 공용 자산 용도별 보관","46049ab81ef82b987d5e941285b95e098da8b81a"
"docs/qa/issue105-media/section-08.png","docs/milestone/v0.4.4/issues/105/Mars/artifacts/section-08.png","move","Issue132 승인: 버전·Issue·작성 역할 또는 공용 자산 용도별 보관","0ffdeb7cef3be5a40169dde6fec2f0760248230c"
"docs/qa/issue105-media/verify-report.json","docs/milestone/v0.4.4/issues/105/Mars/artifacts/verify-report.json","move","Issue132 승인: 버전·Issue·작성 역할 또는 공용 자산 용도별 보관","1f22dc61a98f188e0ae6fef1ddbe29977d820d33"
"docs/qa/issue105-pd-report.md","docs/milestone/v0.4.4/issues/105/Mercury/issue105-pd-report.md","move","Issue132 승인: 버전·Issue·작성 역할 또는 공용 자산 용도별 보관","eceed2f43de0424b953181a74840ecc980db44cd"
"docs/qa/issue105-saturn-editorial.md","docs/milestone/v0.4.4/issues/105/Saturn/issue105-saturn-editorial.md","move","Issue132 승인: 버전·Issue·작성 역할 또는 공용 자산 용도별 보관","933ec1edff17fc3cd963dc84cae842dcc1329c53"
"docs/qa/issue105-saturn-final.md","docs/milestone/v0.4.4/issues/105/Saturn/issue105-saturn-final.md","move","Issue132 승인: 버전·Issue·작성 역할 또는 공용 자산 용도별 보관","8d525ab36336d59a1dece28e1a4560446ace363f"
"docs/qa/issue105-saturn-media-first.md","docs/milestone/v0.4.4/issues/105/Saturn/issue105-saturn-media-first.md","move","Issue132 승인: 버전·Issue·작성 역할 또는 공용 자산 용도별 보관","ce6604c6310aa532df90ae5c387c6a1e5090a1f3"
"docs/qa/issue105-saturn-media.md","docs/milestone/v0.4.4/issues/105/Saturn/issue105-saturn-media.md","move","Issue132 승인: 버전·Issue·작성 역할 또는 공용 자산 용도별 보관","e8cf864238a7ca46dfe3dd340d2959f036bdec04"
"docs/qa/issue106-browser-mars.md","docs/milestone/v0.4.4/issues/106/Mars/issue106-browser-mars.md","move","Issue132 승인: 버전·Issue·작성 역할 또는 공용 자산 용도별 보관","ca72821040b7e927aa3774e2bd44f4f505c8ccb4"
"docs/qa/issue106-browser/01-hotseat-handoff-before-banner.png","docs/milestone/v0.4.4/issues/106/Mars/browser-artifacts/01-hotseat-handoff-before-banner.png","move","Issue132 승인: 버전·Issue·작성 역할 또는 공용 자산 용도별 보관","01da9ca4328373527c75616145c85ca1f63be64e"
"docs/qa/issue106-browser/02-hotseat-my-turn-banner.png","docs/milestone/v0.4.4/issues/106/Mars/browser-artifacts/02-hotseat-my-turn-banner.png","move","Issue132 승인: 버전·Issue·작성 역할 또는 공용 자산 용도별 보관","835a216c4b4bfdc6b046edcf5de5621654dfce62"
"docs/qa/issue106-browser/03-hotseat-390px-board.png","docs/milestone/v0.4.4/issues/106/Mars/browser-artifacts/03-hotseat-390px-board.png","move","Issue132 승인: 버전·Issue·작성 역할 또는 공용 자산 용도별 보관","2978e63e7ead4a3dbc5f8c1c6ed02a04651ec932"
"docs/qa/issue106-browser/04-pve-battle-menu-my-turn.png","docs/milestone/v0.4.4/issues/106/Mars/browser-artifacts/04-pve-battle-menu-my-turn.png","move","Issue132 승인: 버전·Issue·작성 역할 또는 공용 자산 용도별 보관","12ba8846d8409c9fedfd07fd5e63438db2e6d957"
"docs/qa/issue106-browser/05-pve-board-after-ai-turn.png","docs/milestone/v0.4.4/issues/106/Mars/browser-artifacts/05-pve-board-after-ai-turn.png","move","Issue132 승인: 버전·Issue·작성 역할 또는 공용 자산 용도별 보관","6d103c761c2b22f45991e7597f7971c8a694dfab"
"docs/qa/issue106-browser/06-b1-menu-root-actor.png","docs/milestone/v0.4.4/issues/106/Mars/browser-artifacts/06-b1-menu-root-actor.png","move","Issue132 승인: 버전·Issue·작성 역할 또는 공용 자산 용도별 보관","0b957e0bcfcefa5bb032e07ca3312b79ebf5841f"
"docs/qa/issue106-browser/07-b1-menu-root-mirror.png","docs/milestone/v0.4.4/issues/106/Mars/browser-artifacts/07-b1-menu-root-mirror.png","move","Issue132 승인: 버전·Issue·작성 역할 또는 공용 자산 용도별 보관","cf758a45bae683380050e9817904a5f9f794fc0a"
"docs/qa/issue106-browser/08-b1-submenu-fight.png","docs/milestone/v0.4.4/issues/106/Mars/browser-artifacts/08-b1-submenu-fight.png","move","Issue132 승인: 버전·Issue·작성 역할 또는 공용 자산 용도별 보관","132a18e6bd1857153cee1abb476ce9bbb971aaa3"
"docs/qa/issue106-browser/09-b1-submenu-capture-guard.png","docs/milestone/v0.4.4/issues/106/Mars/browser-artifacts/09-b1-submenu-capture-guard.png","move","Issue132 승인: 버전·Issue·작성 역할 또는 공용 자산 용도별 보관","d7b36ee25d92a65d6ce0cbb0a3a050d4422bf4fa"
"docs/qa/issue106-browser/10-b1-390px-menu-root.png","docs/milestone/v0.4.4/issues/106/Mars/browser-artifacts/10-b1-390px-menu-root.png","move","Issue132 승인: 버전·Issue·작성 역할 또는 공용 자산 용도별 보관","3759037cd639d057e60da99c6cb7aded5f1d6a65"
"docs/qa/issue106-browser/11-b1-390px-submenu-fight.png","docs/milestone/v0.4.4/issues/106/Mars/browser-artifacts/11-b1-390px-submenu-fight.png","move","Issue132 승인: 버전·Issue·작성 역할 또는 공용 자산 용도별 보관","25684cde72c1d1e460fbacb875663b757d9fecec"
"docs/qa/issue106-browser/12-b1-after-item-same-actor.png","docs/milestone/v0.4.4/issues/106/Mars/browser-artifacts/12-b1-after-item-same-actor.png","move","Issue132 승인: 버전·Issue·작성 역할 또는 공용 자산 용도별 보관","594b625969fc275d9d9e0b453921aa9368bc012d"
"docs/qa/issue106-browser/13-b1-board-after-battle.png","docs/milestone/v0.4.4/issues/106/Mars/browser-artifacts/13-b1-board-after-battle.png","move","Issue132 승인: 버전·Issue·작성 역할 또는 공용 자산 용도별 보관","c1c20385687d404b4e4950894a9934b2416a1c9c"
"docs/qa/issue106-browser/14-b2-reveal-modal-owner-p1.png","docs/milestone/v0.4.4/issues/106/Mars/browser-artifacts/14-b2-reveal-modal-owner-p1.png","move","Issue132 승인: 버전·Issue·작성 역할 또는 공용 자산 용도별 보관","80821228331d83981f23c5848f9136b7c6cb33e1"
"docs/qa/issue106-browser/15-b2-reveal-modal-wait-p2.png","docs/milestone/v0.4.4/issues/106/Mars/browser-artifacts/15-b2-reveal-modal-wait-p2.png","move","Issue132 승인: 버전·Issue·작성 역할 또는 공용 자산 용도별 보관","22e3a0b74d5794dacbb1ce6e066b88b157b54c02"
"docs/qa/issue106-browser/16-b2-board-after-tie.png","docs/milestone/v0.4.4/issues/106/Mars/browser-artifacts/16-b2-board-after-tie.png","move","Issue132 승인: 버전·Issue·작성 역할 또는 공용 자산 용도별 보관","c55d4a98a0f1a192d47413c7d3184ea4a50f2fd2"
"docs/qa/issue106-browser/17-bt65-banner-p1.png","docs/milestone/v0.4.4/issues/106/Mars/browser-artifacts/17-bt65-banner-p1.png","move","Issue132 승인: 버전·Issue·작성 역할 또는 공용 자산 용도별 보관","a1ac0cb30f9e869f9c14ceea15537b7b6e379be6"
"docs/qa/issue106-browser/18-bt65-banner-p2.png","docs/milestone/v0.4.4/issues/106/Mars/browser-artifacts/18-bt65-banner-p2.png","move","Issue132 승인: 버전·Issue·작성 역할 또는 공용 자산 용도별 보관","5404cc4790d6294ad7750ca49263a601f69f6d5d"
"docs/qa/issue106-browser/issue106_browser_audit_report.json","docs/milestone/v0.4.4/issues/106/Mars/browser-artifacts/issue106_browser_audit_report.json","move","Issue132 승인: 버전·Issue·작성 역할 또는 공용 자산 용도별 보관","937d2a6861086a9b9650fb96b9280d29a674d311"
"docs/qa/issue106-mars.md","docs/milestone/v0.4.4/issues/106/Mars/issue106-mars.md","move","Issue132 승인: 버전·Issue·작성 역할 또는 공용 자산 용도별 보관","ba2d51b66e55f3b2bc8d56c060e346ea39c1e5c9"
"docs/qa/issue106-pd-incident.md","docs/milestone/v0.4.4/issues/106/Mercury/issue106-pd-incident.md","move","Issue132 승인: 버전·Issue·작성 역할 또는 공용 자산 용도별 보관","0ba7db52a8bb728b7c19b5ef60896343725c386d"
"docs/qa/issue106-saturn-final.md","docs/milestone/v0.4.4/issues/106/Saturn/issue106-saturn-final.md","move","Issue132 승인: 버전·Issue·작성 역할 또는 공용 자산 용도별 보관","7a056918425c9db4af09f56aae3a1131bb2730a9"
"docs/qa/issue106-saturn-first.md","docs/milestone/v0.4.4/issues/106/Saturn/issue106-saturn-first.md","move","Issue132 승인: 버전·Issue·작성 역할 또는 공용 자산 용도별 보관","a2e7bffd41b5c218451f6a265e14d579120d4f53"
"docs/qa/issue106-shield-mars.md","docs/milestone/v0.4.4/issues/106/Mars/issue106-shield-mars.md","move","Issue132 승인: 버전·Issue·작성 역할 또는 공용 자산 용도별 보관","610fdcd603896f43a5f231761534da2ed2a0c1e0"
"docs/qa/issue106/1-turn-banner-actor.png","docs/milestone/v0.4.4/issues/106/Mars/artifacts/1-turn-banner-actor.png","move","Issue132 승인: 버전·Issue·작성 역할 또는 공용 자산 용도별 보관","e1b8da44b4af3f8fe8c32ffdb98e66f068636c0f"
"docs/qa/issue106/10-heal-effect.png","docs/milestone/v0.4.4/issues/106/Mars/artifacts/10-heal-effect.png","move","Issue132 승인: 버전·Issue·작성 역할 또는 공용 자산 용도별 보관","7169ff8491c57a0abdf9476a9dea4a3af4be5504"
"docs/qa/issue106/11-explosion-hold.png","docs/milestone/v0.4.4/issues/106/Mars/artifacts/11-explosion-hold.png","move","Issue132 승인: 버전·Issue·작성 역할 또는 공용 자산 용도별 보관","f4c1fc4a1edda0de4ba0b59617082c9344957a92"
"docs/qa/issue106/12-trap-reveal-p1.png","docs/milestone/v0.4.4/issues/106/Mars/artifacts/12-trap-reveal-p1.png","move","Issue132 승인: 버전·Issue·작성 역할 또는 공용 자산 용도별 보관","fd373fea915116aef367fd57b6f9e28a17625a7c"
"docs/qa/issue106/13-bt-banner.png","docs/milestone/v0.4.4/issues/106/Mars/artifacts/13-bt-banner.png","move","Issue132 승인: 버전·Issue·작성 역할 또는 공용 자산 용도별 보관","a4b38b2e01b52d8bcacce5c10bade167f417497b"
"docs/qa/issue106/14-pve-opponent-turn.png","docs/milestone/v0.4.4/issues/106/Mars/artifacts/14-pve-opponent-turn.png","move","Issue132 승인: 버전·Issue·작성 역할 또는 공용 자산 용도별 보관","ca7ff64975befca3df57355dffb98a160635f21f"
"docs/qa/issue106/15-narrow-battle-menu.png","docs/milestone/v0.4.4/issues/106/Mars/artifacts/15-narrow-battle-menu.png","move","Issue132 승인: 버전·Issue·작성 역할 또는 공용 자산 용도별 보관","6f8d60417eff912e71dbe16891df2b4c64dc8c49"
"docs/qa/issue106/16-narrow-fight-submenu.png","docs/milestone/v0.4.4/issues/106/Mars/artifacts/16-narrow-fight-submenu.png","move","Issue132 승인: 버전·Issue·작성 역할 또는 공용 자산 용도별 보관","a1e2e79a33459e16d22ebaf8f83922cb8e12d155"
"docs/qa/issue106/2-turn-banner-opponent.png","docs/milestone/v0.4.4/issues/106/Mars/artifacts/2-turn-banner-opponent.png","move","Issue132 승인: 버전·Issue·작성 역할 또는 공용 자산 용도별 보관","a4a665a1b1cb6d9acf0233ff860b883550aa15b4"
"docs/qa/issue106/3-contact-banner-actor.png","docs/milestone/v0.4.4/issues/106/Mars/artifacts/3-contact-banner-actor.png","move","Issue132 승인: 버전·Issue·작성 역할 또는 공용 자산 용도별 보관","c91bbb5942896db44e06a8e539051514844b3606"
"docs/qa/issue106/4-countdown.png","docs/milestone/v0.4.4/issues/106/Mars/artifacts/4-countdown.png","move","Issue132 승인: 버전·Issue·작성 역할 또는 공용 자산 용도별 보관","0ac2ee1e560cfcd936735f0cf65fa2f9c2edcbc9"
"docs/qa/issue106/5-battle-menu-actor.png","docs/milestone/v0.4.4/issues/106/Mars/artifacts/5-battle-menu-actor.png","move","Issue132 승인: 버전·Issue·작성 역할 또는 공용 자산 용도별 보관","0f7fdb19fd2ffe3872cb2d45077186bad8d97fcb"
"docs/qa/issue106/6-battle-menu-mirror.png","docs/milestone/v0.4.4/issues/106/Mars/artifacts/6-battle-menu-mirror.png","move","Issue132 승인: 버전·Issue·작성 역할 또는 공용 자산 용도별 보관","d705e227293cfd6e52bd7f709a67e2faae4a12df"
"docs/qa/issue106/7-skill-group.png","docs/milestone/v0.4.4/issues/106/Mars/artifacts/7-skill-group.png","move","Issue132 승인: 버전·Issue·작성 역할 또는 공용 자산 용도별 보관","69fcd8f2c73ccdfe86f7f5c00589d3848eab4a91"
"docs/qa/issue106/8-damage-group.png","docs/milestone/v0.4.4/issues/106/Mars/artifacts/8-damage-group.png","move","Issue132 승인: 버전·Issue·작성 역할 또는 공용 자산 용도별 보관","85cb62d7338a8c7d34d3e99fbd338a3bfe88dc63"
"docs/qa/issue106/9-result-banner.png","docs/milestone/v0.4.4/issues/106/Mars/artifacts/9-result-banner.png","move","Issue132 승인: 버전·Issue·작성 역할 또는 공용 자산 용도별 보관","02d16428776be253bdac824e8918f9c1db579185"
"docs/qa/issue106/issue106_cdp_report.json","docs/milestone/v0.4.4/issues/106/Mars/artifacts/issue106_cdp_report.json","move","Issue132 승인: 버전·Issue·작성 역할 또는 공용 자산 용도별 보관","26c3e5b1850290a59afbc489a87ed124db143d88"
"docs/qa/issue114-mars-followup.md","docs/milestone/v0.4.5/issues/114/Mars/issue114-mars-followup.md","move","Issue132 승인: 버전·Issue·작성 역할 또는 공용 자산 용도별 보관","389d7bd47c79896f79a5e7f5d88d0549b2252d4f"
"docs/qa/issue114-mars.md","docs/milestone/v0.4.5/issues/114/Mars/issue114-mars.md","move","Issue132 승인: 버전·Issue·작성 역할 또는 공용 자산 용도별 보관","abe94416c9cc18dde1be779bd438ab579ddb043b"
"docs/qa/issue114-media/capture-manifest.json","docs/milestone/v0.4.5/issues/114/Mars/artifacts/capture-manifest.json","move","Issue132 승인: 버전·Issue·작성 역할 또는 공용 자산 용도별 보관","4d3ec79a2a4630ad47a67b9f993b07670afd92b7"
"docs/qa/issue114-media/conditional-end-option.png","docs/milestone/v0.4.5/issues/114/Mars/artifacts/conditional-end-option.png","move","Issue132 승인: 버전·Issue·작성 역할 또는 공용 자산 용도별 보관","4eeae67b9dcaa9420c368bd3cc1fceee186ff14f"
"docs/qa/issue114-media/flee-attacker-waiting.png","docs/milestone/v0.4.5/issues/114/Mars/artifacts/flee-attacker-waiting.png","move","Issue132 승인: 버전·Issue·작성 역할 또는 공용 자산 용도별 보관","c79d36a7edd9d6948758fc2b7b69ddd770a3a385"
"docs/qa/issue114-media/flee-defender-choice.png","docs/milestone/v0.4.5/issues/114/Mars/artifacts/flee-defender-choice.png","move","Issue132 승인: 버전·Issue·작성 역할 또는 공용 자산 용도별 보관","16ea66e752a63985309c75043dd89e6ae9f7798c"
"docs/qa/issue114-media/gallery-open-w390.png","docs/milestone/v0.4.5/issues/114/Mars/artifacts/gallery-open-w390.png","move","Issue132 승인: 버전·Issue·작성 역할 또는 공용 자산 용도별 보관","e5850ce7a20a7c91150b473c28da2c5e6f1b1aab"
"docs/qa/issue114-media/gallery-open.png","docs/milestone/v0.4.5/issues/114/Mars/artifacts/gallery-open.png","move","Issue132 승인: 버전·Issue·작성 역할 또는 공용 자산 용도별 보관","0a1edbf8c7e7768b57f3cb1cf112399066bb54b5"
"docs/qa/issue114-media/issue114_cdp_report.json","docs/milestone/v0.4.5/issues/114/Mars/artifacts/issue114_cdp_report.json","move","Issue132 승인: 버전·Issue·작성 역할 또는 공용 자산 용도별 보관","fb80307d186bdfc611f46d450b1756e7e86f7381"
"docs/qa/issue114-media/readme-gh-render-w390.html","docs/milestone/v0.4.5/issues/114/Mars/artifacts/readme-gh-render-w390.html","move","Issue132 승인: 버전·Issue·작성 역할 또는 공용 자산 용도별 보관","ef92d544bf7e99636132cc991b68809af7311760"
"docs/qa/issue114-media/readme-gh-render.html","docs/milestone/v0.4.5/issues/114/Mars/artifacts/readme-gh-render.html","move","Issue132 승인: 버전·Issue·작성 역할 또는 공용 자산 용도별 보관","ef92d544bf7e99636132cc991b68809af7311760"
"docs/qa/issue114-media/section-00-w390.png","docs/milestone/v0.4.5/issues/114/Mars/artifacts/section-00-w390.png","move","Issue132 승인: 버전·Issue·작성 역할 또는 공용 자산 용도별 보관","4ede94453a4690beaec12d57b2cdd7fb07c44453"
"docs/qa/issue114-media/section-00.png","docs/milestone/v0.4.5/issues/114/Mars/artifacts/section-00.png","move","Issue132 승인: 버전·Issue·작성 역할 또는 공용 자산 용도별 보관","78805dacf5dcc06401e0af45f8c7bbecc36ac035"
"docs/qa/issue114-media/section-01-w390.png","docs/milestone/v0.4.5/issues/114/Mars/artifacts/section-01-w390.png","move","Issue132 승인: 버전·Issue·작성 역할 또는 공용 자산 용도별 보관","455f53bdd43b63dc1842f1de45d67f5907a69ffb"
"docs/qa/issue114-media/section-01.png","docs/milestone/v0.4.5/issues/114/Mars/artifacts/section-01.png","move","Issue132 승인: 버전·Issue·작성 역할 또는 공용 자산 용도별 보관","aab49ddb70cbf9cc880d30f7c4201e8f9dcec4a5"
"docs/qa/issue114-media/section-02-w390.png","docs/milestone/v0.4.5/issues/114/Mars/artifacts/section-02-w390.png","move","Issue132 승인: 버전·Issue·작성 역할 또는 공용 자산 용도별 보관","cddcb76542a0089f28d12bc94517e5c28147f75f"
"docs/qa/issue114-media/section-02.png","docs/milestone/v0.4.5/issues/114/Mars/artifacts/section-02.png","move","Issue132 승인: 버전·Issue·작성 역할 또는 공용 자산 용도별 보관","900bbf799b90b80739580e00ebc2e29f5f4a7fee"
"docs/qa/issue114-media/section-03-w390.png","docs/milestone/v0.4.5/issues/114/Mars/artifacts/section-03-w390.png","move","Issue132 승인: 버전·Issue·작성 역할 또는 공용 자산 용도별 보관","a189b8fab6a10ec03dcfb8f77b6115755a96ff10"
"docs/qa/issue114-media/section-03.png","docs/milestone/v0.4.5/issues/114/Mars/artifacts/section-03.png","move","Issue132 승인: 버전·Issue·작성 역할 또는 공용 자산 용도별 보관","2c588cee80f2405800940be0d449ce0b21276562"
"docs/qa/issue114-media/section-04-w390.png","docs/milestone/v0.4.5/issues/114/Mars/artifacts/section-04-w390.png","move","Issue132 승인: 버전·Issue·작성 역할 또는 공용 자산 용도별 보관","5882d630ed3aa1c45880b5189db1cece5239fc76"
"docs/qa/issue114-media/section-04.png","docs/milestone/v0.4.5/issues/114/Mars/artifacts/section-04.png","move","Issue132 승인: 버전·Issue·작성 역할 또는 공용 자산 용도별 보관","544abe4ab04e887e011ea5653959947cdf9388dc"
"docs/qa/issue114-media/section-05-w390.png","docs/milestone/v0.4.5/issues/114/Mars/artifacts/section-05-w390.png","move","Issue132 승인: 버전·Issue·작성 역할 또는 공용 자산 용도별 보관","259980adf3323fa3ae1fc834e149243573c3a711"
"docs/qa/issue114-media/section-05.png","docs/milestone/v0.4.5/issues/114/Mars/artifacts/section-05.png","move","Issue132 승인: 버전·Issue·작성 역할 또는 공용 자산 용도별 보관","25f59b391205442d8a1793031c863ce40d09cb01"
"docs/qa/issue114-media/section-06-w390.png","docs/milestone/v0.4.5/issues/114/Mars/artifacts/section-06-w390.png","move","Issue132 승인: 버전·Issue·작성 역할 또는 공용 자산 용도별 보관","73ee2deb025977e66e721e8080ecfc0fd24b7f50"
"docs/qa/issue114-media/section-06.png","docs/milestone/v0.4.5/issues/114/Mars/artifacts/section-06.png","move","Issue132 승인: 버전·Issue·작성 역할 또는 공용 자산 용도별 보관","eafb21d0d7b49e859e7d84edac7400f511478ca3"
"docs/qa/issue114-media/section-07-w390.png","docs/milestone/v0.4.5/issues/114/Mars/artifacts/section-07-w390.png","move","Issue132 승인: 버전·Issue·작성 역할 또는 공용 자산 용도별 보관","e8740c98cea6524eac9410a170eb0100d6f3a469"
"docs/qa/issue114-media/section-07.png","docs/milestone/v0.4.5/issues/114/Mars/artifacts/section-07.png","move","Issue132 승인: 버전·Issue·작성 역할 또는 공용 자산 용도별 보관","85a251d60f3c2c6b70e5731d613b945647c26bce"
"docs/qa/issue114-media/section-08-w390.png","docs/milestone/v0.4.5/issues/114/Mars/artifacts/section-08-w390.png","move","Issue132 승인: 버전·Issue·작성 역할 또는 공용 자산 용도별 보관","70a4710fdfb350bcf694aa5b0f61c8bfb81e2e0c"
"docs/qa/issue114-media/section-08.png","docs/milestone/v0.4.5/issues/114/Mars/artifacts/section-08.png","move","Issue132 승인: 버전·Issue·작성 역할 또는 공용 자산 용도별 보관","f7e1e3cf6aa8611cdad0f03090adbaf453079409"
"docs/qa/issue114-media/tut_layout_report.json","docs/milestone/v0.4.5/issues/114/Mars/artifacts/tut_layout_report.json","move","Issue132 승인: 버전·Issue·작성 역할 또는 공용 자산 용도별 보관","f1ddd7304839de4429fca6a76d715ad89fe69de8"
"docs/qa/issue114-media/verify-report-w390.json","docs/milestone/v0.4.5/issues/114/Mars/artifacts/verify-report-w390.json","move","Issue132 승인: 버전·Issue·작성 역할 또는 공용 자산 용도별 보관","bdb517d127cfab39aefa9c193925df455c5e7651"
"docs/qa/issue114-media/verify-report.json","docs/milestone/v0.4.5/issues/114/Mars/artifacts/verify-report.json","move","Issue132 승인: 버전·Issue·작성 역할 또는 공용 자산 용도별 보관","b5d2cbf971cf2328ce1bead218796ec4e1b1c8cb"
"docs/qa/issue114-notion-sync.md","docs/milestone/v0.4.5/issues/114/Venus/issue114-notion-sync.md","move","Issue132 승인: 버전·Issue·작성 역할 또는 공용 자산 용도별 보관","f0115a01d369037886893e911b459d57316ddeca"
"docs/qa/issue114-pd-report.md","docs/milestone/v0.4.5/issues/114/Mercury/issue114-pd-report.md","move","Issue132 승인: 버전·Issue·작성 역할 또는 공용 자산 용도별 보관","31df70847880497ff79fc696c2ce498d0fb1de5f"
"docs/qa/issue91-mars-revise.md","docs/milestone/v0.4.4/issues/91/Mars/issue91-mars-revise.md","move","Issue132 승인: 버전·Issue·작성 역할 또는 공용 자산 용도별 보관","33e13f751d130a54f0e75dc7c1f5f51400049026"
"docs/qa/issue91-mars.md","docs/milestone/v0.4.4/issues/91/Mars/issue91-mars.md","move","Issue132 승인: 버전·Issue·작성 역할 또는 공용 자산 용도별 보관","b245da5757ef3c10dfc168244fa63419a23746e4"
"docs/qa/issue91-saturn-initial.md","docs/milestone/v0.4.4/issues/91/Saturn/issue91-saturn-initial.md","move","Issue132 승인: 버전·Issue·작성 역할 또는 공용 자산 용도별 보관","3844bd2b171a75cf036d8a4efb1914104d6e6f1f"
"docs/qa/issue91-saturn.md","docs/milestone/v0.4.4/issues/91/Saturn/issue91-saturn.md","move","Issue132 승인: 버전·Issue·작성 역할 또는 공용 자산 용도별 보관","4f2548bf84562e3a6e9d8e8305bdf2354b869587"
"docs/qa/issue91/file_desktop-1280_1-neutral-proxy.png","docs/milestone/v0.4.4/issues/91/Mars/artifacts/file_desktop-1280_1-neutral-proxy.png","move","Issue132 승인: 버전·Issue·작성 역할 또는 공용 자산 용도별 보관","6731a632d9754ae87ca221ee86cbc4fed58c8c1d"
"docs/qa/issue91/file_desktop-1280_2-both-proxy.png","docs/milestone/v0.4.4/issues/91/Mars/artifacts/file_desktop-1280_2-both-proxy.png","move","Issue132 승인: 버전·Issue·작성 역할 또는 공용 자산 용도별 보관","bb8d4185338a18b37e5044b02c2fa0ab71c1abca"
"docs/qa/issue91/file_desktop-1280_3-proxy-fallback.png","docs/milestone/v0.4.4/issues/91/Mars/artifacts/file_desktop-1280_3-proxy-fallback.png","move","Issue132 승인: 버전·Issue·작성 역할 또는 공용 자산 용도별 보관","77567cfc528e7269bd202ada52765676372adbf1"
"docs/qa/issue91/http_desktop-1280_1-neutral-proxy.png","docs/milestone/v0.4.4/issues/91/Mars/artifacts/http_desktop-1280_1-neutral-proxy.png","move","Issue132 승인: 버전·Issue·작성 역할 또는 공용 자산 용도별 보관","6731a632d9754ae87ca221ee86cbc4fed58c8c1d"
"docs/qa/issue91/http_desktop-1280_2-both-proxy.png","docs/milestone/v0.4.4/issues/91/Mars/artifacts/http_desktop-1280_2-both-proxy.png","move","Issue132 승인: 버전·Issue·작성 역할 또는 공용 자산 용도별 보관","bb8d4185338a18b37e5044b02c2fa0ab71c1abca"
"docs/qa/issue91/http_desktop-1280_3-proxy-fallback.png","docs/milestone/v0.4.4/issues/91/Mars/artifacts/http_desktop-1280_3-proxy-fallback.png","move","Issue132 승인: 버전·Issue·작성 역할 또는 공용 자산 용도별 보관","ec93b251eaf164a5900e0254d364ac25a6851dc1"
"docs/qa/issue91/http_mobile-390_1-neutral-proxy.png","docs/milestone/v0.4.4/issues/91/Mars/artifacts/http_mobile-390_1-neutral-proxy.png","move","Issue132 승인: 버전·Issue·작성 역할 또는 공용 자산 용도별 보관","60440fb34c8026b23a50bd9949309f6bc0b0a3e5"
"docs/qa/issue91/http_mobile-390_2-both-proxy.png","docs/milestone/v0.4.4/issues/91/Mars/artifacts/http_mobile-390_2-both-proxy.png","move","Issue132 승인: 버전·Issue·작성 역할 또는 공용 자산 용도별 보관","1b1b51b2a62a223dc494d748a6ced1978df26789"
"docs/qa/issue91/http_mobile-390_3-proxy-fallback.png","docs/milestone/v0.4.4/issues/91/Mars/artifacts/http_mobile-390_3-proxy-fallback.png","move","Issue132 승인: 버전·Issue·작성 역할 또는 공용 자산 용도별 보관","cb5e8b6aba0f180c94143a010a7fc6b1690e5d3f"
"docs/qa/issue91/issue91_cdp_report.json","docs/milestone/v0.4.4/issues/91/Mars/artifacts/issue91_cdp_report.json","move","Issue132 승인: 버전·Issue·작성 역할 또는 공용 자산 용도별 보관","5f3c7fa57a2c4dd43eb42e965b2eb8ede3766f99"
"docs/qa/issue92-integration.md","docs/milestone/v0.4.4/issues/92/Mars/issue92-integration.md","move","Issue132 승인: 버전·Issue·작성 역할 또는 공용 자산 용도별 보관","6ef23fd44fdd588f28d07c22eafc41121a644d91"
"docs/qa/issue92-mars.md","docs/milestone/v0.4.4/issues/92/Mars/issue92-mars.md","move","Issue132 승인: 버전·Issue·작성 역할 또는 공용 자산 용도별 보관","6d5484b67de8e324e7ef5126e076fb7191ad02d8"
"docs/qa/issue92-saturn-browser.md","docs/milestone/v0.4.4/issues/92/Saturn/issue92-saturn-browser.md","move","Issue132 승인: 버전·Issue·작성 역할 또는 공용 자산 용도별 보관","9593b29941f9530fc7204568c3e663c3aefaacf7"
"docs/qa/issue92-saturn.md","docs/milestone/v0.4.4/issues/92/Saturn/issue92-saturn.md","move","Issue132 승인: 버전·Issue·작성 역할 또는 공용 자산 용도별 보관","5025c0637a99647596dc23ed29a1b4993cc6900c"
"docs/qa/issue92/1-pve-recruit-modal.png","docs/milestone/v0.4.4/issues/92/Mars/artifacts/1-pve-recruit-modal.png","move","Issue132 승인: 버전·Issue·작성 역할 또는 공용 자산 용도별 보관","9f4c348bc1ca874970dd5308973ad78b3a7f0a55"
"docs/qa/issue92/2-pve-battle-buttons.png","docs/milestone/v0.4.4/issues/92/Mars/artifacts/2-pve-battle-buttons.png","move","Issue132 승인: 버전·Issue·작성 역할 또는 공용 자산 용도별 보관","0bf0ced15c1772d81ddd86e3e2f787460fcbf439"
"docs/qa/issue92/3-pve-cross-skill-hit.png","docs/milestone/v0.4.4/issues/92/Mars/artifacts/3-pve-cross-skill-hit.png","move","Issue132 승인: 버전·Issue·작성 역할 또는 공용 자산 용도별 보관","7a2dab0d0d9cb6297b740e0e69a6a2f0e87006d3"
"docs/qa/issue92/4-online-actor-recruit-modal.png","docs/milestone/v0.4.4/issues/92/Mars/artifacts/4-online-actor-recruit-modal.png","move","Issue132 승인: 버전·Issue·작성 역할 또는 공용 자산 용도별 보관","0c5f9afa53416582607427f0632207b2f512bc22"
"docs/qa/issue92/5-online-waiting-view.png","docs/milestone/v0.4.4/issues/92/Mars/artifacts/5-online-waiting-view.png","move","Issue132 승인: 버전·Issue·작성 역할 또는 공용 자산 용도별 보관","dfb215de288f3606499f532005982e52353740a1"
"docs/qa/issue92/issue92_cdp_report.json","docs/milestone/v0.4.4/issues/92/Mars/artifacts/issue92_cdp_report.json","move","Issue132 승인: 버전·Issue·작성 역할 또는 공용 자산 용도별 보관","5ad5e5b565a38274f1b884a824186bf041da85b4"
"docs/qa/issue93-mars.md","docs/milestone/v0.4.4/issues/93/Mars/issue93-mars.md","move","Issue132 승인: 버전·Issue·작성 역할 또는 공용 자산 용도별 보관","b966d616ef0202eb75bf29745850ec47f636437b"
"docs/qa/issue93-saturn-initial.md","docs/milestone/v0.4.4/issues/93/Saturn/issue93-saturn-initial.md","move","Issue132 승인: 버전·Issue·작성 역할 또는 공용 자산 용도별 보관","af8708d0cc7ca7a4a96db23fd808db1820a5f78e"
"docs/qa/issue93-saturn-integration.md","docs/milestone/v0.4.4/issues/93/Saturn/issue93-saturn-integration.md","move","Issue132 승인: 버전·Issue·작성 역할 또는 공용 자산 용도별 보관","32ae40544088e49504c468989bd3f667b92bb533"
"docs/qa/issue93-saturn.md","docs/milestone/v0.4.4/issues/93/Saturn/issue93-saturn.md","move","Issue132 승인: 버전·Issue·작성 역할 또는 공용 자산 용도별 보관","00226c1c74f2cf5f384d00f974c63ecd04fa11e8"
"docs/qa/issue93-test-revise.md","docs/milestone/v0.4.4/issues/93/Mars/issue93-test-revise.md","move","Issue132 승인: 버전·Issue·작성 역할 또는 공용 자산 용도별 보관","7a2b5555f791586b1b394ae8f71bab5190a2ad97"
"docs/qa/issue93/http_desktop-1280_1-p2-start-own-bottom.png","docs/milestone/v0.4.4/issues/93/Mars/artifacts/http_desktop-1280_1-p2-start-own-bottom.png","move","Issue132 승인: 버전·Issue·작성 역할 또는 공용 자산 용도별 보관","d1126ad8a9aba6f852d16fc6c95d91547b8006e4"
"docs/qa/issue93/http_desktop-1280_2-p1-start-unchanged.png","docs/milestone/v0.4.4/issues/93/Mars/artifacts/http_desktop-1280_2-p1-start-unchanged.png","move","Issue132 승인: 버전·Issue·작성 역할 또는 공용 자산 용도별 보관","306ec3df01f4504e3dc702c768460f23956b38cb"
"docs/qa/issue93/http_desktop-1280_3-p2-selected-highlights.png","docs/milestone/v0.4.4/issues/93/Mars/artifacts/http_desktop-1280_3-p2-selected-highlights.png","move","Issue132 승인: 버전·Issue·작성 역할 또는 공용 자산 용도별 보관","d15bb7c49835a0123849932acc478a80158c21a9"
"docs/qa/issue93/http_desktop-1280_4-p2-after-move.png","docs/milestone/v0.4.4/issues/93/Mars/artifacts/http_desktop-1280_4-p2-after-move.png","move","Issue132 승인: 버전·Issue·작성 역할 또는 공용 자산 용도별 보관","91a6eef1dc63f124e6c27fd482302254ceb8503f"
"docs/qa/issue93/issue93_cdp_report.json","docs/milestone/v0.4.4/issues/93/Mars/artifacts/issue93_cdp_report.json","move","Issue132 승인: 버전·Issue·작성 역할 또는 공용 자산 용도별 보관","248fc70a45e97b0475c6f0ff89e32053907a6834"
"docs/qa/issue94-mars.md","docs/milestone/v0.4.4/issues/94/Mars/issue94-mars.md","move","Issue132 승인: 버전·Issue·작성 역할 또는 공용 자산 용도별 보관","e02a73ce419f3b644c0dfb940c53afb76953633b"
"docs/qa/issue94-saturn-initial.md","docs/milestone/v0.4.4/issues/94/Saturn/issue94-saturn-initial.md","move","Issue132 승인: 버전·Issue·작성 역할 또는 공용 자산 용도별 보관","96f9d58d9fa84477dc22a24953e68734615222d8"
"docs/qa/issue94-saturn.md","docs/milestone/v0.4.4/issues/94/Saturn/issue94-saturn.md","move","Issue132 승인: 버전·Issue·작성 역할 또는 공용 자산 용도별 보관","6422168b386ae017b954d08cbaa93447151aa5bd"
"docs/qa/issue94/1-online-opponent-turn-picker.png","docs/milestone/v0.4.4/issues/94/Mars/artifacts/1-online-opponent-turn-picker.png","move","Issue132 승인: 버전·Issue·작성 역할 또는 공용 자산 용도별 보관","530dd0545bb6580c9ba025c8d3b5218c827b3729"
"docs/qa/issue94/2-online-opponent-turn-memo-saved.png","docs/milestone/v0.4.4/issues/94/Mars/artifacts/2-online-opponent-turn-memo-saved.png","move","Issue132 승인: 버전·Issue·작성 역할 또는 공용 자산 용도별 보관","f1dd1e4f7f2b1eea746ae7269cb851569bedfdcc"
"docs/qa/issue94/3-online-actor-view-no-memo.png","docs/milestone/v0.4.4/issues/94/Mars/artifacts/3-online-actor-view-no-memo.png","move","Issue132 승인: 버전·Issue·작성 역할 또는 공용 자산 용도별 보관","ffd6cc4d267ab5e80c07afa145cff87fe3d30f27"
"docs/qa/issue94/4-pve-ai-turn-picker.png","docs/milestone/v0.4.4/issues/94/Mars/artifacts/4-pve-ai-turn-picker.png","move","Issue132 승인: 버전·Issue·작성 역할 또는 공용 자산 용도별 보관","fae60c5d945dab3cf8b6b32ca43663f3fd03112f"
"docs/qa/issue94/memo_cdp_report.json","docs/milestone/v0.4.4/issues/94/Mars/artifacts/memo_cdp_report.json","move","Issue132 승인: 버전·Issue·작성 역할 또는 공용 자산 용도별 보관","6a08c320cd6f238c07d064dc43f6ac6e30d41928"
"docs/qa/issue95-mars.md","docs/milestone/v0.4.4/issues/95/Mars/issue95-mars.md","move","Issue132 승인: 버전·Issue·작성 역할 또는 공용 자산 용도별 보관","0fb8691b5defd32a97ca1ab30f1eb6225d0010d7"
"docs/qa/issue95-saturn.md","docs/milestone/v0.4.4/issues/95/Saturn/issue95-saturn.md","move","Issue132 승인: 버전·Issue·작성 역할 또는 공용 자산 용도별 보관","a585c86552d348dca2cfa748ed0119614718d8eb"
"docs/qa/issue95/attack_balance_compare.json","docs/milestone/v0.4.4/issues/95/Mars/artifacts/attack_balance_compare.json","move","Issue132 승인: 버전·Issue·작성 역할 또는 공용 자산 용도별 보관","fca305d4cf4d53df346e37525494838386a22098"
"docs/qa/issue95/attack_balance_compare.md","docs/milestone/v0.4.4/issues/95/Mars/artifacts/attack_balance_compare.md","move","Issue132 승인: 버전·Issue·작성 역할 또는 공용 자산 용도별 보관","09ddce2eb52da4bd7767b697b138b7c181792d7f"
"docs/qa/issue95/file_desktop-1280_1-roster-M-F2.png","docs/milestone/v0.4.4/issues/95/Mars/artifacts/file_desktop-1280_1-roster-M-F2.png","move","Issue132 승인: 버전·Issue·작성 역할 또는 공용 자산 용도별 보관","8183c65373f0a8d075c7d1d024ecd931cedc5576"
"docs/qa/issue95/file_desktop-1280_2-battle-commands.png","docs/milestone/v0.4.4/issues/95/Mars/artifacts/file_desktop-1280_2-battle-commands.png","move","Issue132 승인: 버전·Issue·작성 역할 또는 공용 자산 용도별 보관","a2eb346cf26087d1f6020736210b3ec8b00610be"
"docs/qa/issue95/file_desktop-1280_3-after-sig-click.png","docs/milestone/v0.4.4/issues/95/Mars/artifacts/file_desktop-1280_3-after-sig-click.png","move","Issue132 승인: 버전·Issue·작성 역할 또는 공용 자산 용도별 보관","52529cc80159ac5fac6f8df7a866ad5cacc5cd76"
"docs/qa/issue95/http_desktop-1280_1-roster-M-F2.png","docs/milestone/v0.4.4/issues/95/Mars/artifacts/http_desktop-1280_1-roster-M-F2.png","move","Issue132 승인: 버전·Issue·작성 역할 또는 공용 자산 용도별 보관","8183c65373f0a8d075c7d1d024ecd931cedc5576"
"docs/qa/issue95/http_desktop-1280_2-battle-commands.png","docs/milestone/v0.4.4/issues/95/Mars/artifacts/http_desktop-1280_2-battle-commands.png","move","Issue132 승인: 버전·Issue·작성 역할 또는 공용 자산 용도별 보관","a2eb346cf26087d1f6020736210b3ec8b00610be"
"docs/qa/issue95/http_desktop-1280_3-after-sig-click.png","docs/milestone/v0.4.4/issues/95/Mars/artifacts/http_desktop-1280_3-after-sig-click.png","move","Issue132 승인: 버전·Issue·작성 역할 또는 공용 자산 용도별 보관","3ccf35cbb98a00e9249e11aa81cc157c3386ab5d"
"docs/qa/issue95/issue95_cdp_report.json","docs/milestone/v0.4.4/issues/95/Mars/artifacts/issue95_cdp_report.json","move","Issue132 승인: 버전·Issue·작성 역할 또는 공용 자산 용도별 보관","ee5e1fa47e1084356f8c7b9cbba2e2633495fc74"
"docs/qa/issue96-integration.md","docs/milestone/v0.4.4/issues/96/Mars/issue96-integration.md","move","Issue132 승인: 버전·Issue·작성 역할 또는 공용 자산 용도별 보관","2fb3005ef55ac8845412408751125bd47fbc7bb7"
"docs/qa/issue96-mars.md","docs/milestone/v0.4.4/issues/96/Mars/issue96-mars.md","move","Issue132 승인: 버전·Issue·작성 역할 또는 공용 자산 용도별 보관","458c958f43a78002dcf390076bdab0f158e5f2f2"
"docs/qa/issue96-saturn.md","docs/milestone/v0.4.4/issues/96/Saturn/issue96-saturn.md","move","Issue132 승인: 버전·Issue·작성 역할 또는 공용 자산 용도별 보관","f0ce7b7966432280fb15578a24d656b89cc2000b"
"docs/qa/issue96/file_desktop-1280_1-roster-info.png","docs/milestone/v0.4.4/issues/96/Mars/artifacts/file_desktop-1280_1-roster-info.png","move","Issue132 승인: 버전·Issue·작성 역할 또는 공용 자산 용도별 보관","117d1f138698dd51a52c8dee8b45f95620f75404"
"docs/qa/issue96/file_desktop-1280_2-battle-cmd.png","docs/milestone/v0.4.4/issues/96/Mars/artifacts/file_desktop-1280_2-battle-cmd.png","move","Issue132 승인: 버전·Issue·작성 역할 또는 공용 자산 용도별 보관","36816c45754f3ff60fea407f2d8b57aa7e94fbc5"
"docs/qa/issue96/file_desktop-1280_3-shock-apply.png","docs/milestone/v0.4.4/issues/96/Mars/artifacts/file_desktop-1280_3-shock-apply.png","move","Issue132 승인: 버전·Issue·작성 역할 또는 공용 자산 용도별 보관","9d302b6a12a2c5f00c2485f04be1db5360ca04ae"
"docs/qa/issue96/file_desktop-1280_4-shock-fail.png","docs/milestone/v0.4.4/issues/96/Mars/artifacts/file_desktop-1280_4-shock-fail.png","move","Issue132 승인: 버전·Issue·작성 역할 또는 공용 자산 용도별 보관","85bfd652a651ad98847793f77d687576fbaff3b9"
"docs/qa/issue96/issue96_cdp_report.json","docs/milestone/v0.4.4/issues/96/Mars/artifacts/issue96_cdp_report.json","move","Issue132 승인: 버전·Issue·작성 역할 또는 공용 자산 용도별 보관","5c1212db6ba3f3eca1004c7eb9b51899ce399752"
"docs/qa/mercury-self-audit-2026-09-08.md","docs/milestone/v0.4.4/reports/Mercury/mercury-self-audit-2026-09-08.md","move","Issue132 승인: 버전·Issue·작성 역할 또는 공용 자산 용도별 보관","67a6eaac9fe6594a59924df3146e7ff396ad3bfe"
"docs/qa/minion-art-integration-mars.md","docs/milestone/v0.4.3/issues/89/Mars/minion-art-integration-mars.md","move","Issue132 승인: 버전·Issue·작성 역할 또는 공용 자산 용도별 보관","0c0837dc6a1984b79baad41d26497402ad988f2a"
"docs/qa/minion-art-integration-saturn-final.md","docs/milestone/v0.4.3/issues/89/Saturn/minion-art-integration-saturn-final.md","move","Issue132 승인: 버전·Issue·작성 역할 또는 공용 자산 용도별 보관","06e27ad03a91fc917e75cec7a44eec8b6c356d81"
"docs/qa/minion-art-integration-saturn-initial.md","docs/milestone/v0.4.3/issues/89/Saturn/minion-art-integration-saturn-initial.md","move","Issue132 승인: 버전·Issue·작성 역할 또는 공용 자산 용도별 보관","9fb3487319419f3f084c8f602cf09d1f897777a9"
"docs/qa/minion-art-integration/file_desktop-1280-dpr1.5_1-tray.png","docs/milestone/v0.4.3/issues/89/Mars/artifacts/file_desktop-1280-dpr1.5_1-tray.png","move","Issue132 승인: 버전·Issue·작성 역할 또는 공용 자산 용도별 보관","f28fff5cceddbc1cc4aa4e691f4ed0cfc58951ff"
"docs/qa/minion-art-integration/file_desktop-1280-dpr1.5_2-roster.png","docs/milestone/v0.4.3/issues/89/Mars/artifacts/file_desktop-1280-dpr1.5_2-roster.png","move","Issue132 승인: 버전·Issue·작성 역할 또는 공용 자산 용도별 보관","1b14cfef2888dc3247b49747fdd62f49029d136a"
"docs/qa/minion-art-integration/file_desktop-1280-dpr1.5_3-board.png","docs/milestone/v0.4.3/issues/89/Mars/artifacts/file_desktop-1280-dpr1.5_3-board.png","move","Issue132 승인: 버전·Issue·작성 역할 또는 공용 자산 용도별 보관","a9d7a1e58c6d7188a023a0563f8e6bc4fd0cab49"
"docs/qa/minion-art-integration/file_desktop-1280-dpr1.5_4-battle.png","docs/milestone/v0.4.3/issues/89/Mars/artifacts/file_desktop-1280-dpr1.5_4-battle.png","move","Issue132 승인: 버전·Issue·작성 역할 또는 공용 자산 용도별 보관","f5dc8d4d94914b24d5f0948884243ea348b3896e"
"docs/qa/minion-art-integration/file_desktop-1280-dpr2_1-tray.png","docs/milestone/v0.4.3/issues/89/Mars/artifacts/file_desktop-1280-dpr2_1-tray.png","move","Issue132 승인: 버전·Issue·작성 역할 또는 공용 자산 용도별 보관","2ef75a3a7b924930b78a109240cf0da6b5b8fc37"
"docs/qa/minion-art-integration/file_desktop-1280-dpr2_2-roster.png","docs/milestone/v0.4.3/issues/89/Mars/artifacts/file_desktop-1280-dpr2_2-roster.png","move","Issue132 승인: 버전·Issue·작성 역할 또는 공용 자산 용도별 보관","6582f76492f1e3ef899770609d83d26fb59655d1"
"docs/qa/minion-art-integration/file_desktop-1280-dpr2_3-board.png","docs/milestone/v0.4.3/issues/89/Mars/artifacts/file_desktop-1280-dpr2_3-board.png","move","Issue132 승인: 버전·Issue·작성 역할 또는 공용 자산 용도별 보관","8523f61af0c0a618935b7c45a9edb550157ae47a"
"docs/qa/minion-art-integration/file_desktop-1280-dpr2_4-battle.png","docs/milestone/v0.4.3/issues/89/Mars/artifacts/file_desktop-1280-dpr2_4-battle.png","move","Issue132 승인: 버전·Issue·작성 역할 또는 공용 자산 용도별 보관","4cab7532e58b036fe1a694c000ba34b16ddc6e78"
"docs/qa/minion-art-integration/file_desktop-1280-zoom125_1-tray.png","docs/milestone/v0.4.3/issues/89/Mars/artifacts/file_desktop-1280-zoom125_1-tray.png","move","Issue132 승인: 버전·Issue·작성 역할 또는 공용 자산 용도별 보관","86cf6fdb30cfe98670379906b004dadb961dfa33"
"docs/qa/minion-art-integration/file_desktop-1280-zoom125_2-roster.png","docs/milestone/v0.4.3/issues/89/Mars/artifacts/file_desktop-1280-zoom125_2-roster.png","move","Issue132 승인: 버전·Issue·작성 역할 또는 공용 자산 용도별 보관","06705340a4628db66233362f86fdda06dce2142c"
"docs/qa/minion-art-integration/file_desktop-1280-zoom125_3-board.png","docs/milestone/v0.4.3/issues/89/Mars/artifacts/file_desktop-1280-zoom125_3-board.png","move","Issue132 승인: 버전·Issue·작성 역할 또는 공용 자산 용도별 보관","862f4cf5ba4c4182fd5a4c6a041eaa6910a8550c"
"docs/qa/minion-art-integration/file_desktop-1280-zoom125_4-battle.png","docs/milestone/v0.4.3/issues/89/Mars/artifacts/file_desktop-1280-zoom125_4-battle.png","move","Issue132 승인: 버전·Issue·작성 역할 또는 공용 자산 용도별 보관","3675ba567e71bbfb20b834b16a8ebe1a3d7ccb7b"
"docs/qa/minion-art-integration/file_desktop-1280-zoom125_5-roster-webpfail.png","docs/milestone/v0.4.3/issues/89/Mars/artifacts/file_desktop-1280-zoom125_5-roster-webpfail.png","move","Issue132 승인: 버전·Issue·작성 역할 또는 공용 자산 용도별 보관","794a19027023554ce4d2b119b04ac606665da44f"
"docs/qa/minion-art-integration/file_desktop-1280-zoom125_6-roster-allfail.png","docs/milestone/v0.4.3/issues/89/Mars/artifacts/file_desktop-1280-zoom125_6-roster-allfail.png","move","Issue132 승인: 버전·Issue·작성 역할 또는 공용 자산 용도별 보관","ade3864cbd34796533a2ab6fa5635a563f2c315a"
"docs/qa/minion-art-integration/file_desktop-1280-zoom200_1-tray.png","docs/milestone/v0.4.3/issues/89/Mars/artifacts/file_desktop-1280-zoom200_1-tray.png","move","Issue132 승인: 버전·Issue·작성 역할 또는 공용 자산 용도별 보관","c9daaf8d479bb80cf5ea8544e1307cef58a5e75e"
"docs/qa/minion-art-integration/file_desktop-1280-zoom200_2-roster.png","docs/milestone/v0.4.3/issues/89/Mars/artifacts/file_desktop-1280-zoom200_2-roster.png","move","Issue132 승인: 버전·Issue·작성 역할 또는 공용 자산 용도별 보관","3133c1fb97d00744ed853556bbb1efb85e2aa268"
"docs/qa/minion-art-integration/file_desktop-1280-zoom200_3-board.png","docs/milestone/v0.4.3/issues/89/Mars/artifacts/file_desktop-1280-zoom200_3-board.png","move","Issue132 승인: 버전·Issue·작성 역할 또는 공용 자산 용도별 보관","5fba1618b91451bb1d0ee3208ef4796b8f4f94d4"
"docs/qa/minion-art-integration/file_desktop-1280-zoom200_4-battle.png","docs/milestone/v0.4.3/issues/89/Mars/artifacts/file_desktop-1280-zoom200_4-battle.png","move","Issue132 승인: 버전·Issue·작성 역할 또는 공용 자산 용도별 보관","994b68c7a11054d7cfa30498f595cf63dfa6bf65"
"docs/qa/minion-art-integration/file_desktop-1280_1-tray.png","docs/milestone/v0.4.3/issues/89/Mars/artifacts/file_desktop-1280_1-tray.png","move","Issue132 승인: 버전·Issue·작성 역할 또는 공용 자산 용도별 보관","17d126b9e05d99a23d9b790110ed9f075bc816c9"
"docs/qa/minion-art-integration/file_desktop-1280_2-roster.png","docs/milestone/v0.4.3/issues/89/Mars/artifacts/file_desktop-1280_2-roster.png","move","Issue132 승인: 버전·Issue·작성 역할 또는 공용 자산 용도별 보관","58cf80fc8494246f227026aa5c2f5c1d72789d3c"
"docs/qa/minion-art-integration/file_desktop-1280_3-board.png","docs/milestone/v0.4.3/issues/89/Mars/artifacts/file_desktop-1280_3-board.png","move","Issue132 승인: 버전·Issue·작성 역할 또는 공용 자산 용도별 보관","032bac90f6dbabd3af42cfe94b2731bd21e010ea"
"docs/qa/minion-art-integration/file_desktop-1280_4-battle.png","docs/milestone/v0.4.3/issues/89/Mars/artifacts/file_desktop-1280_4-battle.png","move","Issue132 승인: 버전·Issue·작성 역할 또는 공용 자산 용도별 보관","65be55ee7ce575da3f2e53dd2979fa426f6f5919"
"docs/qa/minion-art-integration/file_desktop-1280_5-roster-webpfail.png","docs/milestone/v0.4.3/issues/89/Mars/artifacts/file_desktop-1280_5-roster-webpfail.png","move","Issue132 승인: 버전·Issue·작성 역할 또는 공용 자산 용도별 보관","97b2a0afb0193abf5291725391ea5ecf1ed462db"
"docs/qa/minion-art-integration/file_desktop-1280_6-roster-allfail.png","docs/milestone/v0.4.3/issues/89/Mars/artifacts/file_desktop-1280_6-roster-allfail.png","move","Issue132 승인: 버전·Issue·작성 역할 또는 공용 자산 용도별 보관","6c1d7630da98cd6de07d7662d66af1229f76d18c"
"docs/qa/minion-art-integration/file_mobile-360-short_2-roster.png","docs/milestone/v0.4.3/issues/89/Mars/artifacts/file_mobile-360-short_2-roster.png","move","Issue132 승인: 버전·Issue·작성 역할 또는 공용 자산 용도별 보관","57c0325d11849001d653bb0f84887fb5b1ccfc4a"
"docs/qa/minion-art-integration/file_mobile-360-short_5-roster-webpfail.png","docs/milestone/v0.4.3/issues/89/Mars/artifacts/file_mobile-360-short_5-roster-webpfail.png","move","Issue132 승인: 버전·Issue·작성 역할 또는 공용 자산 용도별 보관","ad4444c75b975fcf935c02b32bce9ed2f0e0a957"
"docs/qa/minion-art-integration/file_mobile-360-short_6-roster-allfail.png","docs/milestone/v0.4.3/issues/89/Mars/artifacts/file_mobile-360-short_6-roster-allfail.png","move","Issue132 승인: 버전·Issue·작성 역할 또는 공용 자산 용도별 보관","b8126befbd6ac3c4e533247fa5e77582aecc78a2"
"docs/qa/minion-art-integration/file_mobile-360_1-tray.png","docs/milestone/v0.4.3/issues/89/Mars/artifacts/file_mobile-360_1-tray.png","move","Issue132 승인: 버전·Issue·작성 역할 또는 공용 자산 용도별 보관","dd499460635ffbaac331e692035fc173b82b70db"
"docs/qa/minion-art-integration/file_mobile-360_2-roster.png","docs/milestone/v0.4.3/issues/89/Mars/artifacts/file_mobile-360_2-roster.png","move","Issue132 승인: 버전·Issue·작성 역할 또는 공용 자산 용도별 보관","e35e64bbcf27099b013065906b695eab3d383823"
"docs/qa/minion-art-integration/file_mobile-360_3-board.png","docs/milestone/v0.4.3/issues/89/Mars/artifacts/file_mobile-360_3-board.png","move","Issue132 승인: 버전·Issue·작성 역할 또는 공용 자산 용도별 보관","08cdef4eeb08281ca34a9a1604346ba04fe902f1"
"docs/qa/minion-art-integration/file_mobile-360_4-battle.png","docs/milestone/v0.4.3/issues/89/Mars/artifacts/file_mobile-360_4-battle.png","move","Issue132 승인: 버전·Issue·작성 역할 또는 공용 자산 용도별 보관","4f34226869a6b6496b257eb7a9ffb15475705a85"
"docs/qa/minion-art-integration/file_mobile-390_1-tray.png","docs/milestone/v0.4.3/issues/89/Mars/artifacts/file_mobile-390_1-tray.png","move","Issue132 승인: 버전·Issue·작성 역할 또는 공용 자산 용도별 보관","2f01ef62e463ede67912ec044c520fbd51932e70"
"docs/qa/minion-art-integration/file_mobile-390_2-roster.png","docs/milestone/v0.4.3/issues/89/Mars/artifacts/file_mobile-390_2-roster.png","move","Issue132 승인: 버전·Issue·작성 역할 또는 공용 자산 용도별 보관","ab1d8eaa85dc53dc868fedffd46d81dda3e8d1d5"
"docs/qa/minion-art-integration/file_mobile-390_3-board.png","docs/milestone/v0.4.3/issues/89/Mars/artifacts/file_mobile-390_3-board.png","move","Issue132 승인: 버전·Issue·작성 역할 또는 공용 자산 용도별 보관","c62a32cb1d8e89107d447ebcf39c8cdf9490eaff"
"docs/qa/minion-art-integration/file_mobile-390_4-battle.png","docs/milestone/v0.4.3/issues/89/Mars/artifacts/file_mobile-390_4-battle.png","move","Issue132 승인: 버전·Issue·작성 역할 또는 공용 자산 용도별 보관","1691e234de773c6cd9999a97c362bf8be0e398d1"
"docs/qa/minion-art-integration/http_desktop-1280-dpr1.5_1-tray.png","docs/milestone/v0.4.3/issues/89/Mars/artifacts/http_desktop-1280-dpr1.5_1-tray.png","move","Issue132 승인: 버전·Issue·작성 역할 또는 공용 자산 용도별 보관","f28fff5cceddbc1cc4aa4e691f4ed0cfc58951ff"
"docs/qa/minion-art-integration/http_desktop-1280-dpr1.5_2-roster.png","docs/milestone/v0.4.3/issues/89/Mars/artifacts/http_desktop-1280-dpr1.5_2-roster.png","move","Issue132 승인: 버전·Issue·작성 역할 또는 공용 자산 용도별 보관","1b14cfef2888dc3247b49747fdd62f49029d136a"
"docs/qa/minion-art-integration/http_desktop-1280-dpr1.5_3-board.png","docs/milestone/v0.4.3/issues/89/Mars/artifacts/http_desktop-1280-dpr1.5_3-board.png","move","Issue132 승인: 버전·Issue·작성 역할 또는 공용 자산 용도별 보관","a9d7a1e58c6d7188a023a0563f8e6bc4fd0cab49"
"docs/qa/minion-art-integration/http_desktop-1280-dpr1.5_4-battle.png","docs/milestone/v0.4.3/issues/89/Mars/artifacts/http_desktop-1280-dpr1.5_4-battle.png","move","Issue132 승인: 버전·Issue·작성 역할 또는 공용 자산 용도별 보관","b1bb57ec93a3d3cd543a79de55aeb8324196868a"
"docs/qa/minion-art-integration/http_desktop-1280-dpr2_1-tray.png","docs/milestone/v0.4.3/issues/89/Mars/artifacts/http_desktop-1280-dpr2_1-tray.png","move","Issue132 승인: 버전·Issue·작성 역할 또는 공용 자산 용도별 보관","2ef75a3a7b924930b78a109240cf0da6b5b8fc37"
"docs/qa/minion-art-integration/http_desktop-1280-dpr2_2-roster.png","docs/milestone/v0.4.3/issues/89/Mars/artifacts/http_desktop-1280-dpr2_2-roster.png","move","Issue132 승인: 버전·Issue·작성 역할 또는 공용 자산 용도별 보관","6582f76492f1e3ef899770609d83d26fb59655d1"
"docs/qa/minion-art-integration/http_desktop-1280-dpr2_3-board.png","docs/milestone/v0.4.3/issues/89/Mars/artifacts/http_desktop-1280-dpr2_3-board.png","move","Issue132 승인: 버전·Issue·작성 역할 또는 공용 자산 용도별 보관","8523f61af0c0a618935b7c45a9edb550157ae47a"
"docs/qa/minion-art-integration/http_desktop-1280-dpr2_4-battle.png","docs/milestone/v0.4.3/issues/89/Mars/artifacts/http_desktop-1280-dpr2_4-battle.png","move","Issue132 승인: 버전·Issue·작성 역할 또는 공용 자산 용도별 보관","33aaf9cfac3b85a4795bf1f18f65df626813d46b"
"docs/qa/minion-art-integration/http_desktop-1280-zoom125_1-tray.png","docs/milestone/v0.4.3/issues/89/Mars/artifacts/http_desktop-1280-zoom125_1-tray.png","move","Issue132 승인: 버전·Issue·작성 역할 또는 공용 자산 용도별 보관","86cf6fdb30cfe98670379906b004dadb961dfa33"
"docs/qa/minion-art-integration/http_desktop-1280-zoom125_2-roster.png","docs/milestone/v0.4.3/issues/89/Mars/artifacts/http_desktop-1280-zoom125_2-roster.png","move","Issue132 승인: 버전·Issue·작성 역할 또는 공용 자산 용도별 보관","06705340a4628db66233362f86fdda06dce2142c"
"docs/qa/minion-art-integration/http_desktop-1280-zoom125_3-board.png","docs/milestone/v0.4.3/issues/89/Mars/artifacts/http_desktop-1280-zoom125_3-board.png","move","Issue132 승인: 버전·Issue·작성 역할 또는 공용 자산 용도별 보관","862f4cf5ba4c4182fd5a4c6a041eaa6910a8550c"
"docs/qa/minion-art-integration/http_desktop-1280-zoom125_4-battle.png","docs/milestone/v0.4.3/issues/89/Mars/artifacts/http_desktop-1280-zoom125_4-battle.png","move","Issue132 승인: 버전·Issue·작성 역할 또는 공용 자산 용도별 보관","87ef0591ecad46c7a0004dbb3aa69e54129c4507"
"docs/qa/minion-art-integration/http_desktop-1280-zoom125_5-roster-webpfail.png","docs/milestone/v0.4.3/issues/89/Mars/artifacts/http_desktop-1280-zoom125_5-roster-webpfail.png","move","Issue132 승인: 버전·Issue·작성 역할 또는 공용 자산 용도별 보관","794a19027023554ce4d2b119b04ac606665da44f"
"docs/qa/minion-art-integration/http_desktop-1280-zoom125_6-roster-allfail.png","docs/milestone/v0.4.3/issues/89/Mars/artifacts/http_desktop-1280-zoom125_6-roster-allfail.png","move","Issue132 승인: 버전·Issue·작성 역할 또는 공용 자산 용도별 보관","ade3864cbd34796533a2ab6fa5635a563f2c315a"
"docs/qa/minion-art-integration/http_desktop-1280-zoom200_1-tray.png","docs/milestone/v0.4.3/issues/89/Mars/artifacts/http_desktop-1280-zoom200_1-tray.png","move","Issue132 승인: 버전·Issue·작성 역할 또는 공용 자산 용도별 보관","c9daaf8d479bb80cf5ea8544e1307cef58a5e75e"
"docs/qa/minion-art-integration/http_desktop-1280-zoom200_2-roster.png","docs/milestone/v0.4.3/issues/89/Mars/artifacts/http_desktop-1280-zoom200_2-roster.png","move","Issue132 승인: 버전·Issue·작성 역할 또는 공용 자산 용도별 보관","3133c1fb97d00744ed853556bbb1efb85e2aa268"
"docs/qa/minion-art-integration/http_desktop-1280-zoom200_3-board.png","docs/milestone/v0.4.3/issues/89/Mars/artifacts/http_desktop-1280-zoom200_3-board.png","move","Issue132 승인: 버전·Issue·작성 역할 또는 공용 자산 용도별 보관","5fba1618b91451bb1d0ee3208ef4796b8f4f94d4"
"docs/qa/minion-art-integration/http_desktop-1280-zoom200_4-battle.png","docs/milestone/v0.4.3/issues/89/Mars/artifacts/http_desktop-1280-zoom200_4-battle.png","move","Issue132 승인: 버전·Issue·작성 역할 또는 공용 자산 용도별 보관","994b68c7a11054d7cfa30498f595cf63dfa6bf65"
"docs/qa/minion-art-integration/http_desktop-1280_1-tray.png","docs/milestone/v0.4.3/issues/89/Mars/artifacts/http_desktop-1280_1-tray.png","move","Issue132 승인: 버전·Issue·작성 역할 또는 공용 자산 용도별 보관","17d126b9e05d99a23d9b790110ed9f075bc816c9"
"docs/qa/minion-art-integration/http_desktop-1280_2-roster.png","docs/milestone/v0.4.3/issues/89/Mars/artifacts/http_desktop-1280_2-roster.png","move","Issue132 승인: 버전·Issue·작성 역할 또는 공용 자산 용도별 보관","58cf80fc8494246f227026aa5c2f5c1d72789d3c"
"docs/qa/minion-art-integration/http_desktop-1280_3-board.png","docs/milestone/v0.4.3/issues/89/Mars/artifacts/http_desktop-1280_3-board.png","move","Issue132 승인: 버전·Issue·작성 역할 또는 공용 자산 용도별 보관","85c972c0d12012117d09d096d27c53ae66bf4e0d"
"docs/qa/minion-art-integration/http_desktop-1280_4-battle.png","docs/milestone/v0.4.3/issues/89/Mars/artifacts/http_desktop-1280_4-battle.png","move","Issue132 승인: 버전·Issue·작성 역할 또는 공용 자산 용도별 보관","dd4638d5cc1d5df5449a3c520b8fa1ac2fc81873"
"docs/qa/minion-art-integration/http_desktop-1280_5-roster-webpfail.png","docs/milestone/v0.4.3/issues/89/Mars/artifacts/http_desktop-1280_5-roster-webpfail.png","move","Issue132 승인: 버전·Issue·작성 역할 또는 공용 자산 용도별 보관","97b2a0afb0193abf5291725391ea5ecf1ed462db"
"docs/qa/minion-art-integration/http_desktop-1280_6-roster-allfail.png","docs/milestone/v0.4.3/issues/89/Mars/artifacts/http_desktop-1280_6-roster-allfail.png","move","Issue132 승인: 버전·Issue·작성 역할 또는 공용 자산 용도별 보관","6c1d7630da98cd6de07d7662d66af1229f76d18c"
"docs/qa/minion-art-integration/http_mobile-360-short_2-roster.png","docs/milestone/v0.4.3/issues/89/Mars/artifacts/http_mobile-360-short_2-roster.png","move","Issue132 승인: 버전·Issue·작성 역할 또는 공용 자산 용도별 보관","57c0325d11849001d653bb0f84887fb5b1ccfc4a"
"docs/qa/minion-art-integration/http_mobile-360-short_5-roster-webpfail.png","docs/milestone/v0.4.3/issues/89/Mars/artifacts/http_mobile-360-short_5-roster-webpfail.png","move","Issue132 승인: 버전·Issue·작성 역할 또는 공용 자산 용도별 보관","ad4444c75b975fcf935c02b32bce9ed2f0e0a957"
"docs/qa/minion-art-integration/http_mobile-360-short_6-roster-allfail.png","docs/milestone/v0.4.3/issues/89/Mars/artifacts/http_mobile-360-short_6-roster-allfail.png","move","Issue132 승인: 버전·Issue·작성 역할 또는 공용 자산 용도별 보관","b8126befbd6ac3c4e533247fa5e77582aecc78a2"
"docs/qa/minion-art-integration/http_mobile-360_1-tray.png","docs/milestone/v0.4.3/issues/89/Mars/artifacts/http_mobile-360_1-tray.png","move","Issue132 승인: 버전·Issue·작성 역할 또는 공용 자산 용도별 보관","dd499460635ffbaac331e692035fc173b82b70db"
"docs/qa/minion-art-integration/http_mobile-360_2-roster.png","docs/milestone/v0.4.3/issues/89/Mars/artifacts/http_mobile-360_2-roster.png","move","Issue132 승인: 버전·Issue·작성 역할 또는 공용 자산 용도별 보관","e35e64bbcf27099b013065906b695eab3d383823"
"docs/qa/minion-art-integration/http_mobile-360_3-board.png","docs/milestone/v0.4.3/issues/89/Mars/artifacts/http_mobile-360_3-board.png","move","Issue132 승인: 버전·Issue·작성 역할 또는 공용 자산 용도별 보관","08cdef4eeb08281ca34a9a1604346ba04fe902f1"
"docs/qa/minion-art-integration/http_mobile-360_4-battle.png","docs/milestone/v0.4.3/issues/89/Mars/artifacts/http_mobile-360_4-battle.png","move","Issue132 승인: 버전·Issue·작성 역할 또는 공용 자산 용도별 보관","4f34226869a6b6496b257eb7a9ffb15475705a85"
"docs/qa/minion-art-integration/http_mobile-390_1-tray.png","docs/milestone/v0.4.3/issues/89/Mars/artifacts/http_mobile-390_1-tray.png","move","Issue132 승인: 버전·Issue·작성 역할 또는 공용 자산 용도별 보관","2f01ef62e463ede67912ec044c520fbd51932e70"
"docs/qa/minion-art-integration/http_mobile-390_2-roster.png","docs/milestone/v0.4.3/issues/89/Mars/artifacts/http_mobile-390_2-roster.png","move","Issue132 승인: 버전·Issue·작성 역할 또는 공용 자산 용도별 보관","ab1d8eaa85dc53dc868fedffd46d81dda3e8d1d5"
"docs/qa/minion-art-integration/http_mobile-390_3-board.png","docs/milestone/v0.4.3/issues/89/Mars/artifacts/http_mobile-390_3-board.png","move","Issue132 승인: 버전·Issue·작성 역할 또는 공용 자산 용도별 보관","c62a32cb1d8e89107d447ebcf39c8cdf9490eaff"
"docs/qa/minion-art-integration/http_mobile-390_4-battle.png","docs/milestone/v0.4.3/issues/89/Mars/artifacts/http_mobile-390_4-battle.png","move","Issue132 승인: 버전·Issue·작성 역할 또는 공용 자산 용도별 보관","1691e234de773c6cd9999a97c362bf8be0e398d1"
"docs/qa/minion-art-integration/minion_art_cdp_report.json","docs/milestone/v0.4.3/issues/89/Mars/artifacts/minion_art_cdp_report.json","move","Issue132 승인: 버전·Issue·작성 역할 또는 공용 자산 용도별 보관","fb9d250c5a5c3c8a1bc8cd455d4d0a9ab9e8b312"
"docs/qa/v044-followup-pd-report.md","docs/milestone/v0.4.4/reports/Mercury/v044-followup-pd-report.md","move","Issue132 승인: 버전·Issue·작성 역할 또는 공용 자산 용도별 보관","afa3522bd06044dbd8a8cf6810dd969039071294"
"docs/qa/v044-pd-report.md","docs/milestone/v0.4.4/reports/Mercury/v044-pd-report.md","move","Issue132 승인: 버전·Issue·작성 역할 또는 공용 자산 용도별 보관","9c4a89cfc65ba79154a25af361ea7a067f6db71f"
"docs/qa/v044-technical-analysis-mars.md","docs/milestone/v0.4.4/reports/Mars/v044-technical-analysis-mars.md","move","Issue132 승인: 버전·Issue·작성 역할 또는 공용 자산 용도별 보관","5e98d92a8337580baf10882f58d35f3478682b2d"
"docs/releases/README.md","docs/releases/README.md","keep","상시 안내 또는 보존 미디어","8a1f6da49c6180f84b4014e2ab105f0f804b592a"
"docs/releases/v0.3.0.md","docs/releases/v0.3.0.md","keep","상시 안내 또는 보존 미디어","ae2fbe03d6c1ddf1321ce46e65bd2dee103fae8e"
"docs/releases/v0.3.1.md","docs/releases/v0.3.1.md","keep","상시 안내 또는 보존 미디어","2fe13fa02a6e3a8c0b05885361c3e7f3e7896640"
"docs/releases/v0.4.0.md","docs/releases/v0.4.0.md","keep","상시 안내 또는 보존 미디어","9866a2c122ec203c1df6e11b5c0b1e994cad9f24"
"docs/releases/v0.4.1.md","docs/releases/v0.4.1.md","keep","상시 안내 또는 보존 미디어","492b82402ad265228d76f8d5d7987bc6291dd61a"
"docs/releases/v0.4.2.md","docs/releases/v0.4.2.md","keep","상시 안내 또는 보존 미디어","800247e15d1c316438f33502bc8841c90768e8de"
"docs/releases/v0.4.3.md","docs/releases/v0.4.3.md","keep","상시 안내 또는 보존 미디어","f6a28b136043978fd90023c5c172fa2fb0c86fb5"
"docs/releases/v0.4.4.md","docs/releases/v0.4.4.md","keep","상시 안내 또는 보존 미디어","e66d157ecc31ff6fc96ceb211b5cb504c8cd08a9"
"docs/releases/v0.4.5.md","docs/releases/v0.4.5.md","keep","상시 안내 또는 보존 미디어","ceabb2810c63497f78c3fb587384c0d6a6d12e09"
"docs/screenshots/battle.png","docs/screenshots/battle.png","keep","상시 안내 또는 보존 미디어","ebeb901505c6bb6ed96a630eab9d9660fb216148"
"docs/screenshots/gameplay-pve.png","docs/screenshots/gameplay-pve.png","keep","상시 안내 또는 보존 미디어","eaae22a7f8f3582dce8e7b93d08e386e5f4581d4"
"docs/screenshots/tutorial-overview.svg","docs/screenshots/tutorial-overview.svg","keep","상시 안내 또는 보존 미디어","7abd8c92f41bb40a3daab379599e58cf3eef9e49"
"docs/screenshots/tutorial.png","docs/screenshots/tutorial.png","keep","상시 안내 또는 보존 미디어","6df7fff026fa2c110d495e87fc531e5721029450"
"docs/v0.4.4-gameplay-spec.md","docs/milestone/v0.4.4/specs/v0.4.4-gameplay-spec.md","move","Issue132 승인: 버전·Issue·작성 역할 또는 공용 자산 용도별 보관","7478ce56f5609291458a8bad915305734a950b2c"
"docs/v0.4.4-rules-digest.md","docs/milestone/v0.4.4/specs/v0.4.4-rules-digest.md","move","Issue132 승인: 버전·Issue·작성 역할 또는 공용 자산 용도별 보관","e71a045cbb9aa90e5bf7ce11a6666adfa3b332a4"
"docs/v0.4.4-turn-flow-spec.md","docs/milestone/v0.4.4/specs/v0.4.4-turn-flow-spec.md","move","Issue132 승인: 버전·Issue·작성 역할 또는 공용 자산 용도별 보관","6db98a3e84766abcbdde11a7b4256b6f7831cd5f"
"docs/v0.4.5-analysis.md","docs/milestone/v0.4.5/reports/Mercury/v0.4.5-analysis.md","move","Issue132 승인: 버전·Issue·작성 역할 또는 공용 자산 용도별 보관","13c18ab0b8d1795d3e1205bee63f5c96d66e6e84"
"docs/v0.4.5-gameplay-spec.md","docs/milestone/v0.4.5/specs/v0.4.5-gameplay-spec.md","move","Issue132 승인: 버전·Issue·작성 역할 또는 공용 자산 용도별 보관","aeba7f9fedbf511931dca02f969cfffa45588cdc"
"docs/v0.4.5-rules-digest.md","docs/milestone/v0.4.5/specs/v0.4.5-rules-digest.md","move","Issue132 승인: 버전·Issue·작성 역할 또는 공용 자산 용도별 보관","0b5b5ad34942b116c33cc793528659ff4b88620e"
"demo/test/milestone/v0.4.7/issues/121/v047_cdp.js","demo/test/milestone/v0.4.6/issues/121/v047_cdp.js","move","Issue169 CJ 승인: 버전 재배번 v0.4.7→v0.4.6 · Roblox v0.4.6→v0.5.0","1cbcc4984076e778f8a850f59dcb864b780fe66c"
"demo/test/milestone/v0.4.7/issues/122/back_nav.js","demo/test/milestone/v0.4.6/issues/122/back_nav.js","move","Issue169 CJ 승인: 버전 재배번 v0.4.7→v0.4.6 · Roblox v0.4.6→v0.5.0","7c040ea6c348c6276e3d63b8c8046afa71788fb0"
"demo/test/milestone/v0.4.7/issues/122/issue122_rules.js","demo/test/milestone/v0.4.6/issues/122/issue122_rules.js","move","Issue169 CJ 승인: 버전 재배번 v0.4.7→v0.4.6 · Roblox v0.4.6→v0.5.0","893e19d04b627d46d768dabc409cdf7dd79d8336"
"demo/test/milestone/v0.4.7/issues/122/ui_cdp.js","demo/test/milestone/v0.4.6/issues/122/ui_cdp.js","move","Issue169 CJ 승인: 버전 재배번 v0.4.7→v0.4.6 · Roblox v0.4.6→v0.5.0","0ff30a88c84b09c17d716ab02d4fb20f97bef300"
"demo/test/milestone/v0.4.7/issues/128/issue128_cdp.js","demo/test/milestone/v0.4.6/issues/128/issue128_cdp.js","move","Issue169 CJ 승인: 버전 재배번 v0.4.7→v0.4.6 · Roblox v0.4.6→v0.5.0","c0d4320d5677c37ad32a85530252607d416db2b5"
"demo/test/milestone/v0.4.7/issues/146/issue146_cdp.js","demo/test/milestone/v0.4.6/issues/146/issue146_cdp.js","move","Issue169 CJ 승인: 버전 재배번 v0.4.7→v0.4.6 · Roblox v0.4.6→v0.5.0","00682f213cc5e88428def7913cf5cc8a18ccee07"
"docs/milestone/v0.4.7/issues/121/Mars/artifacts/capture-manifest.json","docs/milestone/v0.4.6/issues/121/Mars/artifacts/capture-manifest.json","move","Issue169 CJ 승인: 버전 재배번 v0.4.7→v0.4.6 · Roblox v0.4.6→v0.5.0","a0b04a7efd8a819c6314d106d8077b2ec43c12ac"
"docs/milestone/v0.4.7/issues/121/Mars/artifacts/tutorial/tutorial-01.png","docs/milestone/v0.4.6/issues/121/Mars/artifacts/tutorial/tutorial-01.png","move","Issue169 CJ 승인: 버전 재배번 v0.4.7→v0.4.6 · Roblox v0.4.6→v0.5.0","8739a23d0b501e72fa637dd76e4860eb8b893133"
"docs/milestone/v0.4.7/issues/121/Mars/artifacts/tutorial/tutorial-02.png","docs/milestone/v0.4.6/issues/121/Mars/artifacts/tutorial/tutorial-02.png","move","Issue169 CJ 승인: 버전 재배번 v0.4.7→v0.4.6 · Roblox v0.4.6→v0.5.0","a1eea9bcb4873d613ef0cef6e3b7ce5638256739"
"docs/milestone/v0.4.7/issues/121/Mars/artifacts/tutorial/tutorial-03.png","docs/milestone/v0.4.6/issues/121/Mars/artifacts/tutorial/tutorial-03.png","move","Issue169 CJ 승인: 버전 재배번 v0.4.7→v0.4.6 · Roblox v0.4.6→v0.5.0","e3e411b39ff72ff16f3e3a6db5d3472a7e6842cf"
"docs/milestone/v0.4.7/issues/121/Mars/artifacts/tutorial/tutorial-04.png","docs/milestone/v0.4.6/issues/121/Mars/artifacts/tutorial/tutorial-04.png","move","Issue169 CJ 승인: 버전 재배번 v0.4.7→v0.4.6 · Roblox v0.4.6→v0.5.0","bc58860be2ec3ee5bd7ff72855f7bc11adce1f31"
"docs/milestone/v0.4.7/issues/121/Mars/artifacts/tutorial/tutorial-05.png","docs/milestone/v0.4.6/issues/121/Mars/artifacts/tutorial/tutorial-05.png","move","Issue169 CJ 승인: 버전 재배번 v0.4.7→v0.4.6 · Roblox v0.4.6→v0.5.0","d17f11b165ae9133d2dc430a4c5aa8afc71d48fc"
"docs/milestone/v0.4.7/issues/121/Mars/artifacts/tutorial/tutorial-06.png","docs/milestone/v0.4.6/issues/121/Mars/artifacts/tutorial/tutorial-06.png","move","Issue169 CJ 승인: 버전 재배번 v0.4.7→v0.4.6 · Roblox v0.4.6→v0.5.0","6b3ffcd051ee8e1f32d4556ac29af12992e39a55"
"docs/milestone/v0.4.7/issues/121/Mars/artifacts/tutorial/tutorial-07.png","docs/milestone/v0.4.6/issues/121/Mars/artifacts/tutorial/tutorial-07.png","move","Issue169 CJ 승인: 버전 재배번 v0.4.7→v0.4.6 · Roblox v0.4.6→v0.5.0","246079388a5415a01990257e16f14265ef0f0cee"
"docs/milestone/v0.4.7/issues/121/Mars/artifacts/tutorial/tutorial-08.png","docs/milestone/v0.4.6/issues/121/Mars/artifacts/tutorial/tutorial-08.png","move","Issue169 CJ 승인: 버전 재배번 v0.4.7→v0.4.6 · Roblox v0.4.6→v0.5.0","943871d24ad3ffb919728a26ecf37a954bc83bbc"
"docs/milestone/v0.4.7/issues/121/Mars/artifacts/tutorial/tutorial-09.png","docs/milestone/v0.4.6/issues/121/Mars/artifacts/tutorial/tutorial-09.png","move","Issue169 CJ 승인: 버전 재배번 v0.4.7→v0.4.6 · Roblox v0.4.6→v0.5.0","050cb37b145bd572144863dea84a85664bc1e8d3"
"docs/milestone/v0.4.7/issues/121/Mars/artifacts/tutorial/tutorial-10.png","docs/milestone/v0.4.6/issues/121/Mars/artifacts/tutorial/tutorial-10.png","move","Issue169 CJ 승인: 버전 재배번 v0.4.7→v0.4.6 · Roblox v0.4.6→v0.5.0","759ce73f72bc04a6da612aac622b3c063237d230"
"docs/milestone/v0.4.7/issues/121/Mars/artifacts/v047-battle-damage-stage.png","docs/milestone/v0.4.6/issues/121/Mars/artifacts/v047-battle-damage-stage.png","move","Issue169 CJ 승인: 버전 재배번 v0.4.7→v0.4.6 · Roblox v0.4.6→v0.5.0","3988b4b44d5abc69520e464d6a0a0522da98cfd1"
"docs/milestone/v0.4.7/issues/121/Mars/artifacts/v047-browser-report.json","docs/milestone/v0.4.6/issues/121/Mars/artifacts/v047-browser-report.json","move","Issue169 CJ 승인: 버전 재배번 v0.4.7→v0.4.6 · Roblox v0.4.6→v0.5.0","d5178af9c04b0a3ec94c473e9e1a9224f72bbfca"
"docs/milestone/v0.4.7/issues/121/Mars/artifacts/v047-buff-power.png","docs/milestone/v0.4.6/issues/121/Mars/artifacts/v047-buff-power.png","move","Issue169 CJ 승인: 버전 재배번 v0.4.7→v0.4.6 · Roblox v0.4.6→v0.5.0","37351882cb992ce0b2d6a33bf932dfdacbbaaf17"
"docs/milestone/v0.4.7/issues/121/Mars/artifacts/v047-privacy-owner-control.png","docs/milestone/v0.4.6/issues/121/Mars/artifacts/v047-privacy-owner-control.png","move","Issue169 CJ 승인: 버전 재배번 v0.4.7→v0.4.6 · Roblox v0.4.6→v0.5.0","429c2c5b3028ee7556749827f12dad003f9f28e9"
"docs/milestone/v0.4.7/issues/121/Mars/artifacts/v047-search-done.png","docs/milestone/v0.4.6/issues/121/Mars/artifacts/v047-search-done.png","move","Issue169 CJ 승인: 버전 재배번 v0.4.7→v0.4.6 · Roblox v0.4.6→v0.5.0","d9be670a26b92169a4d5726100c60d99c1bceb71"
"docs/milestone/v0.4.7/issues/121/Mars/artifacts/v047-search-root.png","docs/milestone/v0.4.6/issues/121/Mars/artifacts/v047-search-root.png","move","Issue169 CJ 승인: 버전 재배번 v0.4.7→v0.4.6 · Roblox v0.4.6→v0.5.0","f69768aba02bd789a29277a4641275e1324e61e6"
"docs/milestone/v0.4.7/issues/121/Mars/artifacts/v047-search-skill.png","docs/milestone/v0.4.6/issues/121/Mars/artifacts/v047-search-skill.png","move","Issue169 CJ 승인: 버전 재배번 v0.4.7→v0.4.6 · Roblox v0.4.6→v0.5.0","5dfc31baf88c601b078a150f2bff232c453c1f4d"
"docs/milestone/v0.4.7/issues/121/Mars/artifacts/v047-search-slot.png","docs/milestone/v0.4.6/issues/121/Mars/artifacts/v047-search-slot.png","move","Issue169 CJ 승인: 버전 재배번 v0.4.7→v0.4.6 · Roblox v0.4.6→v0.5.0","4eee8f9b80efd0a53e6ef28cb1ae2b0d75581118"
"docs/milestone/v0.4.7/issues/121/Mars/artifacts/v047-search-target.png","docs/milestone/v0.4.6/issues/121/Mars/artifacts/v047-search-target.png","move","Issue169 CJ 승인: 버전 재배번 v0.4.7→v0.4.6 · Roblox v0.4.6→v0.5.0","c07ebca5e8d257b1f999d46b5365913f8437483c"
"docs/milestone/v0.4.7/issues/121/Mars/report.md","docs/milestone/v0.4.6/issues/121/Mars/report.md","move","Issue169 CJ 승인: 버전 재배번 v0.4.7→v0.4.6 · Roblox v0.4.6→v0.5.0","ce1ea7a3175c00aa851333986f71c6e492d9efcb"
"docs/milestone/v0.4.7/issues/121/Mercury/report.md","docs/milestone/v0.4.6/issues/121/Mercury/report.md","move","Issue169 CJ 승인: 버전 재배번 v0.4.7→v0.4.6 · Roblox v0.4.6→v0.5.0","85614931f87a9eabbe3c1dfc21e535728f3510e0"
"docs/milestone/v0.4.7/issues/121/Saturn/report.md","docs/milestone/v0.4.6/issues/121/Saturn/report.md","move","Issue169 CJ 승인: 버전 재배번 v0.4.7→v0.4.6 · Roblox v0.4.6→v0.5.0","61987e5df52d9a66f793a486f8515a01a624e89c"
"docs/milestone/v0.4.7/issues/121/Venus/gameplay-spec.md","docs/milestone/v0.4.6/issues/121/Venus/gameplay-spec.md","move","Issue169 CJ 승인: 버전 재배번 v0.4.7→v0.4.6 · Roblox v0.4.6→v0.5.0","7b90dece68e6cc41f3cb4753f10e3284b4c5da99"
"docs/milestone/v0.4.7/issues/122/Earth/battle-preview.png","docs/milestone/v0.4.6/issues/122/Earth/battle-preview.png","move","Issue169 CJ 승인: 버전 재배번 v0.4.7→v0.4.6 · Roblox v0.4.6→v0.5.0","5efbc5040a45ec3820a14a64514a5388b29c6576"
"docs/milestone/v0.4.7/issues/122/Earth/battle-preview.svg","docs/milestone/v0.4.6/issues/122/Earth/battle-preview.svg","move","Issue169 CJ 승인: 버전 재배번 v0.4.7→v0.4.6 · Roblox v0.4.6→v0.5.0","dc41b36d19d8dbe7e00643abdf15ac26da32c80b"
"docs/milestone/v0.4.7/issues/122/Earth/board-preview.png","docs/milestone/v0.4.6/issues/122/Earth/board-preview.png","move","Issue169 CJ 승인: 버전 재배번 v0.4.7→v0.4.6 · Roblox v0.4.6→v0.5.0","62670a4c8c7aa1bb0472b34f17ba8c03fcac939a"
"docs/milestone/v0.4.7/issues/122/Earth/board-preview.svg","docs/milestone/v0.4.6/issues/122/Earth/board-preview.svg","move","Issue169 CJ 승인: 버전 재배번 v0.4.7→v0.4.6 · Roblox v0.4.6→v0.5.0","89ab3b8fef4aece1dfe9beef3e51ad5a22232419"
"docs/milestone/v0.4.7/issues/122/Earth/overlay-studies.png","docs/milestone/v0.4.6/issues/122/Earth/overlay-studies.png","move","Issue169 CJ 승인: 버전 재배번 v0.4.7→v0.4.6 · Roblox v0.4.6→v0.5.0","2139e84f0d590aa8c030f42d0f20c122e2754841"
"docs/milestone/v0.4.7/issues/122/Earth/overlay-studies.svg","docs/milestone/v0.4.6/issues/122/Earth/overlay-studies.svg","move","Issue169 CJ 승인: 버전 재배번 v0.4.7→v0.4.6 · Roblox v0.4.6→v0.5.0","1b4cf1a309806a7e4b6d3c5ee027488eecaacff7"
"docs/milestone/v0.4.7/issues/122/Earth/report.md","docs/milestone/v0.4.6/issues/122/Earth/report.md","move","Issue169 CJ 승인: 버전 재배번 v0.4.7→v0.4.6 · Roblox v0.4.6→v0.5.0","d90de9a4b8ff466081b8f99960fc33c5b4b045ac"
"docs/milestone/v0.4.7/issues/122/Earth/rough-v1.png","docs/milestone/v0.4.6/issues/122/Earth/rough-v1.png","move","Issue169 CJ 승인: 버전 재배번 v0.4.7→v0.4.6 · Roblox v0.4.6→v0.5.0","21bf8acb2a3f02f2195e045e274f713a0ba0d34b"
"docs/milestone/v0.4.7/issues/122/Earth/rough-v1.svg","docs/milestone/v0.4.6/issues/122/Earth/rough-v1.svg","move","Issue169 CJ 승인: 버전 재배번 v0.4.7→v0.4.6 · Roblox v0.4.6→v0.5.0","72653b6315ea8416e0f301fab7aa811d7f61869f"
"docs/milestone/v0.4.7/issues/122/Earth/v2/battle-v2.png","docs/milestone/v0.4.6/issues/122/Earth/v2/battle-v2.png","move","Issue169 CJ 승인: 버전 재배번 v0.4.7→v0.4.6 · Roblox v0.4.6→v0.5.0","89a823d98abd8603d2c8e77d864cac2dd31099be"
"docs/milestone/v0.4.7/issues/122/Earth/v2/battle-v2.svg","docs/milestone/v0.4.6/issues/122/Earth/v2/battle-v2.svg","move","Issue169 CJ 승인: 버전 재배번 v0.4.7→v0.4.6 · Roblox v0.4.6→v0.5.0","33b079f3852036fcd1ef7cd6a0d86317e0fb0165"
"docs/milestone/v0.4.7/issues/122/Earth/v2/board-v2.png","docs/milestone/v0.4.6/issues/122/Earth/v2/board-v2.png","move","Issue169 CJ 승인: 버전 재배번 v0.4.7→v0.4.6 · Roblox v0.4.6→v0.5.0","9618c93fb58103cdf19b1cea272685fdb9cef5a6"
"docs/milestone/v0.4.7/issues/122/Earth/v2/board-v2.svg","docs/milestone/v0.4.6/issues/122/Earth/v2/board-v2.svg","move","Issue169 CJ 승인: 버전 재배번 v0.4.7→v0.4.6 · Roblox v0.4.6→v0.5.0","37a48ce93305ea4de14c135ebfc8229ef7ecbc89"
"docs/milestone/v0.4.7/issues/122/Earth/v2/report.md","docs/milestone/v0.4.6/issues/122/Earth/v2/report.md","move","Issue169 CJ 승인: 버전 재배번 v0.4.7→v0.4.6 · Roblox v0.4.6→v0.5.0","36cef8f5a3b32ed4f11246b9c59c248cac1a406a"
"docs/milestone/v0.4.7/issues/122/Mars/artifacts/122-01-title-360.png","docs/milestone/v0.4.6/issues/122/Mars/artifacts/122-01-title-360.png","move","Issue169 CJ 승인: 버전 재배번 v0.4.7→v0.4.6 · Roblox v0.4.6→v0.5.0","ac2c94ddca428e0d086483c3c4423eeb12006223"
"docs/milestone/v0.4.7/issues/122/Mars/artifacts/122-01-title-390.png","docs/milestone/v0.4.6/issues/122/Mars/artifacts/122-01-title-390.png","move","Issue169 CJ 승인: 버전 재배번 v0.4.7→v0.4.6 · Roblox v0.4.6→v0.5.0","6aa288ca5ceeb1428c61bb09e8c1e90631c89e27"
"docs/milestone/v0.4.7/issues/122/Mars/artifacts/122-01-title-desktop.png","docs/milestone/v0.4.6/issues/122/Mars/artifacts/122-01-title-desktop.png","move","Issue169 CJ 승인: 버전 재배번 v0.4.7→v0.4.6 · Roblox v0.4.6→v0.5.0","21a1605377906462eaa3e7c1cb6918c93ab1a4de"
"docs/milestone/v0.4.7/issues/122/Mars/artifacts/122-02-lobby-360.png","docs/milestone/v0.4.6/issues/122/Mars/artifacts/122-02-lobby-360.png","move","Issue169 CJ 승인: 버전 재배번 v0.4.7→v0.4.6 · Roblox v0.4.6→v0.5.0","a66f7a81450110725cb998f82708aaf0f300e440"
"docs/milestone/v0.4.7/issues/122/Mars/artifacts/122-02-lobby-390.png","docs/milestone/v0.4.6/issues/122/Mars/artifacts/122-02-lobby-390.png","move","Issue169 CJ 승인: 버전 재배번 v0.4.7→v0.4.6 · Roblox v0.4.6→v0.5.0","893ceeb50372401d1b41388e69ad621a1d1f797f"
"docs/milestone/v0.4.7/issues/122/Mars/artifacts/122-02-lobby-desktop.png","docs/milestone/v0.4.6/issues/122/Mars/artifacts/122-02-lobby-desktop.png","move","Issue169 CJ 승인: 버전 재배번 v0.4.7→v0.4.6 · Roblox v0.4.6→v0.5.0","0a198ee5bcf4e2b082cef6d49a5a772d7dc7ef41"
"docs/milestone/v0.4.7/issues/122/Mars/artifacts/122-03-roster-360.png","docs/milestone/v0.4.6/issues/122/Mars/artifacts/122-03-roster-360.png","move","Issue169 CJ 승인: 버전 재배번 v0.4.7→v0.4.6 · Roblox v0.4.6→v0.5.0","426c376df6fb40f98282a6cf2137d163165b5c2e"
"docs/milestone/v0.4.7/issues/122/Mars/artifacts/122-03-roster-390.png","docs/milestone/v0.4.6/issues/122/Mars/artifacts/122-03-roster-390.png","move","Issue169 CJ 승인: 버전 재배번 v0.4.7→v0.4.6 · Roblox v0.4.6→v0.5.0","eeade0fc82a4e0904a98552d68836e8d58106089"
"docs/milestone/v0.4.7/issues/122/Mars/artifacts/122-03-roster-desktop.png","docs/milestone/v0.4.6/issues/122/Mars/artifacts/122-03-roster-desktop.png","move","Issue169 CJ 승인: 버전 재배번 v0.4.7→v0.4.6 · Roblox v0.4.6→v0.5.0","2e00e74881a4af1be24669cd9b04d4853efa6507"
"docs/milestone/v0.4.7/issues/122/Mars/artifacts/122-04-place-360.png","docs/milestone/v0.4.6/issues/122/Mars/artifacts/122-04-place-360.png","move","Issue169 CJ 승인: 버전 재배번 v0.4.7→v0.4.6 · Roblox v0.4.6→v0.5.0","efcb8a35e2dcd79faa00128447695eed014454d9"
"docs/milestone/v0.4.7/issues/122/Mars/artifacts/122-04-place-390.png","docs/milestone/v0.4.6/issues/122/Mars/artifacts/122-04-place-390.png","move","Issue169 CJ 승인: 버전 재배번 v0.4.7→v0.4.6 · Roblox v0.4.6→v0.5.0","a6f18cdaeb5c8ddbf145e30244b15d90f2a48380"
"docs/milestone/v0.4.7/issues/122/Mars/artifacts/122-04-place-desktop.png","docs/milestone/v0.4.6/issues/122/Mars/artifacts/122-04-place-desktop.png","move","Issue169 CJ 승인: 버전 재배번 v0.4.7→v0.4.6 · Roblox v0.4.6→v0.5.0","03c7710fe16de9004f08bcb3ad46ea25eabac1ff"
"docs/milestone/v0.4.7/issues/122/Mars/artifacts/122-05-board-360.png","docs/milestone/v0.4.6/issues/122/Mars/artifacts/122-05-board-360.png","move","Issue169 CJ 승인: 버전 재배번 v0.4.7→v0.4.6 · Roblox v0.4.6→v0.5.0","cd90e622f17594e12d4603610c4f87c8aab7a4d3"
"docs/milestone/v0.4.7/issues/122/Mars/artifacts/122-05-board-390.png","docs/milestone/v0.4.6/issues/122/Mars/artifacts/122-05-board-390.png","move","Issue169 CJ 승인: 버전 재배번 v0.4.7→v0.4.6 · Roblox v0.4.6→v0.5.0","db97d46b1e8468ad4ed68f219a9d3f3eeb178115"
"docs/milestone/v0.4.7/issues/122/Mars/artifacts/122-05-board-desktop.png","docs/milestone/v0.4.6/issues/122/Mars/artifacts/122-05-board-desktop.png","move","Issue169 CJ 승인: 버전 재배번 v0.4.7→v0.4.6 · Roblox v0.4.6→v0.5.0","39b4739e6cd4132f0397a651d3f0afa05821bcfa"
"docs/milestone/v0.4.7/issues/122/Mars/artifacts/122-06-drawer-log-360.png","docs/milestone/v0.4.6/issues/122/Mars/artifacts/122-06-drawer-log-360.png","move","Issue169 CJ 승인: 버전 재배번 v0.4.7→v0.4.6 · Roblox v0.4.6→v0.5.0","f487d7aee1a4a480f186cb1cf32af886b918e322"
"docs/milestone/v0.4.7/issues/122/Mars/artifacts/122-06-drawer-log-390.png","docs/milestone/v0.4.6/issues/122/Mars/artifacts/122-06-drawer-log-390.png","move","Issue169 CJ 승인: 버전 재배번 v0.4.7→v0.4.6 · Roblox v0.4.6→v0.5.0","d13b332e9d52f373f0a3a587a73c89240fd03fdc"
"docs/milestone/v0.4.7/issues/122/Mars/artifacts/122-06-drawer-log-desktop.png","docs/milestone/v0.4.6/issues/122/Mars/artifacts/122-06-drawer-log-desktop.png","move","Issue169 CJ 승인: 버전 재배번 v0.4.7→v0.4.6 · Roblox v0.4.6→v0.5.0","555d2ee518f10d308fbaa35e53b03a785aff4637"
"docs/milestone/v0.4.7/issues/122/Mars/artifacts/122-07-battle-360.png","docs/milestone/v0.4.6/issues/122/Mars/artifacts/122-07-battle-360.png","move","Issue169 CJ 승인: 버전 재배번 v0.4.7→v0.4.6 · Roblox v0.4.6→v0.5.0","94e634772007a92fbc846c3beb10cbbf5653bb7f"
"docs/milestone/v0.4.7/issues/122/Mars/artifacts/122-07-battle-390.png","docs/milestone/v0.4.6/issues/122/Mars/artifacts/122-07-battle-390.png","move","Issue169 CJ 승인: 버전 재배번 v0.4.7→v0.4.6 · Roblox v0.4.6→v0.5.0","febb8252229d3b4487c52d219c3b9b352144266c"
"docs/milestone/v0.4.7/issues/122/Mars/artifacts/122-07-battle-desktop.png","docs/milestone/v0.4.6/issues/122/Mars/artifacts/122-07-battle-desktop.png","move","Issue169 CJ 승인: 버전 재배번 v0.4.7→v0.4.6 · Roblox v0.4.6→v0.5.0","ec3ca2b3c198d514a03a45e6f1861d440d33e417"
"docs/milestone/v0.4.7/issues/122/Mars/artifacts/122-08-fx-win-hold-390.png","docs/milestone/v0.4.6/issues/122/Mars/artifacts/122-08-fx-win-hold-390.png","move","Issue169 CJ 승인: 버전 재배번 v0.4.7→v0.4.6 · Roblox v0.4.6→v0.5.0","b0233af2986c75e89104bc30203d191fef79a9a7"
"docs/milestone/v0.4.7/issues/122/Mars/artifacts/122-08-fx-win-peak-360.png","docs/milestone/v0.4.6/issues/122/Mars/artifacts/122-08-fx-win-peak-360.png","move","Issue169 CJ 승인: 버전 재배번 v0.4.7→v0.4.6 · Roblox v0.4.6→v0.5.0","adb2eb29c868df3cda603b79206ecb3fe389afee"
"docs/milestone/v0.4.7/issues/122/Mars/artifacts/122-08-fx-win-peak-390.png","docs/milestone/v0.4.6/issues/122/Mars/artifacts/122-08-fx-win-peak-390.png","move","Issue169 CJ 승인: 버전 재배번 v0.4.7→v0.4.6 · Roblox v0.4.6→v0.5.0","587c1879277f6ad0293a1bad808e0800d3d85095"
"docs/milestone/v0.4.7/issues/122/Mars/artifacts/122-08-fx-win-peak-desktop.png","docs/milestone/v0.4.6/issues/122/Mars/artifacts/122-08-fx-win-peak-desktop.png","move","Issue169 CJ 승인: 버전 재배번 v0.4.7→v0.4.6 · Roblox v0.4.6→v0.5.0","ffc81dbaef7483fb75f3d4420c0501bc295203a4"
"docs/milestone/v0.4.7/issues/122/Mars/artifacts/122-09-fx-lose-hold-390.png","docs/milestone/v0.4.6/issues/122/Mars/artifacts/122-09-fx-lose-hold-390.png","move","Issue169 CJ 승인: 버전 재배번 v0.4.7→v0.4.6 · Roblox v0.4.6→v0.5.0","06da78261f787d7d55f345497a01d2f4ab84ae13"
"docs/milestone/v0.4.7/issues/122/Mars/artifacts/122-09-fx-lose-peak-360.png","docs/milestone/v0.4.6/issues/122/Mars/artifacts/122-09-fx-lose-peak-360.png","move","Issue169 CJ 승인: 버전 재배번 v0.4.7→v0.4.6 · Roblox v0.4.6→v0.5.0","9fe33dc573509eb68f82890848f723714fe63c49"
"docs/milestone/v0.4.7/issues/122/Mars/artifacts/122-09-fx-lose-peak-390.png","docs/milestone/v0.4.6/issues/122/Mars/artifacts/122-09-fx-lose-peak-390.png","move","Issue169 CJ 승인: 버전 재배번 v0.4.7→v0.4.6 · Roblox v0.4.6→v0.5.0","27cc6f5516f0ae2ca006a0f84ceb64e38cce3e7e"
"docs/milestone/v0.4.7/issues/122/Mars/artifacts/122-09-fx-lose-peak-desktop.png","docs/milestone/v0.4.6/issues/122/Mars/artifacts/122-09-fx-lose-peak-desktop.png","move","Issue169 CJ 승인: 버전 재배번 v0.4.7→v0.4.6 · Roblox v0.4.6→v0.5.0","5f290c90ac08940ef3c1d4bcd598293374a7cd61"
"docs/milestone/v0.4.7/issues/122/Mars/artifacts/122-10-result-360.png","docs/milestone/v0.4.6/issues/122/Mars/artifacts/122-10-result-360.png","move","Issue169 CJ 승인: 버전 재배번 v0.4.7→v0.4.6 · Roblox v0.4.6→v0.5.0","993bc16c04657e3bb535e426ae35526c63ba36a5"
"docs/milestone/v0.4.7/issues/122/Mars/artifacts/122-10-result-390.png","docs/milestone/v0.4.6/issues/122/Mars/artifacts/122-10-result-390.png","move","Issue169 CJ 승인: 버전 재배번 v0.4.7→v0.4.6 · Roblox v0.4.6→v0.5.0","69a338de72b39103a5f41bc6cc541b6cfba618d7"
"docs/milestone/v0.4.7/issues/122/Mars/artifacts/122-10-result-desktop.png","docs/milestone/v0.4.6/issues/122/Mars/artifacts/122-10-result-desktop.png","move","Issue169 CJ 승인: 버전 재배번 v0.4.7→v0.4.6 · Roblox v0.4.6→v0.5.0","dced7a9472ede9d0af27815c8de286295d1e82a1"
"docs/milestone/v0.4.7/issues/122/Mars/artifacts/122-11-lobby-back-390.png","docs/milestone/v0.4.6/issues/122/Mars/artifacts/122-11-lobby-back-390.png","move","Issue169 CJ 승인: 버전 재배번 v0.4.7→v0.4.6 · Roblox v0.4.6→v0.5.0","98cb26493a9bd33cbccb8f60de03149501fcb247"
"docs/milestone/v0.4.7/issues/122/Mars/artifacts/122-12-fx-win-reduced-390.png","docs/milestone/v0.4.6/issues/122/Mars/artifacts/122-12-fx-win-reduced-390.png","move","Issue169 CJ 승인: 버전 재배번 v0.4.7→v0.4.6 · Roblox v0.4.6→v0.5.0","d82ea50b43df0545e352acfae62d7106f6d0e6f9"
"docs/milestone/v0.4.7/issues/122/Mars/artifacts/122-13-bush-360.png","docs/milestone/v0.4.6/issues/122/Mars/artifacts/122-13-bush-360.png","move","Issue169 CJ 승인: 버전 재배번 v0.4.7→v0.4.6 · Roblox v0.4.6→v0.5.0","abf27d45fca5cdf42461eef5f56bf7c906763c2e"
"docs/milestone/v0.4.7/issues/122/Mars/artifacts/122-13-bush-390.png","docs/milestone/v0.4.6/issues/122/Mars/artifacts/122-13-bush-390.png","move","Issue169 CJ 승인: 버전 재배번 v0.4.7→v0.4.6 · Roblox v0.4.6→v0.5.0","8d600e778afc093edcf965ed20c16827cde9d3c1"
"docs/milestone/v0.4.7/issues/122/Mars/artifacts/122-13-bush-desktop.png","docs/milestone/v0.4.6/issues/122/Mars/artifacts/122-13-bush-desktop.png","move","Issue169 CJ 승인: 버전 재배번 v0.4.7→v0.4.6 · Roblox v0.4.6→v0.5.0","734575bade0e0880d67cd743ce93418261bb051f"
"docs/milestone/v0.4.7/issues/122/Mars/artifacts/122-14-leaders-390.png","docs/milestone/v0.4.6/issues/122/Mars/artifacts/122-14-leaders-390.png","move","Issue169 CJ 승인: 버전 재배번 v0.4.7→v0.4.6 · Roblox v0.4.6→v0.5.0","32f018fb9547af083f35c2f66f3d30e5af27db8c"
"docs/milestone/v0.4.7/issues/122/Mars/artifacts/122-15-fx-capture-390.png","docs/milestone/v0.4.6/issues/122/Mars/artifacts/122-15-fx-capture-390.png","move","Issue169 CJ 승인: 버전 재배번 v0.4.7→v0.4.6 · Roblox v0.4.6→v0.5.0","d56e6d081aae856432b87fc3e305084bc4ecf414"
"docs/milestone/v0.4.7/issues/122/Mars/artifacts/122-15-fx-capture-notowner-390.png","docs/milestone/v0.4.6/issues/122/Mars/artifacts/122-15-fx-capture-notowner-390.png","move","Issue169 CJ 승인: 버전 재배번 v0.4.7→v0.4.6 · Roblox v0.4.6→v0.5.0","50d7b6c9cf8227f10544eb3923f463762bcf7197"
"docs/milestone/v0.4.7/issues/122/Mars/artifacts/122-16-battle-stress-360.png","docs/milestone/v0.4.6/issues/122/Mars/artifacts/122-16-battle-stress-360.png","move","Issue169 CJ 승인: 버전 재배번 v0.4.7→v0.4.6 · Roblox v0.4.6→v0.5.0","1cc65e27fc01d9c3eafd0aee401e3fc31a4ccefb"
"docs/milestone/v0.4.7/issues/122/Mars/artifacts/122-16-battle-stress-390.png","docs/milestone/v0.4.6/issues/122/Mars/artifacts/122-16-battle-stress-390.png","move","Issue169 CJ 승인: 버전 재배번 v0.4.7→v0.4.6 · Roblox v0.4.6→v0.5.0","f6822884f51cee923eae16f1c3f00f16a03d734f"
"docs/milestone/v0.4.7/issues/122/Mars/artifacts/122-17-fx-flee-reduced-390.png","docs/milestone/v0.4.6/issues/122/Mars/artifacts/122-17-fx-flee-reduced-390.png","move","Issue169 CJ 승인: 버전 재배번 v0.4.7→v0.4.6 · Roblox v0.4.6→v0.5.0","152ccdc1acc91749c9a69172e027e2ec3096fecf"
"docs/milestone/v0.4.7/issues/122/Mars/artifacts/ui_cdp_report.json","docs/milestone/v0.4.6/issues/122/Mars/artifacts/ui_cdp_report.json","move","Issue169 CJ 승인: 버전 재배번 v0.4.7→v0.4.6 · Roblox v0.4.6→v0.5.0","43c8f93c36f0bade9cf63b9864d3a6dc857fa96b"
"docs/milestone/v0.4.7/issues/122/Mars/media/capture-manifest.json","docs/milestone/v0.4.6/issues/122/Mars/media/capture-manifest.json","move","Issue169 CJ 승인: 버전 재배번 v0.4.7→v0.4.6 · Roblox v0.4.6→v0.5.0","d2a631a22e84f2edfcf15b10f4020d0df3e944f4"
"docs/milestone/v0.4.7/issues/122/Mars/media/tutorial-01.png","docs/milestone/v0.4.6/issues/122/Mars/media/tutorial-01.png","move","Issue169 CJ 승인: 버전 재배번 v0.4.7→v0.4.6 · Roblox v0.4.6→v0.5.0","37e3327bd1625c937bc5b67bcb61f0ee2f79a4bc"
"docs/milestone/v0.4.7/issues/122/Mars/media/tutorial-02.png","docs/milestone/v0.4.6/issues/122/Mars/media/tutorial-02.png","move","Issue169 CJ 승인: 버전 재배번 v0.4.7→v0.4.6 · Roblox v0.4.6→v0.5.0","c40e1a242568d2f51e03e122c048402ba142eb41"
"docs/milestone/v0.4.7/issues/122/Mars/media/tutorial-03.png","docs/milestone/v0.4.6/issues/122/Mars/media/tutorial-03.png","move","Issue169 CJ 승인: 버전 재배번 v0.4.7→v0.4.6 · Roblox v0.4.6→v0.5.0","5902af4fefeba4b86281ca99075f362c04f5d984"
"docs/milestone/v0.4.7/issues/122/Mars/media/tutorial-04.png","docs/milestone/v0.4.6/issues/122/Mars/media/tutorial-04.png","move","Issue169 CJ 승인: 버전 재배번 v0.4.7→v0.4.6 · Roblox v0.4.6→v0.5.0","7e86943e92bf9edcf2cfe19984b409aae7570438"
"docs/milestone/v0.4.7/issues/122/Mars/media/tutorial-05.png","docs/milestone/v0.4.6/issues/122/Mars/media/tutorial-05.png","move","Issue169 CJ 승인: 버전 재배번 v0.4.7→v0.4.6 · Roblox v0.4.6→v0.5.0","ac17a40a669a4a59db88adb853b2c7df8977dec7"
"docs/milestone/v0.4.7/issues/122/Mars/media/tutorial-06.png","docs/milestone/v0.4.6/issues/122/Mars/media/tutorial-06.png","move","Issue169 CJ 승인: 버전 재배번 v0.4.7→v0.4.6 · Roblox v0.4.6→v0.5.0","4415dde7999ddb25531e58daae016a448be5ed7c"
"docs/milestone/v0.4.7/issues/122/Mars/media/tutorial-07.png","docs/milestone/v0.4.6/issues/122/Mars/media/tutorial-07.png","move","Issue169 CJ 승인: 버전 재배번 v0.4.7→v0.4.6 · Roblox v0.4.6→v0.5.0","4c0285d422d1cfc44426ea358aeb8442bec3b806"
"docs/milestone/v0.4.7/issues/122/Mars/media/tutorial-08.png","docs/milestone/v0.4.6/issues/122/Mars/media/tutorial-08.png","move","Issue169 CJ 승인: 버전 재배번 v0.4.7→v0.4.6 · Roblox v0.4.6→v0.5.0","765d7cbdf134f4cfb7e923256a308da1938badc1"
"docs/milestone/v0.4.7/issues/122/Mars/media/tutorial-09.png","docs/milestone/v0.4.6/issues/122/Mars/media/tutorial-09.png","move","Issue169 CJ 승인: 버전 재배번 v0.4.7→v0.4.6 · Roblox v0.4.6→v0.5.0","dc19e8dc188f7c9d7ba172c6c6c709e61179b666"
"docs/milestone/v0.4.7/issues/122/Mars/media/tutorial-10.png","docs/milestone/v0.4.6/issues/122/Mars/media/tutorial-10.png","move","Issue169 CJ 승인: 버전 재배번 v0.4.7→v0.4.6 · Roblox v0.4.6→v0.5.0","5f645a36cea798ed4004c59994f7c83de68bddcd"
"docs/milestone/v0.4.7/issues/122/Mars/render-1100/gallery-open.png","docs/milestone/v0.4.6/issues/122/Mars/render-1100/gallery-open.png","move","Issue169 CJ 승인: 버전 재배번 v0.4.7→v0.4.6 · Roblox v0.4.6→v0.5.0","2cb0906606ff93e2a95b8105a984aea80ad143b9"
"docs/milestone/v0.4.7/issues/122/Mars/render-1100/readme-gh-render.html","docs/milestone/v0.4.6/issues/122/Mars/render-1100/readme-gh-render.html","move","Issue169 CJ 승인: 버전 재배번 v0.4.7→v0.4.6 · Roblox v0.4.6→v0.5.0","44cc77f5de42f71d4cd2f15f84c916bde547cbec"
"docs/milestone/v0.4.7/issues/122/Mars/render-1100/section-00.png","docs/milestone/v0.4.6/issues/122/Mars/render-1100/section-00.png","move","Issue169 CJ 승인: 버전 재배번 v0.4.7→v0.4.6 · Roblox v0.4.6→v0.5.0","d97bc7aa4a862d126cf424d9017e3942affc6906"
"docs/milestone/v0.4.7/issues/122/Mars/render-1100/section-01.png","docs/milestone/v0.4.6/issues/122/Mars/render-1100/section-01.png","move","Issue169 CJ 승인: 버전 재배번 v0.4.7→v0.4.6 · Roblox v0.4.6→v0.5.0","aab49ddb70cbf9cc880d30f7c4201e8f9dcec4a5"
"docs/milestone/v0.4.7/issues/122/Mars/render-1100/section-02.png","docs/milestone/v0.4.6/issues/122/Mars/render-1100/section-02.png","move","Issue169 CJ 승인: 버전 재배번 v0.4.7→v0.4.6 · Roblox v0.4.6→v0.5.0","38cc06c10b056392cd177bb7aa5fbff586ad8086"
"docs/milestone/v0.4.7/issues/122/Mars/render-1100/section-03.png","docs/milestone/v0.4.6/issues/122/Mars/render-1100/section-03.png","move","Issue169 CJ 승인: 버전 재배번 v0.4.7→v0.4.6 · Roblox v0.4.6→v0.5.0","4e01b3f12354d8395cefc8b82183d672b8186eab"
"docs/milestone/v0.4.7/issues/122/Mars/render-1100/section-04.png","docs/milestone/v0.4.6/issues/122/Mars/render-1100/section-04.png","move","Issue169 CJ 승인: 버전 재배번 v0.4.7→v0.4.6 · Roblox v0.4.6→v0.5.0","745abc9b37bc66686f26e24fde83a17c6a458bfa"
"docs/milestone/v0.4.7/issues/122/Mars/render-1100/section-05.png","docs/milestone/v0.4.6/issues/122/Mars/render-1100/section-05.png","move","Issue169 CJ 승인: 버전 재배번 v0.4.7→v0.4.6 · Roblox v0.4.6→v0.5.0","d3dc4850a3a1a0cb2fd675c22eade8a9e74e4633"
"docs/milestone/v0.4.7/issues/122/Mars/render-1100/section-06.png","docs/milestone/v0.4.6/issues/122/Mars/render-1100/section-06.png","move","Issue169 CJ 승인: 버전 재배번 v0.4.7→v0.4.6 · Roblox v0.4.6→v0.5.0","1957ff02e331a7577c1e8ade4bcd545d277a8354"
"docs/milestone/v0.4.7/issues/122/Mars/render-1100/section-07.png","docs/milestone/v0.4.6/issues/122/Mars/render-1100/section-07.png","move","Issue169 CJ 승인: 버전 재배번 v0.4.7→v0.4.6 · Roblox v0.4.6→v0.5.0","1d497bf0c2213b8eb3cb2c8aca508febaad3e493"
"docs/milestone/v0.4.7/issues/122/Mars/render-1100/section-08.png","docs/milestone/v0.4.6/issues/122/Mars/render-1100/section-08.png","move","Issue169 CJ 승인: 버전 재배번 v0.4.7→v0.4.6 · Roblox v0.4.6→v0.5.0","9dedc216bf7fa00c9df057634a539d77ab4518c7"
"docs/milestone/v0.4.7/issues/122/Mars/render-1100/verify-report.json","docs/milestone/v0.4.6/issues/122/Mars/render-1100/verify-report.json","move","Issue169 CJ 승인: 버전 재배번 v0.4.7→v0.4.6 · Roblox v0.4.6→v0.5.0","6db16aa9daa37dd51fbc24344316025c3c4524e7"
"docs/milestone/v0.4.7/issues/122/Mars/render-390/gallery-open-w390.png","docs/milestone/v0.4.6/issues/122/Mars/render-390/gallery-open-w390.png","move","Issue169 CJ 승인: 버전 재배번 v0.4.7→v0.4.6 · Roblox v0.4.6→v0.5.0","cf4cd01053019b58a6d91ba41aea1e695f9b5cca"
"docs/milestone/v0.4.7/issues/122/Mars/render-390/readme-gh-render-w390.html","docs/milestone/v0.4.6/issues/122/Mars/render-390/readme-gh-render-w390.html","move","Issue169 CJ 승인: 버전 재배번 v0.4.7→v0.4.6 · Roblox v0.4.6→v0.5.0","44cc77f5de42f71d4cd2f15f84c916bde547cbec"
"docs/milestone/v0.4.7/issues/122/Mars/render-390/section-00-w390.png","docs/milestone/v0.4.6/issues/122/Mars/render-390/section-00-w390.png","move","Issue169 CJ 승인: 버전 재배번 v0.4.7→v0.4.6 · Roblox v0.4.6→v0.5.0","6e57b1375a3ff9df6b6f53cb9a9df9d2f8228032"
"docs/milestone/v0.4.7/issues/122/Mars/render-390/section-01-w390.png","docs/milestone/v0.4.6/issues/122/Mars/render-390/section-01-w390.png","move","Issue169 CJ 승인: 버전 재배번 v0.4.7→v0.4.6 · Roblox v0.4.6→v0.5.0","455f53bdd43b63dc1842f1de45d67f5907a69ffb"
"docs/milestone/v0.4.7/issues/122/Mars/render-390/section-02-w390.png","docs/milestone/v0.4.6/issues/122/Mars/render-390/section-02-w390.png","move","Issue169 CJ 승인: 버전 재배번 v0.4.7→v0.4.6 · Roblox v0.4.6→v0.5.0","03c989010c9164b7a94c9578565ce8d6b77054ce"
"docs/milestone/v0.4.7/issues/122/Mars/render-390/section-03-w390.png","docs/milestone/v0.4.6/issues/122/Mars/render-390/section-03-w390.png","move","Issue169 CJ 승인: 버전 재배번 v0.4.7→v0.4.6 · Roblox v0.4.6→v0.5.0","b8943cb286f222fcd6fcdc93266a13127296c4b4"
"docs/milestone/v0.4.7/issues/122/Mars/render-390/section-04-w390.png","docs/milestone/v0.4.6/issues/122/Mars/render-390/section-04-w390.png","move","Issue169 CJ 승인: 버전 재배번 v0.4.7→v0.4.6 · Roblox v0.4.6→v0.5.0","e07049d43db4039e132f7c7feb36630668dfe439"
"docs/milestone/v0.4.7/issues/122/Mars/render-390/section-05-w390.png","docs/milestone/v0.4.6/issues/122/Mars/render-390/section-05-w390.png","move","Issue169 CJ 승인: 버전 재배번 v0.4.7→v0.4.6 · Roblox v0.4.6→v0.5.0","279a9d17eb8a6ba9372bd772428c49208364a4cb"
"docs/milestone/v0.4.7/issues/122/Mars/render-390/section-06-w390.png","docs/milestone/v0.4.6/issues/122/Mars/render-390/section-06-w390.png","move","Issue169 CJ 승인: 버전 재배번 v0.4.7→v0.4.6 · Roblox v0.4.6→v0.5.0","86d2ff492de3ad13668c378dd7b9b58120534a56"
"docs/milestone/v0.4.7/issues/122/Mars/render-390/section-07-w390.png","docs/milestone/v0.4.6/issues/122/Mars/render-390/section-07-w390.png","move","Issue169 CJ 승인: 버전 재배번 v0.4.7→v0.4.6 · Roblox v0.4.6→v0.5.0","b1fb8032dd438c94e7d2e256a9db48eff39c620f"
"docs/milestone/v0.4.7/issues/122/Mars/render-390/section-08-w390.png","docs/milestone/v0.4.6/issues/122/Mars/render-390/section-08-w390.png","move","Issue169 CJ 승인: 버전 재배번 v0.4.7→v0.4.6 · Roblox v0.4.6→v0.5.0","1691b136c53aae4990a3b61dd164139ae9ce5680"
"docs/milestone/v0.4.7/issues/122/Mars/render-390/verify-report-w390.json","docs/milestone/v0.4.6/issues/122/Mars/render-390/verify-report-w390.json","move","Issue169 CJ 승인: 버전 재배번 v0.4.7→v0.4.6 · Roblox v0.4.6→v0.5.0","8b12eb323b13da21e282d59ded848e19b480dde2"
"docs/milestone/v0.4.7/issues/122/Mars/report.md","docs/milestone/v0.4.6/issues/122/Mars/report.md","move","Issue169 CJ 승인: 버전 재배번 v0.4.7→v0.4.6 · Roblox v0.4.6→v0.5.0","182c5fa2649aad80998ddb790c35d9ec2ff2b533"
"docs/milestone/v0.4.7/issues/122/Mars/revise-back-dark/media/01-lobby-390.png","docs/milestone/v0.4.6/issues/122/Mars/revise-back-dark/media/01-lobby-390.png","move","Issue169 CJ 승인: 버전 재배번 v0.4.7→v0.4.6 · Roblox v0.4.6→v0.5.0","f6855a024181cc14ba68a47985cc13a5ee66e0d0"
"docs/milestone/v0.4.7/issues/122/Mars/revise-back-dark/media/02-prep-place-390.png","docs/milestone/v0.4.6/issues/122/Mars/revise-back-dark/media/02-prep-place-390.png","move","Issue169 CJ 승인: 버전 재배번 v0.4.7→v0.4.6 · Roblox v0.4.6→v0.5.0","a80f4174d3f362ddac1ffaa7247ce513c3307bf4"
"docs/milestone/v0.4.7/issues/122/Mars/revise-back-dark/media/03-prep-roster-390.png","docs/milestone/v0.4.6/issues/122/Mars/revise-back-dark/media/03-prep-roster-390.png","move","Issue169 CJ 승인: 버전 재배번 v0.4.7→v0.4.6 · Roblox v0.4.6→v0.5.0","c31448dd98994dcf0b15ac213ab0766184960cc9"
"docs/milestone/v0.4.7/issues/122/Mars/revise-back-dark/media/04-prep-confirm-390.png","docs/milestone/v0.4.6/issues/122/Mars/revise-back-dark/media/04-prep-confirm-390.png","move","Issue169 CJ 승인: 버전 재배번 v0.4.7→v0.4.6 · Roblox v0.4.6→v0.5.0","c206806577c0ead1e87d1f9b4cbd1e9eb017c90d"
"docs/milestone/v0.4.7/issues/122/Mars/revise-back-dark/media/05-board-390.png","docs/milestone/v0.4.6/issues/122/Mars/revise-back-dark/media/05-board-390.png","move","Issue169 CJ 승인: 버전 재배번 v0.4.7→v0.4.6 · Roblox v0.4.6→v0.5.0","716eba482794d3774b68efb32741d46795be9d9f"
"docs/milestone/v0.4.7/issues/122/Mars/revise-back-dark/media/06-board-drawer-390.png","docs/milestone/v0.4.6/issues/122/Mars/revise-back-dark/media/06-board-drawer-390.png","move","Issue169 CJ 승인: 버전 재배번 v0.4.7→v0.4.6 · Roblox v0.4.6→v0.5.0","0a8f6df7c6975622c8bbdaec2a03c6c1b950d9f6"
"docs/milestone/v0.4.7/issues/122/Mars/revise-back-dark/media/07-resign-confirm-390.png","docs/milestone/v0.4.6/issues/122/Mars/revise-back-dark/media/07-resign-confirm-390.png","move","Issue169 CJ 승인: 버전 재배번 v0.4.7→v0.4.6 · Roblox v0.4.6→v0.5.0","f6988f3da7a48357bf6977f0f092f527b161d443"
"docs/milestone/v0.4.7/issues/122/Mars/revise-back-dark/media/08-battle-390.png","docs/milestone/v0.4.6/issues/122/Mars/revise-back-dark/media/08-battle-390.png","move","Issue169 CJ 승인: 버전 재배번 v0.4.7→v0.4.6 · Roblox v0.4.6→v0.5.0","13407e63bb7dbc937705be30a6a799999f3f2c7b"
"docs/milestone/v0.4.7/issues/122/Mars/revise-back-dark/media/09-result-390.png","docs/milestone/v0.4.6/issues/122/Mars/revise-back-dark/media/09-result-390.png","move","Issue169 CJ 승인: 버전 재배번 v0.4.7→v0.4.6 · Roblox v0.4.6→v0.5.0","b978220b5667089e5e68397eb3892287cde6c151"
"docs/milestone/v0.4.7/issues/122/Mars/revise-back-dark/media/10-board-360.png","docs/milestone/v0.4.6/issues/122/Mars/revise-back-dark/media/10-board-360.png","move","Issue169 CJ 승인: 버전 재배번 v0.4.7→v0.4.6 · Roblox v0.4.6→v0.5.0","0263be4e5e6e4c543d9ab448230e333d9b88edbd"
"docs/milestone/v0.4.7/issues/122/Mars/revise-back-dark/media/10-board-desktop.png","docs/milestone/v0.4.6/issues/122/Mars/revise-back-dark/media/10-board-desktop.png","move","Issue169 CJ 승인: 버전 재배번 v0.4.7→v0.4.6 · Roblox v0.4.6→v0.5.0","4294ae579a0056d7629dc1499782901580522c4a"
"docs/milestone/v0.4.7/issues/122/Mars/revise-back-dark/media/11-bush-390.png","docs/milestone/v0.4.6/issues/122/Mars/revise-back-dark/media/11-bush-390.png","move","Issue169 CJ 승인: 버전 재배번 v0.4.7→v0.4.6 · Roblox v0.4.6→v0.5.0","a737f5dfd326c1c7937e81660bf5164f5ded1023"
"docs/milestone/v0.4.7/issues/122/Mars/revise-back-dark/media/12-battle-fallback-390.png","docs/milestone/v0.4.6/issues/122/Mars/revise-back-dark/media/12-battle-fallback-390.png","move","Issue169 CJ 승인: 버전 재배번 v0.4.7→v0.4.6 · Roblox v0.4.6→v0.5.0","3137b6d5d9501ed70bb48f72463929cf56c8d288"
"docs/milestone/v0.4.7/issues/122/Mars/revise-back-dark/media/13-sim-confirm-390.png","docs/milestone/v0.4.6/issues/122/Mars/revise-back-dark/media/13-sim-confirm-390.png","move","Issue169 CJ 승인: 버전 재배번 v0.4.7→v0.4.6 · Roblox v0.4.6→v0.5.0","f633227d7e02ec1f742de8cdbdea12cc20e3247f"
"docs/milestone/v0.4.7/issues/122/Mars/revise-back-dark/media/back_dark_report.json","docs/milestone/v0.4.6/issues/122/Mars/revise-back-dark/media/back_dark_report.json","move","Issue169 CJ 승인: 버전 재배번 v0.4.7→v0.4.6 · Roblox v0.4.6→v0.5.0","93b9d4a1e7ae171cf457555b7690e01a9a4457ce"
"docs/milestone/v0.4.7/issues/122/Mars/revise-back-dark/readme-1100/gallery-open.png","docs/milestone/v0.4.6/issues/122/Mars/revise-back-dark/readme-1100/gallery-open.png","move","Issue169 CJ 승인: 버전 재배번 v0.4.7→v0.4.6 · Roblox v0.4.6→v0.5.0","d22e5d0b99f7d2d48c5527256eaa5063b46328c4"
"docs/milestone/v0.4.7/issues/122/Mars/revise-back-dark/readme-1100/readme-gh-render.html","docs/milestone/v0.4.6/issues/122/Mars/revise-back-dark/readme-1100/readme-gh-render.html","move","Issue169 CJ 승인: 버전 재배번 v0.4.7→v0.4.6 · Roblox v0.4.6→v0.5.0","3d25e8778715b5ee19e2507bade7cec190c293f5"
"docs/milestone/v0.4.7/issues/122/Mars/revise-back-dark/readme-1100/section-00.png","docs/milestone/v0.4.6/issues/122/Mars/revise-back-dark/readme-1100/section-00.png","move","Issue169 CJ 승인: 버전 재배번 v0.4.7→v0.4.6 · Roblox v0.4.6→v0.5.0","d97bc7aa4a862d126cf424d9017e3942affc6906"
"docs/milestone/v0.4.7/issues/122/Mars/revise-back-dark/readme-1100/section-01.png","docs/milestone/v0.4.6/issues/122/Mars/revise-back-dark/readme-1100/section-01.png","move","Issue169 CJ 승인: 버전 재배번 v0.4.7→v0.4.6 · Roblox v0.4.6→v0.5.0","aab49ddb70cbf9cc880d30f7c4201e8f9dcec4a5"
"docs/milestone/v0.4.7/issues/122/Mars/revise-back-dark/readme-1100/section-02.png","docs/milestone/v0.4.6/issues/122/Mars/revise-back-dark/readme-1100/section-02.png","move","Issue169 CJ 승인: 버전 재배번 v0.4.7→v0.4.6 · Roblox v0.4.6→v0.5.0","38cc06c10b056392cd177bb7aa5fbff586ad8086"
"docs/milestone/v0.4.7/issues/122/Mars/revise-back-dark/readme-1100/section-03.png","docs/milestone/v0.4.6/issues/122/Mars/revise-back-dark/readme-1100/section-03.png","move","Issue169 CJ 승인: 버전 재배번 v0.4.7→v0.4.6 · Roblox v0.4.6→v0.5.0","b9b295b35269e5a6b86bcf5f30b697b78181cb41"
"docs/milestone/v0.4.7/issues/122/Mars/revise-back-dark/readme-1100/section-04.png","docs/milestone/v0.4.6/issues/122/Mars/revise-back-dark/readme-1100/section-04.png","move","Issue169 CJ 승인: 버전 재배번 v0.4.7→v0.4.6 · Roblox v0.4.6→v0.5.0","ad7de494d1a5c52350e6cc9c558f9b1cfc7f4d6b"
"docs/milestone/v0.4.7/issues/122/Mars/revise-back-dark/readme-1100/section-05.png","docs/milestone/v0.4.6/issues/122/Mars/revise-back-dark/readme-1100/section-05.png","move","Issue169 CJ 승인: 버전 재배번 v0.4.7→v0.4.6 · Roblox v0.4.6→v0.5.0","d3dc4850a3a1a0cb2fd675c22eade8a9e74e4633"
"docs/milestone/v0.4.7/issues/122/Mars/revise-back-dark/readme-1100/section-06.png","docs/milestone/v0.4.6/issues/122/Mars/revise-back-dark/readme-1100/section-06.png","move","Issue169 CJ 승인: 버전 재배번 v0.4.7→v0.4.6 · Roblox v0.4.6→v0.5.0","1957ff02e331a7577c1e8ade4bcd545d277a8354"
"docs/milestone/v0.4.7/issues/122/Mars/revise-back-dark/readme-1100/section-07.png","docs/milestone/v0.4.6/issues/122/Mars/revise-back-dark/readme-1100/section-07.png","move","Issue169 CJ 승인: 버전 재배번 v0.4.7→v0.4.6 · Roblox v0.4.6→v0.5.0","643f4591f7ad23917163c78da49bd4bb84b6ed98"
"docs/milestone/v0.4.7/issues/122/Mars/revise-back-dark/readme-1100/section-08.png","docs/milestone/v0.4.6/issues/122/Mars/revise-back-dark/readme-1100/section-08.png","move","Issue169 CJ 승인: 버전 재배번 v0.4.7→v0.4.6 · Roblox v0.4.6→v0.5.0","9dedc216bf7fa00c9df057634a539d77ab4518c7"
"docs/milestone/v0.4.7/issues/122/Mars/revise-back-dark/readme-1100/verify-report.json","docs/milestone/v0.4.6/issues/122/Mars/revise-back-dark/readme-1100/verify-report.json","move","Issue169 CJ 승인: 버전 재배번 v0.4.7→v0.4.6 · Roblox v0.4.6→v0.5.0","c628f9f6168e6bae2ecabf10a3976d8c89e9d112"
"docs/milestone/v0.4.7/issues/122/Mars/revise-back-dark/readme-390/gallery-open-w390.png","docs/milestone/v0.4.6/issues/122/Mars/revise-back-dark/readme-390/gallery-open-w390.png","move","Issue169 CJ 승인: 버전 재배번 v0.4.7→v0.4.6 · Roblox v0.4.6→v0.5.0","9a79e9783ba3606658976ec570b8fce8ef7b6e6a"
"docs/milestone/v0.4.7/issues/122/Mars/revise-back-dark/readme-390/readme-gh-render-w390.html","docs/milestone/v0.4.6/issues/122/Mars/revise-back-dark/readme-390/readme-gh-render-w390.html","move","Issue169 CJ 승인: 버전 재배번 v0.4.7→v0.4.6 · Roblox v0.4.6→v0.5.0","3d25e8778715b5ee19e2507bade7cec190c293f5"
"docs/milestone/v0.4.7/issues/122/Mars/revise-back-dark/readme-390/section-00-w390.png","docs/milestone/v0.4.6/issues/122/Mars/revise-back-dark/readme-390/section-00-w390.png","move","Issue169 CJ 승인: 버전 재배번 v0.4.7→v0.4.6 · Roblox v0.4.6→v0.5.0","6e57b1375a3ff9df6b6f53cb9a9df9d2f8228032"
"docs/milestone/v0.4.7/issues/122/Mars/revise-back-dark/readme-390/section-01-w390.png","docs/milestone/v0.4.6/issues/122/Mars/revise-back-dark/readme-390/section-01-w390.png","move","Issue169 CJ 승인: 버전 재배번 v0.4.7→v0.4.6 · Roblox v0.4.6→v0.5.0","455f53bdd43b63dc1842f1de45d67f5907a69ffb"
"docs/milestone/v0.4.7/issues/122/Mars/revise-back-dark/readme-390/section-02-w390.png","docs/milestone/v0.4.6/issues/122/Mars/revise-back-dark/readme-390/section-02-w390.png","move","Issue169 CJ 승인: 버전 재배번 v0.4.7→v0.4.6 · Roblox v0.4.6→v0.5.0","03c989010c9164b7a94c9578565ce8d6b77054ce"
"docs/milestone/v0.4.7/issues/122/Mars/revise-back-dark/readme-390/section-03-w390.png","docs/milestone/v0.4.6/issues/122/Mars/revise-back-dark/readme-390/section-03-w390.png","move","Issue169 CJ 승인: 버전 재배번 v0.4.7→v0.4.6 · Roblox v0.4.6→v0.5.0","c6ee7ac2554a782c395830c186372bcd2bd37f1d"
"docs/milestone/v0.4.7/issues/122/Mars/revise-back-dark/readme-390/section-04-w390.png","docs/milestone/v0.4.6/issues/122/Mars/revise-back-dark/readme-390/section-04-w390.png","move","Issue169 CJ 승인: 버전 재배번 v0.4.7→v0.4.6 · Roblox v0.4.6→v0.5.0","90727ccf7ebf4a6f81053632aa240d30849824dc"
"docs/milestone/v0.4.7/issues/122/Mars/revise-back-dark/readme-390/section-05-w390.png","docs/milestone/v0.4.6/issues/122/Mars/revise-back-dark/readme-390/section-05-w390.png","move","Issue169 CJ 승인: 버전 재배번 v0.4.7→v0.4.6 · Roblox v0.4.6→v0.5.0","c68f2f7f2a8d1887ce64a38fafdaea952509bafe"
"docs/milestone/v0.4.7/issues/122/Mars/revise-back-dark/readme-390/section-06-w390.png","docs/milestone/v0.4.6/issues/122/Mars/revise-back-dark/readme-390/section-06-w390.png","move","Issue169 CJ 승인: 버전 재배번 v0.4.7→v0.4.6 · Roblox v0.4.6→v0.5.0","9acba4c69c4759d55714ea7c7864f008af355626"
"docs/milestone/v0.4.7/issues/122/Mars/revise-back-dark/readme-390/section-07-w390.png","docs/milestone/v0.4.6/issues/122/Mars/revise-back-dark/readme-390/section-07-w390.png","move","Issue169 CJ 승인: 버전 재배번 v0.4.7→v0.4.6 · Roblox v0.4.6→v0.5.0","b1fb8032dd438c94e7d2e256a9db48eff39c620f"
"docs/milestone/v0.4.7/issues/122/Mars/revise-back-dark/readme-390/section-08-w390.png","docs/milestone/v0.4.6/issues/122/Mars/revise-back-dark/readme-390/section-08-w390.png","move","Issue169 CJ 승인: 버전 재배번 v0.4.7→v0.4.6 · Roblox v0.4.6→v0.5.0","1691b136c53aae4990a3b61dd164139ae9ce5680"
"docs/milestone/v0.4.7/issues/122/Mars/revise-back-dark/readme-390/verify-report-w390.json","docs/milestone/v0.4.6/issues/122/Mars/revise-back-dark/readme-390/verify-report-w390.json","move","Issue169 CJ 승인: 버전 재배번 v0.4.7→v0.4.6 · Roblox v0.4.6→v0.5.0","b35e39a23a23cc3c204a4a9a564b955259d1b3d5"
"docs/milestone/v0.4.7/issues/122/Mars/revise-back-dark/report.md","docs/milestone/v0.4.6/issues/122/Mars/revise-back-dark/report.md","move","Issue169 CJ 승인: 버전 재배번 v0.4.7→v0.4.6 · Roblox v0.4.6→v0.5.0","6d131b501cda5fdd691b28001b2576c774696f86"
"docs/milestone/v0.4.7/issues/122/Mars/revise-back-dark/tutorial/capture-manifest.json","docs/milestone/v0.4.6/issues/122/Mars/revise-back-dark/tutorial/capture-manifest.json","move","Issue169 CJ 승인: 버전 재배번 v0.4.7→v0.4.6 · Roblox v0.4.6→v0.5.0","dd79024a331ce31b8f8625281b495c64f0c78131"
"docs/milestone/v0.4.7/issues/122/Mars/revise-back-dark/tutorial/tutorial-01.png","docs/milestone/v0.4.6/issues/122/Mars/revise-back-dark/tutorial/tutorial-01.png","move","Issue169 CJ 승인: 버전 재배번 v0.4.7→v0.4.6 · Roblox v0.4.6→v0.5.0","fdbdf977e474fb9eb735bc181b6fe9c158bcb54a"
"docs/milestone/v0.4.7/issues/122/Mars/revise-back-dark/tutorial/tutorial-02.png","docs/milestone/v0.4.6/issues/122/Mars/revise-back-dark/tutorial/tutorial-02.png","move","Issue169 CJ 승인: 버전 재배번 v0.4.7→v0.4.6 · Roblox v0.4.6→v0.5.0","18d1531e9946840ec7230553ba305732e508eae6"
"docs/milestone/v0.4.7/issues/122/Mars/revise-back-dark/tutorial/tutorial-03.png","docs/milestone/v0.4.6/issues/122/Mars/revise-back-dark/tutorial/tutorial-03.png","move","Issue169 CJ 승인: 버전 재배번 v0.4.7→v0.4.6 · Roblox v0.4.6→v0.5.0","1836c6980721e99b40f21568552b8d2d58636502"
"docs/milestone/v0.4.7/issues/122/Mars/revise-back-dark/tutorial/tutorial-04.png","docs/milestone/v0.4.6/issues/122/Mars/revise-back-dark/tutorial/tutorial-04.png","move","Issue169 CJ 승인: 버전 재배번 v0.4.7→v0.4.6 · Roblox v0.4.6→v0.5.0","f301ffade7151c22065f1fd45cb5b3d9704c2c54"
"docs/milestone/v0.4.7/issues/122/Mars/revise-back-dark/tutorial/tutorial-05.png","docs/milestone/v0.4.6/issues/122/Mars/revise-back-dark/tutorial/tutorial-05.png","move","Issue169 CJ 승인: 버전 재배번 v0.4.7→v0.4.6 · Roblox v0.4.6→v0.5.0","2906a10f06b5adff2ca05c2085e55e87ef891c91"
"docs/milestone/v0.4.7/issues/122/Mars/revise-back-dark/tutorial/tutorial-06.png","docs/milestone/v0.4.6/issues/122/Mars/revise-back-dark/tutorial/tutorial-06.png","move","Issue169 CJ 승인: 버전 재배번 v0.4.7→v0.4.6 · Roblox v0.4.6→v0.5.0","ff55d411b8b6c734487c2b4cbaacff3b28c87b8c"
"docs/milestone/v0.4.7/issues/122/Mars/revise-back-dark/tutorial/tutorial-07.png","docs/milestone/v0.4.6/issues/122/Mars/revise-back-dark/tutorial/tutorial-07.png","move","Issue169 CJ 승인: 버전 재배번 v0.4.7→v0.4.6 · Roblox v0.4.6→v0.5.0","d999c1cdac4c3b78892a420d48d97f9167304d50"
"docs/milestone/v0.4.7/issues/122/Mars/revise-back-dark/tutorial/tutorial-08.png","docs/milestone/v0.4.6/issues/122/Mars/revise-back-dark/tutorial/tutorial-08.png","move","Issue169 CJ 승인: 버전 재배번 v0.4.7→v0.4.6 · Roblox v0.4.6→v0.5.0","d4c691e1537975e7b55d9f1be07f014f0468a50b"
"docs/milestone/v0.4.7/issues/122/Mars/revise-back-dark/tutorial/tutorial-09.png","docs/milestone/v0.4.6/issues/122/Mars/revise-back-dark/tutorial/tutorial-09.png","move","Issue169 CJ 승인: 버전 재배번 v0.4.7→v0.4.6 · Roblox v0.4.6→v0.5.0","e109440d152246c10727b9bfb5b3b77f9d592005"
"docs/milestone/v0.4.7/issues/122/Mars/revise-back-dark/tutorial/tutorial-10.png","docs/milestone/v0.4.6/issues/122/Mars/revise-back-dark/tutorial/tutorial-10.png","move","Issue169 CJ 승인: 버전 재배번 v0.4.7→v0.4.6 · Roblox v0.4.6→v0.5.0","db082c1efeeb888547a005c887966eca5094aa16"
"docs/milestone/v0.4.7/issues/122/Mars/revise-cjqa-rules/report.md","docs/milestone/v0.4.6/issues/122/Mars/revise-cjqa-rules/report.md","move","Issue169 CJ 승인: 버전 재배번 v0.4.7→v0.4.6 · Roblox v0.4.6→v0.5.0","96086d7885f9c980b7dd574b4202541cb60cc811"
"docs/milestone/v0.4.7/issues/122/Mars/revise-cjqa-rules/tutorial/capture-manifest.json","docs/milestone/v0.4.6/issues/122/Mars/revise-cjqa-rules/tutorial/capture-manifest.json","move","Issue169 CJ 승인: 버전 재배번 v0.4.7→v0.4.6 · Roblox v0.4.6→v0.5.0","7c6d8b8625e68959e51c1cbeafb8c44e9832a96a"
"docs/milestone/v0.4.7/issues/122/Mars/revise-cjqa-rules/tutorial/tutorial-01.png","docs/milestone/v0.4.6/issues/122/Mars/revise-cjqa-rules/tutorial/tutorial-01.png","move","Issue169 CJ 승인: 버전 재배번 v0.4.7→v0.4.6 · Roblox v0.4.6→v0.5.0","fdbdf977e474fb9eb735bc181b6fe9c158bcb54a"
"docs/milestone/v0.4.7/issues/122/Mars/revise-cjqa-rules/tutorial/tutorial-02.png","docs/milestone/v0.4.6/issues/122/Mars/revise-cjqa-rules/tutorial/tutorial-02.png","move","Issue169 CJ 승인: 버전 재배번 v0.4.7→v0.4.6 · Roblox v0.4.6→v0.5.0","18d1531e9946840ec7230553ba305732e508eae6"
"docs/milestone/v0.4.7/issues/122/Mars/revise-cjqa-rules/tutorial/tutorial-03.png","docs/milestone/v0.4.6/issues/122/Mars/revise-cjqa-rules/tutorial/tutorial-03.png","move","Issue169 CJ 승인: 버전 재배번 v0.4.7→v0.4.6 · Roblox v0.4.6→v0.5.0","1836c6980721e99b40f21568552b8d2d58636502"
"docs/milestone/v0.4.7/issues/122/Mars/revise-cjqa-rules/tutorial/tutorial-04.png","docs/milestone/v0.4.6/issues/122/Mars/revise-cjqa-rules/tutorial/tutorial-04.png","move","Issue169 CJ 승인: 버전 재배번 v0.4.7→v0.4.6 · Roblox v0.4.6→v0.5.0","f301ffade7151c22065f1fd45cb5b3d9704c2c54"
"docs/milestone/v0.4.7/issues/122/Mars/revise-cjqa-rules/tutorial/tutorial-05.png","docs/milestone/v0.4.6/issues/122/Mars/revise-cjqa-rules/tutorial/tutorial-05.png","move","Issue169 CJ 승인: 버전 재배번 v0.4.7→v0.4.6 · Roblox v0.4.6→v0.5.0","6b15d02c3d9f6f818101624a062db60c36c320d3"
"docs/milestone/v0.4.7/issues/122/Mars/revise-cjqa-rules/tutorial/tutorial-06.png","docs/milestone/v0.4.6/issues/122/Mars/revise-cjqa-rules/tutorial/tutorial-06.png","move","Issue169 CJ 승인: 버전 재배번 v0.4.7→v0.4.6 · Roblox v0.4.6→v0.5.0","92af781cc7f23e425c0b5f010ca3a2bb2a5b8f2a"
"docs/milestone/v0.4.7/issues/122/Mars/revise-cjqa-rules/tutorial/tutorial-07.png","docs/milestone/v0.4.6/issues/122/Mars/revise-cjqa-rules/tutorial/tutorial-07.png","move","Issue169 CJ 승인: 버전 재배번 v0.4.7→v0.4.6 · Roblox v0.4.6→v0.5.0","d36f2e0a240fd320ccf4db43bd0619d1bd0c81fe"
"docs/milestone/v0.4.7/issues/122/Mars/revise-cjqa-rules/tutorial/tutorial-08.png","docs/milestone/v0.4.6/issues/122/Mars/revise-cjqa-rules/tutorial/tutorial-08.png","move","Issue169 CJ 승인: 버전 재배번 v0.4.7→v0.4.6 · Roblox v0.4.6→v0.5.0","d4c691e1537975e7b55d9f1be07f014f0468a50b"
"docs/milestone/v0.4.7/issues/122/Mars/revise-cjqa-rules/tutorial/tutorial-09.png","docs/milestone/v0.4.6/issues/122/Mars/revise-cjqa-rules/tutorial/tutorial-09.png","move","Issue169 CJ 승인: 버전 재배번 v0.4.7→v0.4.6 · Roblox v0.4.6→v0.5.0","e109440d152246c10727b9bfb5b3b77f9d592005"
"docs/milestone/v0.4.7/issues/122/Mars/revise-cjqa-rules/tutorial/tutorial-10.png","docs/milestone/v0.4.6/issues/122/Mars/revise-cjqa-rules/tutorial/tutorial-10.png","move","Issue169 CJ 승인: 버전 재배번 v0.4.7→v0.4.6 · Roblox v0.4.6→v0.5.0","db082c1efeeb888547a005c887966eca5094aa16"
"docs/milestone/v0.4.7/issues/122/Mercury/cj-followup.md","docs/milestone/v0.4.6/issues/122/Mercury/cj-followup.md","move","Issue169 CJ 승인: 버전 재배번 v0.4.7→v0.4.6 · Roblox v0.4.6→v0.5.0","9b6e93e27b635206f0a35a810be3aaa4e5b55655"
"docs/milestone/v0.4.7/issues/122/Mercury/report.md","docs/milestone/v0.4.6/issues/122/Mercury/report.md","move","Issue169 CJ 승인: 버전 재배번 v0.4.7→v0.4.6 · Roblox v0.4.6→v0.5.0","00c9bd45e60db6c3002a685f53722046750060d4"
"docs/milestone/v0.4.7/issues/122/Mercury/revise-back-dark.md","docs/milestone/v0.4.6/issues/122/Mercury/revise-back-dark.md","move","Issue169 CJ 승인: 버전 재배번 v0.4.7→v0.4.6 · Roblox v0.4.6→v0.5.0","51dc835eb27845ae66520698af2f779c089becdf"
"docs/milestone/v0.4.7/issues/122/README.md","docs/milestone/v0.4.6/issues/122/README.md","move","Issue169 CJ 승인: 버전 재배번 v0.4.7→v0.4.6 · Roblox v0.4.6→v0.5.0","bd4d14f1ef552dca5a8924b70a9bba1155bee6c0"
"docs/milestone/v0.4.7/issues/122/Venus/docs-status-report.md","docs/milestone/v0.4.6/issues/122/Venus/docs-status-report.md","move","Issue169 CJ 승인: 버전 재배번 v0.4.7→v0.4.6 · Roblox v0.4.6→v0.5.0","e8e398788e5fd6abcca3ce1662159e76b66795b9"
"docs/milestone/v0.4.7/issues/122/Venus/flow-review.md","docs/milestone/v0.4.6/issues/122/Venus/flow-review.md","move","Issue169 CJ 승인: 버전 재배번 v0.4.7→v0.4.6 · Roblox v0.4.6→v0.5.0","59ce27ea79d60af6ff0f580fc4262ad20dbb74e1"
"docs/milestone/v0.4.7/issues/122/Venus/implementation-review.md","docs/milestone/v0.4.6/issues/122/Venus/implementation-review.md","move","Issue169 CJ 승인: 버전 재배번 v0.4.7→v0.4.6 · Roblox v0.4.6→v0.5.0","cc4db0d8d6eac3665e9b3d4e3d6c116875c69341"
"docs/milestone/v0.4.7/issues/124/Earth/art-report.md","docs/milestone/v0.4.6/issues/124/Earth/art-report.md","move","Issue169 CJ 승인: 버전 재배번 v0.4.7→v0.4.6 · Roblox v0.4.6→v0.5.0","f1e21808ed4aeb8f33fbbe7100a5f28760a24940"
"docs/milestone/v0.4.7/issues/124/Earth/companion-guide-source-v1.png","docs/milestone/v0.4.6/issues/124/Earth/companion-guide-source-v1.png","move","Issue169 CJ 승인: 버전 재배번 v0.4.7→v0.4.6 · Roblox v0.4.6→v0.5.0","439d94590da4422eb916af6944cd42624d8e5e83"
"docs/milestone/v0.4.7/issues/124/Earth/king-sovereign-source-v1.png","docs/milestone/v0.4.6/issues/124/Earth/king-sovereign-source-v1.png","move","Issue169 CJ 승인: 버전 재배번 v0.4.7→v0.4.6 · Roblox v0.4.6→v0.5.0","8930e4838339dd51e99cac3abbfe7a0aa8790121"
"docs/milestone/v0.4.7/issues/124/Earth/prompts.md","docs/milestone/v0.4.6/issues/124/Earth/prompts.md","move","Issue169 CJ 승인: 버전 재배번 v0.4.7→v0.4.6 · Roblox v0.4.6→v0.5.0","31238d1b16fcc005aa733fc98598b845d3acb757"
"docs/milestone/v0.4.7/issues/124/Earth/source-use-size-review.png","docs/milestone/v0.4.6/issues/124/Earth/source-use-size-review.png","move","Issue169 CJ 승인: 버전 재배번 v0.4.7→v0.4.6 · Roblox v0.4.6→v0.5.0","550408b2de2426657eaca194401e51b71b29a294"
"docs/milestone/v0.4.7/issues/124/Earth/source-use-size-review.svg","docs/milestone/v0.4.6/issues/124/Earth/source-use-size-review.svg","move","Issue169 CJ 승인: 버전 재배번 v0.4.7→v0.4.6 · Roblox v0.4.6→v0.5.0","7aec29d1807b67507d0e05db66a72a317e3dcc4d"
"docs/milestone/v0.4.7/issues/126/Earth/effect-keyframes.png","docs/milestone/v0.4.6/issues/126/Earth/effect-keyframes.png","move","Issue169 CJ 승인: 버전 재배번 v0.4.7→v0.4.6 · Roblox v0.4.6→v0.5.0","8853be446ec8e042c5276f328b789a85193e7fb2"
"docs/milestone/v0.4.7/issues/126/Earth/effect-keyframes.svg","docs/milestone/v0.4.6/issues/126/Earth/effect-keyframes.svg","move","Issue169 CJ 승인: 버전 재배번 v0.4.7→v0.4.6 · Roblox v0.4.6→v0.5.0","9ca7bcc3c9a233a7d6af21b9300029203d7340aa"
"docs/milestone/v0.4.7/issues/126/Earth/effect-storyboard.md","docs/milestone/v0.4.6/issues/126/Earth/effect-storyboard.md","move","Issue169 CJ 승인: 버전 재배번 v0.4.7→v0.4.6 · Roblox v0.4.6→v0.5.0","4ceb0cd82ccf25088d7707c9d3d8be7f73625a61"
"docs/milestone/v0.4.7/issues/126/Mars/report.md","docs/milestone/v0.4.6/issues/126/Mars/report.md","move","Issue169 CJ 승인: 버전 재배번 v0.4.7→v0.4.6 · Roblox v0.4.6→v0.5.0","c269e4540c280a0e2f6abda7fc475661e7019833"
"docs/milestone/v0.4.7/issues/128/Mars/artifacts/i128-01-load-with-legacy-key.png","docs/milestone/v0.4.6/issues/128/Mars/artifacts/i128-01-load-with-legacy-key.png","move","Issue169 CJ 승인: 버전 재배번 v0.4.7→v0.4.6 · Roblox v0.4.6→v0.5.0","3feed505619d080e7e43cf62467678eb507814ab"
"docs/milestone/v0.4.7/issues/128/Mars/artifacts/i128-02-closed-after-skip.png","docs/milestone/v0.4.6/issues/128/Mars/artifacts/i128-02-closed-after-skip.png","move","Issue169 CJ 승인: 버전 재배번 v0.4.7→v0.4.6 · Roblox v0.4.6→v0.5.0","4c5c168184af0d3cc1c386c7c8ac48706af297b7"
"docs/milestone/v0.4.7/issues/128/Mars/artifacts/i128-03-after-reload.png","docs/milestone/v0.4.6/issues/128/Mars/artifacts/i128-03-after-reload.png","move","Issue169 CJ 승인: 버전 재배번 v0.4.7→v0.4.6 · Roblox v0.4.6→v0.5.0","3feed505619d080e7e43cf62467678eb507814ab"
"docs/milestone/v0.4.7/issues/128/Mars/artifacts/i128-04-new-tab.png","docs/milestone/v0.4.6/issues/128/Mars/artifacts/i128-04-new-tab.png","move","Issue169 CJ 승인: 버전 재배번 v0.4.7→v0.4.6 · Roblox v0.4.6→v0.5.0","3feed505619d080e7e43cf62467678eb507814ab"
"docs/milestone/v0.4.7/issues/128/Mars/artifacts/i128-05-same-tab-mode-change.png","docs/milestone/v0.4.6/issues/128/Mars/artifacts/i128-05-same-tab-mode-change.png","move","Issue169 CJ 승인: 버전 재배번 v0.4.7→v0.4.6 · Roblox v0.4.6→v0.5.0","a20d860f7a734b6caba3974cd2f098fc6f258774"
"docs/milestone/v0.4.7/issues/128/Mars/artifacts/i128-06-manual-reopen-step2.png","docs/milestone/v0.4.6/issues/128/Mars/artifacts/i128-06-manual-reopen-step2.png","move","Issue169 CJ 승인: 버전 재배번 v0.4.7→v0.4.6 · Roblox v0.4.6→v0.5.0","dbc09858cf39a61aafe049328f0d6acb7922e4d6"
"docs/milestone/v0.4.7/issues/128/Mars/artifacts/i128-07-second-profile.png","docs/milestone/v0.4.6/issues/128/Mars/artifacts/i128-07-second-profile.png","move","Issue169 CJ 승인: 버전 재배번 v0.4.7→v0.4.6 · Roblox v0.4.6→v0.5.0","321e3bb0201b473e555ee5c19e9e7e89d54cb044"
"docs/milestone/v0.4.7/issues/128/Mars/artifacts/i128-08-after-server-restart.png","docs/milestone/v0.4.6/issues/128/Mars/artifacts/i128-08-after-server-restart.png","move","Issue169 CJ 승인: 버전 재배번 v0.4.7→v0.4.6 · Roblox v0.4.6→v0.5.0","3feed505619d080e7e43cf62467678eb507814ab"
"docs/milestone/v0.4.7/issues/128/Mars/artifacts/i128-browser-report.json","docs/milestone/v0.4.6/issues/128/Mars/artifacts/i128-browser-report.json","move","Issue169 CJ 승인: 버전 재배번 v0.4.7→v0.4.6 · Roblox v0.4.6→v0.5.0","a1ff0ad0583581db4000560aa6d0f20cb28b0941"
"docs/milestone/v0.4.7/issues/128/Mars/artifacts/readme-final/gallery-open-w390.png","docs/milestone/v0.4.6/issues/128/Mars/artifacts/readme-final/gallery-open-w390.png","move","Issue169 CJ 승인: 버전 재배번 v0.4.7→v0.4.6 · Roblox v0.4.6→v0.5.0","78956ad3f4a0de9de3660c93e6dedbab0e2cdc90"
"docs/milestone/v0.4.7/issues/128/Mars/artifacts/readme-final/gallery-open.png","docs/milestone/v0.4.6/issues/128/Mars/artifacts/readme-final/gallery-open.png","move","Issue169 CJ 승인: 버전 재배번 v0.4.7→v0.4.6 · Roblox v0.4.6→v0.5.0","1ebe5b07479551c5876a80eb78813ad2ecc7db8b"
"docs/milestone/v0.4.7/issues/128/Mars/artifacts/readme-final/readme-gh-render-w390.html","docs/milestone/v0.4.6/issues/128/Mars/artifacts/readme-final/readme-gh-render-w390.html","move","Issue169 CJ 승인: 버전 재배번 v0.4.7→v0.4.6 · Roblox v0.4.6→v0.5.0","e87dc9864a764e8236d7384d25632071b2320c60"
"docs/milestone/v0.4.7/issues/128/Mars/artifacts/readme-final/readme-gh-render.html","docs/milestone/v0.4.6/issues/128/Mars/artifacts/readme-final/readme-gh-render.html","move","Issue169 CJ 승인: 버전 재배번 v0.4.7→v0.4.6 · Roblox v0.4.6→v0.5.0","e87dc9864a764e8236d7384d25632071b2320c60"
"docs/milestone/v0.4.7/issues/128/Mars/artifacts/readme-final/section-00-w390.png","docs/milestone/v0.4.6/issues/128/Mars/artifacts/readme-final/section-00-w390.png","move","Issue169 CJ 승인: 버전 재배번 v0.4.7→v0.4.6 · Roblox v0.4.6→v0.5.0","6e57b1375a3ff9df6b6f53cb9a9df9d2f8228032"
"docs/milestone/v0.4.7/issues/128/Mars/artifacts/readme-final/section-00.png","docs/milestone/v0.4.6/issues/128/Mars/artifacts/readme-final/section-00.png","move","Issue169 CJ 승인: 버전 재배번 v0.4.7→v0.4.6 · Roblox v0.4.6→v0.5.0","d97bc7aa4a862d126cf424d9017e3942affc6906"
"docs/milestone/v0.4.7/issues/128/Mars/artifacts/readme-final/section-01-w390.png","docs/milestone/v0.4.6/issues/128/Mars/artifacts/readme-final/section-01-w390.png","move","Issue169 CJ 승인: 버전 재배번 v0.4.7→v0.4.6 · Roblox v0.4.6→v0.5.0","455f53bdd43b63dc1842f1de45d67f5907a69ffb"
"docs/milestone/v0.4.7/issues/128/Mars/artifacts/readme-final/section-01.png","docs/milestone/v0.4.6/issues/128/Mars/artifacts/readme-final/section-01.png","move","Issue169 CJ 승인: 버전 재배번 v0.4.7→v0.4.6 · Roblox v0.4.6→v0.5.0","aab49ddb70cbf9cc880d30f7c4201e8f9dcec4a5"
"docs/milestone/v0.4.7/issues/128/Mars/artifacts/readme-final/section-02-w390.png","docs/milestone/v0.4.6/issues/128/Mars/artifacts/readme-final/section-02-w390.png","move","Issue169 CJ 승인: 버전 재배번 v0.4.7→v0.4.6 · Roblox v0.4.6→v0.5.0","03c989010c9164b7a94c9578565ce8d6b77054ce"
"docs/milestone/v0.4.7/issues/128/Mars/artifacts/readme-final/section-02.png","docs/milestone/v0.4.6/issues/128/Mars/artifacts/readme-final/section-02.png","move","Issue169 CJ 승인: 버전 재배번 v0.4.7→v0.4.6 · Roblox v0.4.6→v0.5.0","38cc06c10b056392cd177bb7aa5fbff586ad8086"
"docs/milestone/v0.4.7/issues/128/Mars/artifacts/readme-final/section-03-w390.png","docs/milestone/v0.4.6/issues/128/Mars/artifacts/readme-final/section-03-w390.png","move","Issue169 CJ 승인: 버전 재배번 v0.4.7→v0.4.6 · Roblox v0.4.6→v0.5.0","0bab8f94f81bf3d5f402ebc5c7da47076dbe26fb"
"docs/milestone/v0.4.7/issues/128/Mars/artifacts/readme-final/section-03.png","docs/milestone/v0.4.6/issues/128/Mars/artifacts/readme-final/section-03.png","move","Issue169 CJ 승인: 버전 재배번 v0.4.7→v0.4.6 · Roblox v0.4.6→v0.5.0","1af3b05de9647e40a680797aa9267778b37f6055"
"docs/milestone/v0.4.7/issues/128/Mars/artifacts/readme-final/section-04-w390.png","docs/milestone/v0.4.6/issues/128/Mars/artifacts/readme-final/section-04-w390.png","move","Issue169 CJ 승인: 버전 재배번 v0.4.7→v0.4.6 · Roblox v0.4.6→v0.5.0","49d3e8aa096941e4aa2d7f65befb950844af9e12"
"docs/milestone/v0.4.7/issues/128/Mars/artifacts/readme-final/section-04.png","docs/milestone/v0.4.6/issues/128/Mars/artifacts/readme-final/section-04.png","move","Issue169 CJ 승인: 버전 재배번 v0.4.7→v0.4.6 · Roblox v0.4.6→v0.5.0","143b671523b5a6b12f8fa53d2cd36518b2f75439"
"docs/milestone/v0.4.7/issues/128/Mars/artifacts/readme-final/section-05-w390.png","docs/milestone/v0.4.6/issues/128/Mars/artifacts/readme-final/section-05-w390.png","move","Issue169 CJ 승인: 버전 재배번 v0.4.7→v0.4.6 · Roblox v0.4.6→v0.5.0","96f15cfbbfa21b7458d2805894955adbeb829afb"
"docs/milestone/v0.4.7/issues/128/Mars/artifacts/readme-final/section-05.png","docs/milestone/v0.4.6/issues/128/Mars/artifacts/readme-final/section-05.png","move","Issue169 CJ 승인: 버전 재배번 v0.4.7→v0.4.6 · Roblox v0.4.6→v0.5.0","54e56fce704b55df8c8334b6695c7aeef31af5f9"
"docs/milestone/v0.4.7/issues/128/Mars/artifacts/readme-final/section-06-w390.png","docs/milestone/v0.4.6/issues/128/Mars/artifacts/readme-final/section-06-w390.png","move","Issue169 CJ 승인: 버전 재배번 v0.4.7→v0.4.6 · Roblox v0.4.6→v0.5.0","6d122023bbe2f7c9f09afe433919c32ed33b4a5d"
"docs/milestone/v0.4.7/issues/128/Mars/artifacts/readme-final/section-06.png","docs/milestone/v0.4.6/issues/128/Mars/artifacts/readme-final/section-06.png","move","Issue169 CJ 승인: 버전 재배번 v0.4.7→v0.4.6 · Roblox v0.4.6→v0.5.0","ea715b682ac0ba8f61a4870169261ffe2dbe8541"
"docs/milestone/v0.4.7/issues/128/Mars/artifacts/readme-final/section-07-w390.png","docs/milestone/v0.4.6/issues/128/Mars/artifacts/readme-final/section-07-w390.png","move","Issue169 CJ 승인: 버전 재배번 v0.4.7→v0.4.6 · Roblox v0.4.6→v0.5.0","eb644ffdda88b51cb6dbff5e29691ba6bf4ad4e1"
"docs/milestone/v0.4.7/issues/128/Mars/artifacts/readme-final/section-07.png","docs/milestone/v0.4.6/issues/128/Mars/artifacts/readme-final/section-07.png","move","Issue169 CJ 승인: 버전 재배번 v0.4.7→v0.4.6 · Roblox v0.4.6→v0.5.0","9a51463f3c91c6aa08a18e0e79b340f782dabae8"
"docs/milestone/v0.4.7/issues/128/Mars/artifacts/readme-final/section-08-w390.png","docs/milestone/v0.4.6/issues/128/Mars/artifacts/readme-final/section-08-w390.png","move","Issue169 CJ 승인: 버전 재배번 v0.4.7→v0.4.6 · Roblox v0.4.6→v0.5.0","50bb212da1f59bdde415d2fec0c53c4a74d71b71"
"docs/milestone/v0.4.7/issues/128/Mars/artifacts/readme-final/section-08.png","docs/milestone/v0.4.6/issues/128/Mars/artifacts/readme-final/section-08.png","move","Issue169 CJ 승인: 버전 재배번 v0.4.7→v0.4.6 · Roblox v0.4.6→v0.5.0","a33ba1b69fb13ab0bd484b5514f7c5b527e4aff0"
"docs/milestone/v0.4.7/issues/128/Mars/artifacts/readme-final/verify-report-w390.json","docs/milestone/v0.4.6/issues/128/Mars/artifacts/readme-final/verify-report-w390.json","move","Issue169 CJ 승인: 버전 재배번 v0.4.7→v0.4.6 · Roblox v0.4.6→v0.5.0","e05d52f23b99394a0212a340fe7b91ced7120df8"
"docs/milestone/v0.4.7/issues/128/Mars/artifacts/readme-final/verify-report.json","docs/milestone/v0.4.6/issues/128/Mars/artifacts/readme-final/verify-report.json","move","Issue169 CJ 승인: 버전 재배번 v0.4.7→v0.4.6 · Roblox v0.4.6→v0.5.0","91823e664e6bfb649fbdad02ba8e0d1098dffde2"
"docs/milestone/v0.4.7/issues/128/Mars/report.md","docs/milestone/v0.4.6/issues/128/Mars/report.md","move","Issue169 CJ 승인: 버전 재배번 v0.4.7→v0.4.6 · Roblox v0.4.6→v0.5.0","52f68c9e96c889f0f73c3b695281c2c8d5d58449"
"docs/milestone/v0.4.7/issues/128/Mercury/report.md","docs/milestone/v0.4.6/issues/128/Mercury/report.md","move","Issue169 CJ 승인: 버전 재배번 v0.4.7→v0.4.6 · Roblox v0.4.6→v0.5.0","d52dbd5fc55c2c3195a02ddb13520bfb73ec8a5b"
"docs/milestone/v0.4.7/issues/128/Saturn/report.md","docs/milestone/v0.4.6/issues/128/Saturn/report.md","move","Issue169 CJ 승인: 버전 재배번 v0.4.7→v0.4.6 · Roblox v0.4.6→v0.5.0","d4e783bbb4e33af672530ef534e3e33095db65ec"
"docs/milestone/v0.4.7/issues/128/Venus/docs-report.md","docs/milestone/v0.4.6/issues/128/Venus/docs-report.md","move","Issue169 CJ 승인: 버전 재배번 v0.4.7→v0.4.6 · Roblox v0.4.6→v0.5.0","782541fb4a2a97cbb013503952b0a6a8e8c63a51"
"docs/milestone/v0.4.7/issues/132/Mars/report.md","docs/milestone/v0.4.6/issues/132/Mars/report.md","move","Issue169 CJ 승인: 버전 재배번 v0.4.7→v0.4.6 · Roblox v0.4.6→v0.5.0","a9e1bd45032736b23e7b0bfe1845a99f047257e8"
"docs/milestone/v0.4.7/issues/132/Mercury/required-checks.md","docs/milestone/v0.4.6/issues/132/Mercury/required-checks.md","move","Issue169 CJ 승인: 버전 재배번 v0.4.7→v0.4.6 · Roblox v0.4.6→v0.5.0","5b7057bc71559b3ca0bb097a9c72f1b00a753d84"
"docs/milestone/v0.4.7/issues/132/Venus/analysis.md","docs/milestone/v0.4.6/issues/132/Venus/analysis.md","move","Issue169 CJ 승인: 버전 재배번 v0.4.7→v0.4.6 · Roblox v0.4.6→v0.5.0","a4b13d0d256002c8f619e19acfcbff2e69eb946e"
"docs/milestone/v0.4.7/issues/134/Mars/report.md","docs/milestone/v0.4.6/issues/134/Mars/report.md","move","Issue169 CJ 승인: 버전 재배번 v0.4.7→v0.4.6 · Roblox v0.4.6→v0.5.0","afc7ff15748854563c618b7f9f3e993a494ee5f6"
"docs/milestone/v0.4.7/issues/134/Mercury/MOVES.csv","docs/milestone/v0.4.6/issues/134/Mercury/MOVES.csv","move","Issue169 CJ 승인: 버전 재배번 v0.4.7→v0.4.6 · Roblox v0.4.6→v0.5.0","8a1878bb39118bc6c6966e316e9141d810a738d4"
"docs/milestone/v0.4.7/issues/134/Mercury/report.md","docs/milestone/v0.4.6/issues/134/Mercury/report.md","move","Issue169 CJ 승인: 버전 재배번 v0.4.7→v0.4.6 · Roblox v0.4.6→v0.5.0","8927cbd72a6b644d7c2a8372eab21447c42b7a4e"
"docs/milestone/v0.4.7/issues/146/Mars/artifacts/capture-manifest.json","docs/milestone/v0.4.6/issues/146/Mars/artifacts/capture-manifest.json","move","Issue169 CJ 승인: 버전 재배번 v0.4.7→v0.4.6 · Roblox v0.4.6→v0.5.0","b513920d3ce5fab5452e9210b0dd91db7a3b619b"
"docs/milestone/v0.4.7/issues/146/Mars/artifacts/i128-A-done.png","docs/milestone/v0.4.6/issues/146/Mars/artifacts/i128-A-done.png","move","Issue169 CJ 승인: 버전 재배번 v0.4.7→v0.4.6 · Roblox v0.4.6→v0.5.0","ad3671c426b7bb406ff5725002edfbae8bf71a67"
"docs/milestone/v0.4.7/issues/146/Mars/artifacts/i128-A-first.png","docs/milestone/v0.4.6/issues/146/Mars/artifacts/i128-A-first.png","move","Issue169 CJ 승인: 버전 재배번 v0.4.7→v0.4.6 · Roblox v0.4.6→v0.5.0","4a1c203ac4e1450484ac79d8b92adfb40df386d0"
"docs/milestone/v0.4.7/issues/146/Mars/artifacts/i128-B-first.png","docs/milestone/v0.4.6/issues/146/Mars/artifacts/i128-B-first.png","move","Issue169 CJ 승인: 버전 재배번 v0.4.7→v0.4.6 · Roblox v0.4.6→v0.5.0","4a1c203ac4e1450484ac79d8b92adfb40df386d0"
"docs/milestone/v0.4.7/issues/146/Mars/artifacts/i130-shield-stacked.png","docs/milestone/v0.4.6/issues/146/Mars/artifacts/i130-shield-stacked.png","move","Issue169 CJ 승인: 버전 재배번 v0.4.7→v0.4.6 · Roblox v0.4.6→v0.5.0","5801c0751ed1fe9a76d5ac65438d0efb47e582c5"
"docs/milestone/v0.4.7/issues/146/Mars/artifacts/i131-tele-reject.png","docs/milestone/v0.4.6/issues/146/Mars/artifacts/i131-tele-reject.png","move","Issue169 CJ 승인: 버전 재배번 v0.4.7→v0.4.6 · Roblox v0.4.6→v0.5.0","cb13c0fcf2192235d31687da7ff295c358ebbf5a"
"docs/milestone/v0.4.7/issues/146/Mars/artifacts/i131-tele-stage1.png","docs/milestone/v0.4.6/issues/146/Mars/artifacts/i131-tele-stage1.png","move","Issue169 CJ 승인: 버전 재배번 v0.4.7→v0.4.6 · Roblox v0.4.6→v0.5.0","6493969494210d7e1b0c24f6fb5af207072b0954"
"docs/milestone/v0.4.7/issues/146/Mars/artifacts/i131-tele-stage2.png","docs/milestone/v0.4.6/issues/146/Mars/artifacts/i131-tele-stage2.png","move","Issue169 CJ 승인: 버전 재배번 v0.4.7→v0.4.6 · Roblox v0.4.6→v0.5.0","550e54123ef437348a16fe6ca9c4541dbc8db1b0"
"docs/milestone/v0.4.7/issues/146/Mars/artifacts/i131-tele-swapped.png","docs/milestone/v0.4.6/issues/146/Mars/artifacts/i131-tele-swapped.png","move","Issue169 CJ 승인: 버전 재배번 v0.4.7→v0.4.6 · Roblox v0.4.6→v0.5.0","fd0a47c401504ccfce9c241e56a73ed70aef09e3"
"docs/milestone/v0.4.7/issues/146/Mars/artifacts/i131-tutorial-teleport-step.png","docs/milestone/v0.4.6/issues/146/Mars/artifacts/i131-tutorial-teleport-step.png","move","Issue169 CJ 승인: 버전 재배번 v0.4.7→v0.4.6 · Roblox v0.4.6→v0.5.0","4bd69940b0bfff8b4643e16974f33730876eb8b8"
"docs/milestone/v0.4.7/issues/146/Mars/artifacts/i146-browser-report.json","docs/milestone/v0.4.6/issues/146/Mars/artifacts/i146-browser-report.json","move","Issue169 CJ 승인: 버전 재배번 v0.4.7→v0.4.6 · Roblox v0.4.6→v0.5.0","a99cac79319dc2c8982f850875b5281a17d4db35"
"docs/milestone/v0.4.7/issues/146/Mars/artifacts/i146-flee-30.png","docs/milestone/v0.4.6/issues/146/Mars/artifacts/i146-flee-30.png","move","Issue169 CJ 승인: 버전 재배번 v0.4.7→v0.4.6 · Roblox v0.4.6→v0.5.0","4718c83a59453c9dfcb73a63b944d2475aed9893"
"docs/milestone/v0.4.7/issues/146/Mars/artifacts/i146-flee-70.png","docs/milestone/v0.4.6/issues/146/Mars/artifacts/i146-flee-70.png","move","Issue169 CJ 승인: 버전 재배번 v0.4.7→v0.4.6 · Roblox v0.4.6→v0.5.0","4a95d9d43467087732f72ff7b88904c418a1ed7a"
"docs/milestone/v0.4.7/issues/146/Mars/artifacts/i146-flee-result.png","docs/milestone/v0.4.6/issues/146/Mars/artifacts/i146-flee-result.png","move","Issue169 CJ 승인: 버전 재배번 v0.4.7→v0.4.6 · Roblox v0.4.6→v0.5.0","b63d4ec6134d664a4d5628da9c0ea01217f53aeb"
"docs/milestone/v0.4.7/issues/146/Mars/artifacts/i146-noattack-after-pass.png","docs/milestone/v0.4.6/issues/146/Mars/artifacts/i146-noattack-after-pass.png","move","Issue169 CJ 승인: 버전 재배번 v0.4.7→v0.4.6 · Roblox v0.4.6→v0.5.0","55e782db34cc53862c995f64d322ea1ad44d6887"
"docs/milestone/v0.4.7/issues/146/Mars/artifacts/i146-noattack-bag.png","docs/milestone/v0.4.6/issues/146/Mars/artifacts/i146-noattack-bag.png","move","Issue169 CJ 승인: 버전 재배번 v0.4.7→v0.4.6 · Roblox v0.4.6→v0.5.0","0e86ec69a7aa8a455a8077ea77eae5e1824976ef"
"docs/milestone/v0.4.7/issues/146/Mars/artifacts/i146-noattack-cool-recheck.png","docs/milestone/v0.4.6/issues/146/Mars/artifacts/i146-noattack-cool-recheck.png","move","Issue169 CJ 승인: 버전 재배번 v0.4.7→v0.4.6 · Roblox v0.4.6→v0.5.0","7da9548243fab798476e8d83777dc58beccd44cb"
"docs/milestone/v0.4.7/issues/146/Mars/artifacts/i146-noattack-fight.png","docs/milestone/v0.4.6/issues/146/Mars/artifacts/i146-noattack-fight.png","move","Issue169 CJ 승인: 버전 재배번 v0.4.7→v0.4.6 · Roblox v0.4.6→v0.5.0","3807e6a3751a151a9fea3f2ccc9be22c25819911"
"docs/milestone/v0.4.7/issues/146/Mars/artifacts/i146-noattack-root.png","docs/milestone/v0.4.6/issues/146/Mars/artifacts/i146-noattack-root.png","move","Issue169 CJ 승인: 버전 재배번 v0.4.7→v0.4.6 · Roblox v0.4.6→v0.5.0","d29ba8efd7d1d8ddd346d52a66cb1f9a3249a01a"
"docs/milestone/v0.4.7/issues/146/Mars/artifacts/i146-privacy-observer.png","docs/milestone/v0.4.6/issues/146/Mars/artifacts/i146-privacy-observer.png","move","Issue169 CJ 승인: 버전 재배번 v0.4.7→v0.4.6 · Roblox v0.4.6→v0.5.0","b09027b84d58a982091ed87febd89170cf3ebfa9"
"docs/milestone/v0.4.7/issues/146/Mars/artifacts/i146-tutorial-battle-step.png","docs/milestone/v0.4.6/issues/146/Mars/artifacts/i146-tutorial-battle-step.png","move","Issue169 CJ 승인: 버전 재배번 v0.4.7→v0.4.6 · Roblox v0.4.6→v0.5.0","9b353621e4e2b45b7cd7ed9f4c330c5fcaf65e9c"
"docs/milestone/v0.4.7/issues/146/Mars/artifacts/i146-tutorial-flee-step.png","docs/milestone/v0.4.6/issues/146/Mars/artifacts/i146-tutorial-flee-step.png","move","Issue169 CJ 승인: 버전 재배번 v0.4.7→v0.4.6 · Roblox v0.4.6→v0.5.0","3cba5733e827a0122acea948fced1c78fa5cb944"
"docs/milestone/v0.4.7/issues/146/Mars/artifacts/readme-verify/gallery-open-w390.png","docs/milestone/v0.4.6/issues/146/Mars/artifacts/readme-verify/gallery-open-w390.png","move","Issue169 CJ 승인: 버전 재배번 v0.4.7→v0.4.6 · Roblox v0.4.6→v0.5.0","3232c5158f7a89ac2fd501a21020b9e48605cdf0"
"docs/milestone/v0.4.7/issues/146/Mars/artifacts/readme-verify/gallery-open.png","docs/milestone/v0.4.6/issues/146/Mars/artifacts/readme-verify/gallery-open.png","move","Issue169 CJ 승인: 버전 재배번 v0.4.7→v0.4.6 · Roblox v0.4.6→v0.5.0","056f700201070d71800df297c606f4abad492a34"
"docs/milestone/v0.4.7/issues/146/Mars/artifacts/readme-verify/readme-gh-render-w390.html","docs/milestone/v0.4.6/issues/146/Mars/artifacts/readme-verify/readme-gh-render-w390.html","move","Issue169 CJ 승인: 버전 재배번 v0.4.7→v0.4.6 · Roblox v0.4.6→v0.5.0","81d39627d7200285129dcec4cf0fa0c6c6dfe30a"
"docs/milestone/v0.4.7/issues/146/Mars/artifacts/readme-verify/readme-gh-render.html","docs/milestone/v0.4.6/issues/146/Mars/artifacts/readme-verify/readme-gh-render.html","move","Issue169 CJ 승인: 버전 재배번 v0.4.7→v0.4.6 · Roblox v0.4.6→v0.5.0","81d39627d7200285129dcec4cf0fa0c6c6dfe30a"
"docs/milestone/v0.4.7/issues/146/Mars/artifacts/readme-verify/section-00-w390.png","docs/milestone/v0.4.6/issues/146/Mars/artifacts/readme-verify/section-00-w390.png","move","Issue169 CJ 승인: 버전 재배번 v0.4.7→v0.4.6 · Roblox v0.4.6→v0.5.0","6e57b1375a3ff9df6b6f53cb9a9df9d2f8228032"
"docs/milestone/v0.4.7/issues/146/Mars/artifacts/readme-verify/section-00.png","docs/milestone/v0.4.6/issues/146/Mars/artifacts/readme-verify/section-00.png","move","Issue169 CJ 승인: 버전 재배번 v0.4.7→v0.4.6 · Roblox v0.4.6→v0.5.0","d97bc7aa4a862d126cf424d9017e3942affc6906"
"docs/milestone/v0.4.7/issues/146/Mars/artifacts/readme-verify/section-01-w390.png","docs/milestone/v0.4.6/issues/146/Mars/artifacts/readme-verify/section-01-w390.png","move","Issue169 CJ 승인: 버전 재배번 v0.4.7→v0.4.6 · Roblox v0.4.6→v0.5.0","455f53bdd43b63dc1842f1de45d67f5907a69ffb"
"docs/milestone/v0.4.7/issues/146/Mars/artifacts/readme-verify/section-01.png","docs/milestone/v0.4.6/issues/146/Mars/artifacts/readme-verify/section-01.png","move","Issue169 CJ 승인: 버전 재배번 v0.4.7→v0.4.6 · Roblox v0.4.6→v0.5.0","aab49ddb70cbf9cc880d30f7c4201e8f9dcec4a5"
"docs/milestone/v0.4.7/issues/146/Mars/artifacts/readme-verify/section-02-w390.png","docs/milestone/v0.4.6/issues/146/Mars/artifacts/readme-verify/section-02-w390.png","move","Issue169 CJ 승인: 버전 재배번 v0.4.7→v0.4.6 · Roblox v0.4.6→v0.5.0","03c989010c9164b7a94c9578565ce8d6b77054ce"
"docs/milestone/v0.4.7/issues/146/Mars/artifacts/readme-verify/section-02.png","docs/milestone/v0.4.6/issues/146/Mars/artifacts/readme-verify/section-02.png","move","Issue169 CJ 승인: 버전 재배번 v0.4.7→v0.4.6 · Roblox v0.4.6→v0.5.0","38cc06c10b056392cd177bb7aa5fbff586ad8086"
"docs/milestone/v0.4.7/issues/146/Mars/artifacts/readme-verify/section-03-w390.png","docs/milestone/v0.4.6/issues/146/Mars/artifacts/readme-verify/section-03-w390.png","move","Issue169 CJ 승인: 버전 재배번 v0.4.7→v0.4.6 · Roblox v0.4.6→v0.5.0","0bab8f94f81bf3d5f402ebc5c7da47076dbe26fb"
"docs/milestone/v0.4.7/issues/146/Mars/artifacts/readme-verify/section-03.png","docs/milestone/v0.4.6/issues/146/Mars/artifacts/readme-verify/section-03.png","move","Issue169 CJ 승인: 버전 재배번 v0.4.7→v0.4.6 · Roblox v0.4.6→v0.5.0","1af3b05de9647e40a680797aa9267778b37f6055"
"docs/milestone/v0.4.7/issues/146/Mars/artifacts/readme-verify/section-04-w390.png","docs/milestone/v0.4.6/issues/146/Mars/artifacts/readme-verify/section-04-w390.png","move","Issue169 CJ 승인: 버전 재배번 v0.4.7→v0.4.6 · Roblox v0.4.6→v0.5.0","d81967dd4624965b0ec0996dca73dddcb7ce7e6c"
"docs/milestone/v0.4.7/issues/146/Mars/artifacts/readme-verify/section-04.png","docs/milestone/v0.4.6/issues/146/Mars/artifacts/readme-verify/section-04.png","move","Issue169 CJ 승인: 버전 재배번 v0.4.7→v0.4.6 · Roblox v0.4.6→v0.5.0","22ce39e471c68b289a31a7df512dae39db2f846b"
"docs/milestone/v0.4.7/issues/146/Mars/artifacts/readme-verify/section-05-w390.png","docs/milestone/v0.4.6/issues/146/Mars/artifacts/readme-verify/section-05-w390.png","move","Issue169 CJ 승인: 버전 재배번 v0.4.7→v0.4.6 · Roblox v0.4.6→v0.5.0","c68f2f7f2a8d1887ce64a38fafdaea952509bafe"
"docs/milestone/v0.4.7/issues/146/Mars/artifacts/readme-verify/section-05.png","docs/milestone/v0.4.6/issues/146/Mars/artifacts/readme-verify/section-05.png","move","Issue169 CJ 승인: 버전 재배번 v0.4.7→v0.4.6 · Roblox v0.4.6→v0.5.0","1295975d75ee8459b7bc84b0c0d9eb12bb5efd69"
"docs/milestone/v0.4.7/issues/146/Mars/artifacts/readme-verify/section-06-w390.png","docs/milestone/v0.4.6/issues/146/Mars/artifacts/readme-verify/section-06-w390.png","move","Issue169 CJ 승인: 버전 재배번 v0.4.7→v0.4.6 · Roblox v0.4.6→v0.5.0","967266d8434a73bab08ca6ce4282d39b6fa033f7"
"docs/milestone/v0.4.7/issues/146/Mars/artifacts/readme-verify/section-06.png","docs/milestone/v0.4.6/issues/146/Mars/artifacts/readme-verify/section-06.png","move","Issue169 CJ 승인: 버전 재배번 v0.4.7→v0.4.6 · Roblox v0.4.6→v0.5.0","77409311127c09c59185503e3020b79db44eb160"
"docs/milestone/v0.4.7/issues/146/Mars/artifacts/readme-verify/section-07-w390.png","docs/milestone/v0.4.6/issues/146/Mars/artifacts/readme-verify/section-07-w390.png","move","Issue169 CJ 승인: 버전 재배번 v0.4.7→v0.4.6 · Roblox v0.4.6→v0.5.0","eb644ffdda88b51cb6dbff5e29691ba6bf4ad4e1"
"docs/milestone/v0.4.7/issues/146/Mars/artifacts/readme-verify/section-07.png","docs/milestone/v0.4.6/issues/146/Mars/artifacts/readme-verify/section-07.png","move","Issue169 CJ 승인: 버전 재배번 v0.4.7→v0.4.6 · Roblox v0.4.6→v0.5.0","9a51463f3c91c6aa08a18e0e79b340f782dabae8"
"docs/milestone/v0.4.7/issues/146/Mars/artifacts/readme-verify/section-08-w390.png","docs/milestone/v0.4.6/issues/146/Mars/artifacts/readme-verify/section-08-w390.png","move","Issue169 CJ 승인: 버전 재배번 v0.4.7→v0.4.6 · Roblox v0.4.6→v0.5.0","50bb212da1f59bdde415d2fec0c53c4a74d71b71"
"docs/milestone/v0.4.7/issues/146/Mars/artifacts/readme-verify/section-08.png","docs/milestone/v0.4.6/issues/146/Mars/artifacts/readme-verify/section-08.png","move","Issue169 CJ 승인: 버전 재배번 v0.4.7→v0.4.6 · Roblox v0.4.6→v0.5.0","0ec750d2cb50924a89a0567bb42a4d3cbc1a191a"
"docs/milestone/v0.4.7/issues/146/Mars/artifacts/readme-verify/verify-report-w390.json","docs/milestone/v0.4.6/issues/146/Mars/artifacts/readme-verify/verify-report-w390.json","move","Issue169 CJ 승인: 버전 재배번 v0.4.7→v0.4.6 · Roblox v0.4.6→v0.5.0","31e5201aaaf00bbe74962ed9a6b4de1b3e9ebce6"
"docs/milestone/v0.4.7/issues/146/Mars/artifacts/readme-verify/verify-report.json","docs/milestone/v0.4.6/issues/146/Mars/artifacts/readme-verify/verify-report.json","move","Issue169 CJ 승인: 버전 재배번 v0.4.7→v0.4.6 · Roblox v0.4.6→v0.5.0","2f9f8f5c2517b217e94ce121b5bc4581509ca2c0"
"docs/milestone/v0.4.7/issues/146/Mars/artifacts/tutorial/tutorial-01.png","docs/milestone/v0.4.6/issues/146/Mars/artifacts/tutorial/tutorial-01.png","move","Issue169 CJ 승인: 버전 재배번 v0.4.7→v0.4.6 · Roblox v0.4.6→v0.5.0","95166bac3ab1d4d39660d44dee347cc1ea457a39"
"docs/milestone/v0.4.7/issues/146/Mars/artifacts/tutorial/tutorial-02.png","docs/milestone/v0.4.6/issues/146/Mars/artifacts/tutorial/tutorial-02.png","move","Issue169 CJ 승인: 버전 재배번 v0.4.7→v0.4.6 · Roblox v0.4.6→v0.5.0","c4a6290b24ee662c21a79bcea6e54a71c3f7f432"
"docs/milestone/v0.4.7/issues/146/Mars/artifacts/tutorial/tutorial-03.png","docs/milestone/v0.4.6/issues/146/Mars/artifacts/tutorial/tutorial-03.png","move","Issue169 CJ 승인: 버전 재배번 v0.4.7→v0.4.6 · Roblox v0.4.6→v0.5.0","823e6cfc580152aeb5d4c3ab72ee3bd9f143903e"
"docs/milestone/v0.4.7/issues/146/Mars/artifacts/tutorial/tutorial-04.png","docs/milestone/v0.4.6/issues/146/Mars/artifacts/tutorial/tutorial-04.png","move","Issue169 CJ 승인: 버전 재배번 v0.4.7→v0.4.6 · Roblox v0.4.6→v0.5.0","93931f2c8a6d9b9b13838061541de1fb5f5e057c"
"docs/milestone/v0.4.7/issues/146/Mars/artifacts/tutorial/tutorial-05.png","docs/milestone/v0.4.6/issues/146/Mars/artifacts/tutorial/tutorial-05.png","move","Issue169 CJ 승인: 버전 재배번 v0.4.7→v0.4.6 · Roblox v0.4.6→v0.5.0","2c8f76a9c547d21be9513f4538cb58ca890cd33f"
"docs/milestone/v0.4.7/issues/146/Mars/artifacts/tutorial/tutorial-06.png","docs/milestone/v0.4.6/issues/146/Mars/artifacts/tutorial/tutorial-06.png","move","Issue169 CJ 승인: 버전 재배번 v0.4.7→v0.4.6 · Roblox v0.4.6→v0.5.0","cd6813af86fb1668480dd45da293f2ebe1b75017"
"docs/milestone/v0.4.7/issues/146/Mars/artifacts/tutorial/tutorial-07.png","docs/milestone/v0.4.6/issues/146/Mars/artifacts/tutorial/tutorial-07.png","move","Issue169 CJ 승인: 버전 재배번 v0.4.7→v0.4.6 · Roblox v0.4.6→v0.5.0","b62527c51284e3bde64e030880fc57ba99ea56b1"
"docs/milestone/v0.4.7/issues/146/Mars/artifacts/tutorial/tutorial-08.png","docs/milestone/v0.4.6/issues/146/Mars/artifacts/tutorial/tutorial-08.png","move","Issue169 CJ 승인: 버전 재배번 v0.4.7→v0.4.6 · Roblox v0.4.6→v0.5.0","457fb2e974055ccfa7a06d9528cb1d62cf2c093c"
"docs/milestone/v0.4.7/issues/146/Mars/artifacts/tutorial/tutorial-09.png","docs/milestone/v0.4.6/issues/146/Mars/artifacts/tutorial/tutorial-09.png","move","Issue169 CJ 승인: 버전 재배번 v0.4.7→v0.4.6 · Roblox v0.4.6→v0.5.0","75c45d28cab2cdd14a3b9bd2cfdbbb0edd67944e"
"docs/milestone/v0.4.7/issues/146/Mars/artifacts/tutorial/tutorial-10.png","docs/milestone/v0.4.6/issues/146/Mars/artifacts/tutorial/tutorial-10.png","move","Issue169 CJ 승인: 버전 재배번 v0.4.7→v0.4.6 · Roblox v0.4.6→v0.5.0","5692a52589425e2fbb6fbbeb54a0c41546163355"
"docs/milestone/v0.4.7/issues/146/Mars/report.md","docs/milestone/v0.4.6/issues/146/Mars/report.md","move","Issue169 CJ 승인: 버전 재배번 v0.4.7→v0.4.6 · Roblox v0.4.6→v0.5.0","9b38b3a549a023e73c0fb2e5c9c6beedd9ae5ddc"
"docs/milestone/v0.4.7/issues/146/Mercury/report.md","docs/milestone/v0.4.6/issues/146/Mercury/report.md","move","Issue169 CJ 승인: 버전 재배번 v0.4.7→v0.4.6 · Roblox v0.4.6→v0.5.0","712dd5fa2eeb1c46a4fdf502742b66478ab3266c"
"docs/milestone/v0.4.7/issues/146/Saturn/core-review.md","docs/milestone/v0.4.6/issues/146/Saturn/core-review.md","move","Issue169 CJ 승인: 버전 재배번 v0.4.7→v0.4.6 · Roblox v0.4.6→v0.5.0","67bba53ed51ca3a8388018cf82104ed7d5fda9eb"
"docs/milestone/v0.4.7/issues/146/Saturn/delivery-delta.md","docs/milestone/v0.4.6/issues/146/Saturn/delivery-delta.md","move","Issue169 CJ 승인: 버전 재배번 v0.4.7→v0.4.6 · Roblox v0.4.6→v0.5.0","7d6d20375cb965ec3175563a60210b9aea3bd433"
"docs/milestone/v0.4.7/issues/146/Saturn/delivery-review.md","docs/milestone/v0.4.6/issues/146/Saturn/delivery-review.md","move","Issue169 CJ 승인: 버전 재배번 v0.4.7→v0.4.6 · Roblox v0.4.6→v0.5.0","dacf6baaf1ca6147eb23e86a1fbf3dee7ab366d4"
"docs/milestone/v0.4.7/issues/146/Saturn/initial-review.md","docs/milestone/v0.4.6/issues/146/Saturn/initial-review.md","move","Issue169 CJ 승인: 버전 재배번 v0.4.7→v0.4.6 · Roblox v0.4.6→v0.5.0","f94e143be47c6a4ef4673778a460463fe9df63df"
"docs/milestone/v0.4.7/issues/146/Venus/docs-report.md","docs/milestone/v0.4.6/issues/146/Venus/docs-report.md","move","Issue169 CJ 승인: 버전 재배번 v0.4.7→v0.4.6 · Roblox v0.4.6→v0.5.0","a017801ac2b6e8fb6046c29c4c60adfa4d44ad4a"
"docs/milestone/v0.4.7/issues/146/Venus/gameplay-spec.md","docs/milestone/v0.4.6/issues/146/Venus/gameplay-spec.md","move","Issue169 CJ 승인: 버전 재배번 v0.4.7→v0.4.6 · Roblox v0.4.6→v0.5.0","76dbb70df546c92953fac8ab26ed7614715a99b2"
"docs/releases/v0.4.7.md","docs/releases/v0.4.6.md","move","Issue169 CJ 승인: 버전 재배번 v0.4.7→v0.4.6 · Roblox v0.4.6→v0.5.0","d385ea8a8abfd8897fcc19a385a65ba778a80ce4"
"tools/milestone/v0.4.7/issues/122/back_dark_shots.js","tools/milestone/v0.4.6/issues/122/back_dark_shots.js","move","Issue169 CJ 승인: 버전 재배번 v0.4.7→v0.4.6 · Roblox v0.4.6→v0.5.0","70314051fde3b56bcde2c143b354ae03ae5f5da7"
